URLs,H1 Tags,Meta Title,Meta Descriptions,Meta Keywords,Footer Text
/valentines-day/gifts-to-agra, Valentines Day Gifts To Agra, Valentines Day Gifts To Agra, Valentines Day Gifts To Agra, Valentines Day Gifts To Agra,
/valentines-day/gifts-to-ahmedabad, Valentines Day Gifts To Ahmedabad, Valentines Day Gifts To Ahmedabad, Valentines Day Gifts To Ahmedabad, Valentines Day Gifts To Ahmedabad,
/valentines-day/gifts-to-allahabad, Valentines Day Gifts To Allahabad, Valentines Day Gifts To Allahabad, Valentines Day Gifts To Allahabad, Valentines Day Gifts To Allahabad,
/valentines-day/gifts-to-amritsar, Valentines Day Gifts To Amritsar, Valentines Day Gifts To Amritsar, Valentines Day Gifts To Amritsar, Valentines Day Gifts To Amritsar,
/valentines-day/gifts-to-bangalore, Valentines Day Gifts To Bangalore, Valentines Day Gifts To Bangalore, Valentines Day Gifts To Bangalore, Valentines Day Gifts To Bangalore,
/valentines-day/gifts-to-vadodara, Valentines Day Gifts To Vadodara, Valentines Day Gifts To Vadodara, Valentines Day Gifts To Vadodara, Valentines Day Gifts To Vadodara,
/valentines-day/gifts-to-bhopal, Valentines Day Gifts To Bhopal, Valentines Day Gifts To Bhopal, Valentines Day Gifts To Bhopal, Valentines Day Gifts To Bhopal,
/valentines-day/gifts-to-chandigarh, Valentines Day Gifts To Chandigarh, Valentines Day Gifts To Chandigarh, Valentines Day Gifts To Chandigarh, Valentines Day Gifts To Chandigarh,
/valentines-day/gifts-to-chennai, Valentines Day Gifts To Chennai, Valentines Day Gifts To Chennai, Valentines Day Gifts To Chennai, Valentines Day Gifts To Chennai,
/valentines-day/gifts-to-coimbatore, Valentines Day Gifts To Coimbatore, Valentines Day Gifts To Coimbatore, Valentines Day Gifts To Coimbatore, Valentines Day Gifts To Coimbatore,
/valentines-day/gifts-to-dehradun, Valentines Day Gifts To Dehradun, Valentines Day Gifts To Dehradun, Valentines Day Gifts To Dehradun, Valentines Day Gifts To Dehradun,
/valentines-day/gifts-to-delhi, Valentines Day Gifts To Delhi, Valentines Day Gifts To Delhi, Valentines Day Gifts To Delhi, Valentines Day Gifts To Delhi,
/valentines-day/gifts-to-faridabad, Valentines Day Gifts To Faridabad, Valentines Day Gifts To Faridabad, Valentines Day Gifts To Faridabad, Valentines Day Gifts To Faridabad,
/valentines-day/gifts-to-ghaziabad, Valentines Day Gifts To Ghaziabad, Valentines Day Gifts To Ghaziabad, Valentines Day Gifts To Ghaziabad, Valentines Day Gifts To Ghaziabad,
/valentines-day/gifts-to-gurgaon, Valentines Day Gifts To Gurgaon, Valentines Day Gifts To Gurgaon, Valentines Day Gifts To Gurgaon, Valentines Day Gifts To Gurgaon,
/valentines-day/gifts-to-hyderabad, Valentines Day Gifts To Hyderabad, Valentines Day Gifts To Hyderabad, Valentines Day Gifts To Hyderabad, Valentines Day Gifts To Hyderabad,
/valentines-day/gifts-to-indore, Valentines Day Gifts To Indore, Valentines Day Gifts To Indore, Valentines Day Gifts To Indore, Valentines Day Gifts To Indore,
/valentines-day/gifts-to-jaipur, Valentines Day Gifts To Jaipur, Valentines Day Gifts To Jaipur, Valentines Day Gifts To Jaipur, Valentines Day Gifts To Jaipur,
/valentines-day/gifts-to-kanpur, Valentines Day Gifts To Kanpur, Valentines Day Gifts To Kanpur, Valentines Day Gifts To Kanpur, Valentines Day Gifts To Kanpur,
/valentines-day/gifts-to-kolkata, Valentines Day Gifts To Kolkata, Valentines Day Gifts To Kolkata, Valentines Day Gifts To Kolkata, Valentines Day Gifts To Kolkata,
/valentines-day/gifts-to-lucknow, Valentines Day Gifts To Lucknow, Valentines Day Gifts To Lucknow, Valentines Day Gifts To Lucknow, Valentines Day Gifts To Lucknow,
/valentines-day/gifts-to-ludhiana, Valentines Day Gifts To Ludhiana, Valentines Day Gifts To Ludhiana, Valentines Day Gifts To Ludhiana, Valentines Day Gifts To Ludhiana,
/valentines-day/gifts-to-mumbai, Valentines Day Gifts To Mumbai, Valentines Day Gifts To Mumbai, Valentines Day Gifts To Mumbai, Valentines Day Gifts To Mumbai,
/valentines-day/gifts-to-nagpur, Valentines Day Gifts To Nagpur, Valentines Day Gifts To Nagpur, Valentines Day Gifts To Nagpur, Valentines Day Gifts To Nagpur,
/valentines-day/gifts-to-noida, Valentines Day Gifts To Noida, Valentines Day Gifts To Noida, Valentines Day Gifts To Noida, Valentines Day Gifts To Noida,
/valentines-day/gifts-to-patna, Valentines Day Gifts To Patna, Valentines Day Gifts To Patna, Valentines Day Gifts To Patna, Valentines Day Gifts To Patna,
/valentines-day/gifts-to-pune, Valentines Day Gifts To Pune, Valentines Day Gifts To Pune, Valentines Day Gifts To Pune, Valentines Day Gifts To Pune,
