URLs,H1 Tags,Meta Title,Meta Descriptions,Meta Keywords,Footer Text,Footer Text
/diwali/personalized-gifts,Diwali Personalized Gifts Online,Diwali Personalized Gifts - Buy & Send Personalised Gifts for Diwali Online,Buy / Send Diwali Personalized Gifts to India from Bookmyflowers.com. Order Online Personalised Gifts for Diwali Delivery in India. ✓ Free Shipping in India ✓ Best Price,"Diwali Personalized Gifts, Personalised Gifts for Diwali, Customized Diwali Gifts, personalized diwali gift ideas, personalized diwali gifts for parents, Diwali Personalized Gifts, ",,
/diwali/gifts-for-boyfriend,Diwali Gifts for Boyfriend Online,Diwali Gifts for Boyfriend - Buy & Send Diwali Presents for Boyfriend to India,Buy / Send Diwali Gifts for Boyfriend to India Online. Order Online Diwali Presents for Boyfriend Delivery in India from Bookmyflowers.com. ✓ Free Shipping in India ✓ Best Price,"diwali gifts for boyfriend, Diwali Presents for Boyfriend, diwali gifts ideas for boyfriend, Romantic Diwali Gifts For Boyfriend, Best Diwali Gifts For Him, Diwali Gift for Men",,
/diwali/gifts-for-girlfriend,Diwali Gifts for Girlfriend Online,Diwali Gifts for Girlfriend - Buy & Send Diwali Presents for Girlfriend to India,Buy / Send Diwali Gifts for Girlfriend to India Online. Order Online Diwali Presents for Girlfriend Delivery in India from Bookmyflowers.com. ✓ Free Shipping in India ✓ Best Price,"Best diwali gifts for girlfriend, Diwali Presents for Girlfriend, diwali gifts ideas for Girlfriend, Romantic Diwali Gifts For Girlfriend, Best Diwali Gifts For Her, Diwali Gift for Women",,
/diwali/gifts-for-father,Best Diwali Gifts for Father,Diwali Gifts for Father - Buy & Send Diwali Gifts for Dad Online in India,Buy / Send Diwali Gifts for Father Online to India. Order Online Diwali Gifts for Dad Delivery in India from Bookmyflowers.com. ✓ Free Shipping in India ✓ Best Price,"Diwali Gifts for Father, Diwali Gifts for Dad, diwali gift ideas for father, Diwali gift for father in law",,
/diwali/gifts-for-mother,Best Diwali Gifts for Mother,Diwali Gifts for Mother - Buy & Send Diwali Gifts for Mom Online in India,Buy / Send Diwali Gifts for Mother Online to India. Order Online Diwali Gifts for Mom Delivery in India from Bookmyflowers.com. ✓ Free Shipping in India ✓ Best Price,"Diwali Gifts for Mother, Diwali Gifts for Mom, diwali gift ideas for Mother, Diwali gift for Mother in law ",,
/diwali/gifts-for-brother,Best Diwali Gifts for Brother,Diwali Gifts for Brother - Buy & Send Diwali Presents for Brother Online,Buy / Send Diwali Gifts for Brother Online in India. Order Online Diwali Presents for Brother Delivery in India from Bookmyflowers.com. ✓ Free Shipping in India ✓ Best Price,"diwali gifts for brother, Diwali Presents for Brother, Diwali Gift Ideas for Brothers, Diwali Gifts For Brother In Law Online",,
/diwali/gifts-for-sister,Best Diwali Gifts for Sister,Diwali Gifts for Sister - Buy & Send Diwali Presents for Sister Online,Buy / Send Diwali Gifts for Sister Online in India. Order Online Diwali Presents for Sister Delivery in India from Bookmyflowers.com. ✓ Free Shipping in India ✓ Best Price,"diwali gifts for Sister, Diwali Presents for Sister, Diwali Gift Ideas for Sisters, Diwali Gifts For Sister In Law Online",,
/diwali/gifts-to-gurgaon,Send Diwali Gifts to Gurgaon Online,Send Diwali Gifts to Gurgaon - Online Diwali Gift Delivery in Gurgaon | Bookmyflowers,Buy / Send Diwali Gifts to Gurgaon Online from Bookmyflowers.com. Order Online Diwali Sweets & Gift Delivery in Gurgaon. ✓ Free Shipping in India ✓ Same Day Delivery,"Send Diwali Gifts to Gurgaon, Online Diwali Gift Delivery in Gurgaon, Send Diwali Sweets to Gurgaon, Send Diwali Presents to Gurgaon",,
/diwali/gifts-to-jaipur,Send Diwali Gifts to Jaipur Online,Send Diwali Gifts to Jaipur - Online Diwali Gift Delivery in Jaipur | Bookmyflowers,Buy / Send Diwali Gifts to Jaipur Online from Bookmyflowers.com. Order Online Diwali Sweets & Gift Delivery in Jaipur. ✓ Free Shipping in India ✓ Same Day Delivery,"Send Diwali Gifts to Jaipur, Online Diwali Gift Delivery in Jaipur, Send Diwali Sweets to Jaipur, Send Diwali Presents to Jaipur",,
