URLs,H1 Tags,Meta Title,Meta Descriptions,Meta Keywords,Footer Text,
/cakes-to-bangalore,Send Cakes to Bangalore Online,Send Cakes to Bangalore - Online Cake Delivery in Bangalore | Bookmyflowers.com,"Send Cakes to Bangalore Online from Bookmyflowers.com. Order Online Cake Delivery in Bangalore, Cake Shops in Bangalore. ✓ Free Shipping in India ✓ Same Day Delivery","Online Order Cake in Bangalore, Order Cake in Bangalore, Online Order Cake, Bangalore Online Order Cake, Send Cakes to Bangalore, Online Cake Delivery in Bangalore, Cake Shops in Bangalore","<h2>Book Online Delivery of Cakes to Bangalore and Celebrate in Style</h2>
<p>It is always good to celebrate the sweet things in life with delicious cakes meant for different occasions. Cakes come up as sweet treats that are surely appealing to the taste buds of every individual. Send cakes to Bangalore and offer that little bite of heaven to your relatives and friends living in Bangalore. You can remain sure that this sweet gesture on your end will be cherished by your loved ones forever. There are several online cake stores and gifting stores that deal with same day cake delivery in Bangalore. You can even use the services of these online shopping portals for <a href=""/cakes-to-chennai"">online cake delivery in Chennai</a>. So, if distance is a problem for you, do not worry at all. This is because you have got the <a href=""/cakes"">online cake delivery</a> option and the stores in this field offer impeccable delivery services. Simply choose the cakes that suit your preferences and you are way to go.</p>
<h2>Order Special Cakes Online in Bangalore</h2>
<p>Cakes can easily be bought online for celebrating almost any occasion. There are different varieties of delectable cakes available at the online stores. Online cake delivery in Bangalore would be the best option for you to send sumptuous and lips-smacking cakes in different flavors to your loved ones living in Bangalore. This way you do not remain away from celebrating special occasions even while living far away from Bangalore in some other state or country. Not only cakes, but you can even go for <a href=""/flowers-to-bangalore"">online flower delivery in Bangalore</a>. This will help you in adding a touch of color and fragrance to your special gift. Choose flowers that appeal to the emotions and the feelings of your loved ones and get them delivered along with cakes. Order cakes for Bangalore online and experience the difference that you can make in the life of your loved one.</p>
<h2>Exceptional Cake Delivery Services Available at Bookmyflowers</h2>
<p>If you do not have any idea about cake shops in Bangalore, bookmyflowers.com comes as the best option for you. We make it easy and convenient for you to send cakes in Bangalore online without going through any hassle. We also help you <a href=""/gifts-to-bangalore"">send gifts to Bangalore</a> by giving you the option of going through our <a href=""/gifts"">exclusive collection of gifts</a> meant for all occasions and all relations. Bookmyflowers.com is the one and the only online store that you can trust when it comes to showering your loved ones with the best gifts and the best cakes. We feature a complete range of delicious and exquisite cakes to be delivered online to Bangalore. Not just Bangalore, but our online delivery services are available for almost all states in India and even abroad.</p>
<h2>Best Cakes in Bangalore Online </h2> <p> Your friend has recently shifted to Bangalore and she is badly missing her best friend on her Birthday. Under such circumstances you have no option but to look for a way out which can surprise her on her Birthday and so you start looking for an online cake delivery in Bangalore. At Bookmyflowers we have the best flavors to choose from and almost every cake has been baked to perfection so that the moment your dear ones savor it tastes, it is surely going to recycle some good old memories of your friendship.</p></br> <p> With  Bookmyflowers we have cakes for almost all the occasion be it Birthday, Anniversary, Wedding, Mother's day and many more to list down. It is your friend's Birthday and we would like to ensure that we have just the right flavor birthday cake which your friend will fall in love with starting from Chocolate to Butterscotch to Vanilla to our signature special like Photo cakes, <a href=""/designer-cakes"">Designer Cakes</a> and Cheese Cakes.</p> </br><p> We also ensure a timely delivery of all the cakes not only in Bangalore but in all the cities across. The cakes that are available with us are as fresh as they have been specially baked just for your dear ones.You wanna taste our Bangalore special cakes order it now!</p>", 
/cakes-to-chandigarh,Send Cakes to Chandigarh Online,Send Cakes to Chandigarh - Online Cake Delivery in Chandigarh | Bookmyflowers.com,"Send Cakes to Chandigarh Online from Bookmyflowers.com. Order Online Cake Delivery in Chandigarh, Cake Shops in Chandigarh. ✓ Free Shipping in India ✓ Same Day Delivery","Online Order Cake in Chandigarh, Order Cake in Chandigarh, Online Order Cake, Chandigarh Online Order Cake, Send Cakes to Chandigarh, Online Cake Delivery in Chandigarh, Cake Shops in Chandigarh","<h2>Hand-Crafted and Delicious Cakes to Chandigarh</h2> 
<p>Every occasion is memorable be it a birthday or a wedding or an anniversary. Whether your preference is simple yet delectable black forest, butterscotch, fruit cake, designer cake or <a href=""/chocolate-cakes"">chocolate cake</a>, use the cake collection at the online stores to send cakes to Chandigarh. If you like the way cakes look then definitely you will love the way they taste. Thus, always make your choice by having a close look at the design of the cakes. Cakes that are designed very well are sure to taste like heaven. When you choose the online gifting portals for <a href=""/cakes-to-delhi"">online cake delivery in Delhi</a>, you can remain assured of one thing that is on-time delivery of sumptuous cakes. There are cakes made using top quality ingredients. One thing that is noteworthy in this category is that the most delicious and the most eye-catching designer cakes are available within an affordable range. So, this is the icing on the cake, right?</p>
<h2>Your Special Celebrations Deserve those Special Cakes</h2>
<p>On the online gifting portals, you can remain assured of finding an unlimited collection of cakes in different designs. Send cakes in Chandigarh online along with messages that can easily be personalized for creating an exclusive centre piece for any occasion, big or small. You can order cakes for Chandigarh online by getting in touch with any of the online gifting portals that are known for delivering delectable cakes in different flavors to different parts of India and even abroad. Not only online cake delivery in Chandigarh is possible with the use of online services but even <a href=""/flowers-to-chandigarh"">online flower delivery in Chandigarh</a>. The only thing that you need to do is make your choice from a huge selection of flowers meant to be sent to near and dear ones in Chandigarh. The online stores have this unique capability of customizing floral arrangements and cakes as per the requirements and the preferences of their customers.</p>
<h2>Send Cakes to National and International Destinations with Bookmyflowers</h2>
<p>Same Day Cake Delivery in Chandigarh has become easier with bookmyflowers.com. If you are looking to <a href=""/gifts-to-chandigarh"">send gifts to Chandigarh</a>, we will help you do so in style. We have a complete selection of flowers and cakes that can be delivered as combo gifts and that too without spending a huge amount of money. Of all the cake shops in Chandigarh, we are the one that rank high in the priority list of customers looking for the best cakes to be delivered online. With our on-time and impeccable services in the field of cake delivery, you can remain assured of quick delivery of cakes and other items to desired destinations. We not only deal in cake and <a href=""/gifts"">gifts delivery</a> to national destinations but even international destinations.</p>
<h2>Online cake delivery in Chandigarh</h2><p>If Sukhna Lake is what makes Chandigarh look beautiful then our series of online Chandigarh Special Cake is what make an occasion look beautiful. Send our <a href=""/cakes"">special cakes online</a> with Bookmyflowers online cake delivery in Chandigarh city so that your dear ones can feel loved no matter whatever is the occasion. It can be a casual get together or a Birthday Party or an Anniversary Party. We have everything that it takes to celebrate the occasion and make it a memorable one for your friend, family or relative.</p> </br><p>Our online Chandigarh special cakes are available in different flavors be it Chocolate, strawberry or Butterscotch with an extra bonanza of delight that there are both Egg and Eggless cakes available with us. If you want you can also get an <a href=""/photo-cakes"">online delivery of Photo Cakes</a> in Chandigarh city which come under our Special Cakes category. All these online Chandigarh cakes are made up of high quality ingredients to make it the best cake your dear ones would have ever had.</p><h2>Best Cake Delhivery in Chandigarh Online</h2 ><p>If you are looking for cake shops in Chandigarh to book your cake order than try our online cake delivery in Chandigarh. At Bookmyflowers online store you can find cake for birthday, anniversary or any other occasion. With our midnight cake delivery in Chandigarh online you can surprise your loved ones on their birthday. All our online cakes in Chandigarh are available in 1/2 kg, 1 kg, 2 kg weight in different shapes.</p>", 
/cakes-to-chennai,Send Cakes to Chennai Online,Send Cakes to Chennai - Online Cake Delivery in Chennai | Bookmyflowers.com,"Send Cakes to Chennai Online from Bookmyflowers.com. Order Online Cake Delivery in Chennai, Cake Shops in Chennai. ✓ Free Shipping in India ✓ Same Day Delivery","Online Order Cake in Chennai, Order Cake in Chennai, Online Order Cake, Chennai Online Order Cake, Send Cakes to Chennai, Online Cake Delivery in Chennai, Cake Shops in Chennai","<h2>Make Special Occasions Even More Special by Online Delivery of Cakes to Chennai</h2>
<p>Love is your cake if romance is the icing. If you have your loved one staying in Chennai then you can send cakes to Chennai and surprise your loved one on his special day. You have a huge collection to choose from starting from traditional chocolate cakes to the more authentic designs and flavors that would suit the taste buds of your near and dear ones in Chennai. When you stay miles away from your near and dear ones, you can choose to delight them with <a href=""/cakes-to-hyderabad"">online cake delivery in Hyderabad</a>. There are online portals that will help you with same day cake delivery in Chennai, while offering you a range of options in terms of cakes. As customers, you get the option of choosing and ordering online butterscotch, chocolate cakes, red velvet cakes, vanilla cakes and cakes in other flavors as well. There is an exclusive variety of cakes available online for every special occasion. The cakes that you get online will surely delight your loved ones.</p>
<h2>Timely Delivery of Cakes for a Grand Celebration</h2>
<p>The online delivery services or the online gifting portals extend their reach to almost all cities in India and even abroad. This is the reason why it is quite easy for you to send cakes in Chennai online without having to go through much hassle. Online cake delivery in Chennai has been made easy with the availability of online portals that excel in the field of offering cakes of all varieties. The best thing about these online portals is that they offer timely delivery of cakes throughout Chennai and even in other parts of India. Another great thing about getting the services of these online portals is that they are quite versatile. This is because they not only provide cake delivery services, but even <a href=""/"">gift and flower delivery services</a>. Thus, <a href=""/flowers-to-chennai"">online flower delivery in Chennai</a> would not be a headache for you if you choose the services of the online portals.</p>
<h2>Celebrate Lavish Get-Togethers with Cakes from Bookmyflowers</h2>
<p>Cakes serve as one of the most popular desserts in the world. They help in decorating our happy moments. Order cakes for Chennai online at bookmyflowers.com and spend lovely time with your loved ones in Chennai. Our portal is packed with options that will help you in ordering the most delectable cakes that go a long way in leaving the recipients wanting for more. There are a large number of cake shops in Chennai but there is not a single shop that delivers services as good as bookmyflowers.com. We are the name that you can trust when it comes to sending cakes, flowers and gifts to Chennai without any delay. Use our online portal to <a href=""/gifts-to-chennai"">send gifts to Chennai</a> as we have a huge plethora of gifts meant to be sent to near and dear ones. The gifts that we deal in are sure to match the personality and the preferences of your loved ones.</p>
<h2>Online Cake Delivery in Chennai</h2> <p> When you are tied up in a hectic schedule and it becomes almost impossible for you to steal a minute from you time frame. It is your Anniversary and you are sure that you will not be able to make it on time; your wife might be puffed with anger at the thought that you might have forgotten your Anniversary. To save you from such an ordeal we have an <strong>online cake delivery in Chennai</strong>. With Bookmyflowers you get to choose the <strong>best cakes in Chennai</strong> for all the occasions and you can also order and <a href=""/cakes"">send cakes online</a> in Chennai with our online delivery service. Our bakers are known to bake the cake with an unmatched sweetness and love so that it tastes just perfect.</p><br> <p>We have cakes for occasions like <a href=""/valentines-day/gifts"">Valentine's Day</a>, Birthday, Wedding , Mother's Day and Father's Day just to name a few. The flavors also range from your personal favorite like Chocolate, Butterscotch, Vanilla and the exotic ones too like Red Velvet Cake and other Cheese Cakes which is surely tingle your taste buds and will make you crave for it more and more.With Bookmyflowers online cake delivery in Chennai is possible at a lightning speed. We know that your loved one means more than just an occasion.</p>", 
/cakes-to-delhi,Send Cakes to Delhi Online,Send Cakes to Delhi - Online Cake Delivery in Delhi | Bookmyflowers.com,"Send Cakes to Delhi Online from Bookmyflowers.com. Order Online Cake Delivery in Delhi, Cake Shops in Delhi. ✓ Free Shipping in India ✓ Same Day Delivery","Online Order Cake in Delhi, Order Cake in Delhi, Online Order Cake, Delhi Online Order Cake, Send Cakes to Delhi, Online Cake Delivery in Delhi, Cake Shops in Delhi","<h2>Sugary Cakes and Delicious Sweets that can be sent to Delhi</h2>
<p>Special occasions and celebrations always call for something sweet all over our country. Whether you are celebrating someone’s birthday, anniversary, achievement or even engagement, a cake is definitely the centrepiece that stuns you and your guests alike by adding charm to your party. It is also worthwhile to note that a good looking cake cannot work wonders until it tastes equally yummy too. So if you are looking to send cakes to Delhi which not only look good, but taste great too, then you are in for the perfect ride with us! Find a wide range of mouth-watering cakes for every reason, occasion or celebration that is coming up. Delivering to all major metro cities, our website helps you out with <a href=""/cakes-to-mumbai"">online cake delivery in Mumbai</a>, Delhi, Kolkata, Chennai, Bangalore or Hyderabad. Talk about a wide delivery network! So forget your woes of going to the bakery to select cakes from the same old designs and flavours and send cakes in Delhi online with our help.</p>
<h2>Unique Cakes for Unique People</h2>
<p>Every person is different and while the ways of celebration of a certain event may be standard and common for most of us, the gifts that we expect to receive largely depend on our preferences and tastes, as they do for most of us around us. Satiate all these different needs of different people with our unique collection of cakes that can assist you with online cake delivery in Delhi. Our collection includes chocolaty truffle cakes, fresh fruit cakes, staggering red velvet cakes, enchanting cheesecakes and rich butterscotch cakes. If “FRESH” is the theme of your party, then nothing is better than a bunch of the best hand-picked flowers that are fragrant and vibrant! Simplify your shopping experience to choose from both seasonal and non-seasonal flowers that can be sent to your loved ones in India via our services of <a href=""/flowers-to-delhi"">online flower delivery in Delhi</a>.</p>
<h2>Midnight Cake Delivery in Delhi with Bookmyflowers</h2>
<p>Live far away from them but still remember the times you reached exactly at midnight to surprise your friends on their birthdays? Relive those memories in a convenient way with our midnight delivery service that lets you <a href=""/"">send flowers</a>, gifts and cake exactly at midnight for the ultimate surprise! While cake shops in Delhi might be abundant, they’re of no use to you if you live outside India, far away from your loved ones. So pack, wrap and deliver your love from your computing or mobile device, all across geographical miles, boundaries and borders. <a href=""/gifts-to-delhi"">Send gifts to Delhi</a> and give all your special people a warm hug of love with bookmyflowers.com. We are here to cater to all your needs.</p>
<h2>Order Delhi NCR Special Cakes online</h2><p>Delhi has been blessed with extreme of temperatures; extreme summer, winter and monsoons. So it becomes way too tough for anybody to be a part of any occasion. You dear ones start feeling that the love between both of you has started fading out. Tell them that you love them and will not let them go at any cost by getting a <a href=""/cakes"">surprise cake delivery</a> done online in Delhi NCR area. All our cakes are handmade with love so that your dear ones are able to feel it when the savor it. </p> </br> <p>With Bookmyflowers you can have a wide array of cakes to order from and you can pick just the right flavor which is your dear ones favorite. No matter where you are Bangalore, Chennai or Mumbai or Delhi NCR sending cakes have now become easier with Bookmyflowers which has both your usual favorites like Chocolate, Butterscotch and Pineapple and our signature special like Designer and <a href=""/photo-cakes"">Photo Cakes</a> adding a our own specialty which is surely going to make her feel quite excited.</p></br><p>The online cake delivery in Delhi service of Bookmyflowers also ensures a timely delivery of our cakes to your and dear ones so that they feel happy and loved. We have cakes for almost all the occasion be it Birthday, Anniversary, Wedding, Valentine's Day and many more to list. Order now to get online cake delivery in Delhi ncr region.</p>", 
/cakes-to-gurgaon,Send Cakes to Gurgaon Online,Send Cakes to Gurgaon - Online Cake Delivery in Gurgaon | Bookmyflowers.com,"Send Cakes to Gurgaon Online from Bookmyflowers.com. Order Online Cake Delivery in Gurgaon, Cake Shops in Gurgaon. ✓ Free Shipping in India ✓ Same Day Delivery","Online Order Cake in Gurgaon, Order Cake in Gurgaon, Online Order Cake, Gurgaon Online Order Cake, Send Cakes to Gurgaon, Online Cake Delivery in Gurgaon, Cake Shops in Gurgaon","<h2>Send cakes to Gurgaon and Make Special Occasions Last Forever</h2>
<p>Creamy, tasty and gooey, cakes are one of the quintessential elements of any celebration or special occasion that one cannot do without. Be it a theme party or a classic one, a cake cannot be eliminated from either of them and is a sure-shot way of winning hearts. You have an opportunity of sending sweet love to your near and dear ones in India only with our website. Send cakes to Gurgaon to all the special people you left behind there as you progressed in life to go elsewhere for study or work purposes. With the advent of the festive season in India starting from August, you know you can never really go wrong with cakes even on festivals like Raksha Bandhan, Diwali or Christmas. If you want a wide variety of options right at one place from the comfort of your home, then you have definitely clicked the right buttons by coming to us! Get <a href=""/cakes-to-faridabad"">online cake delivery in Faridabad</a> at the fastest speed and at the most affordable prices, only with our services.</p>
<h2>Same Day Cake Delivery in Gurgaon and Nearby Regions</h2>
<p>Are you bad at remembering birthdays, anniversaries or special occasions? Did you slip up on planning for the perfect gift for an upcoming event? Is it too late to deliver your gift on time now? Forget all these questions and leave the worries behind with our speedy delivery services that help you with online cake delivery in Gurgaon and nearby areas on the same day! So do not restrict yourself just because you might be late and go all out there to surprise your loved ones right on time! Combine these succulent cakes with fresh flowers like orchids, roses, tulips or carnations and send them to the special ladies of your life to add fragrance and sunshine to their days. Our <a href=""/flowers-to-gurgaon"">online flower delivery in Gurgaon</a> helps you to do just that!</p>
<h2>Bookmyflowers – One Stop for All your Gifting Needs</h2>
<p>Living away from loved ones does not mean that you should compromise on any opportunity of making them feel important to you, especially on their special days. Order cakes for Gurgaon online and rely on us to send your love and warm greetings to mark the beginning of any special occasion or moment. Once you <a href=""/cakes"">order cakes for your loved ones</a> and experience the amazing services of bookmyflowers.com, you will forget all the cake shops in Gurgaon that you have been swearing by since all these years. Revolutionize the way you <a href=""/gifts"">shop for gifts</a>, cakes or flowers for your loved ones and <a href=""/gifts-to-gurgaon"">send gifts to Gurgaon</a> online for a blast of a shopping experience!  Experience the magic today.</p>
<h2>Online Cake Delivery in Gurgaon</h2><p>You might have seen the usual circle and square cake but at Bookmyflowers Gurgaon special online cake will be delighting you with Barbies and two tier cakes. With Bookmyflowers you can get online cake delivery in Gurgaon city for any kind of celebration. If you have a dear one putting up in Gurgaon and it becomes impossible for you to beat the traffic and make it to his/her most important occasion get online delivery of our Gurgaon Special Cake which can make them feel that distance can't fade the love that you have for her. The taste and the preference of the people of Gurgaon are kept in mind while baking the finest cake.</p> </br><p>You can also choose to have our very special Photo Cakes which can absolutely sweep your loved one off their feet.  You can <a href=""/eggless-cakes"">send eggless cakes</a> to your loved ones depending on their choice. All the world class ingredients are used to bake this cake so that only the best quality cakes can be delivered to your loved ones living in Gurgaon. We ensure a timely delivery of all these online cakes in Gurgaon be it at a time specified by you or midnight delivery. So book your order now four our finest cake and get online cake delivery in Gurgaon at comfort of your home</p>", 
/cakes-to-hyderabad,Send Cakes to Hyderabad Online,Send Cakes to Hyderabad - Online Cake Delivery in Hyderabad | Bookmyflowers.com,"Send Cakes to Hyderabad Online from Bookmyflowers.com. Order Online Cake Delivery in Hyderabad, Cake Shops in Hyderabad. ✓ Free Shipping in India ✓ Same Day Delivery","Online Order Cake in Hyderabad, Order Cake in Hyderabad, Online Order Cake, Hyderabad Online Order Cake, Send Cakes to Hyderabad, Online Cake Delivery in Hyderabad, Cake Shops in Hyderabad","<h2>Include a Wide Variety of Cakes to Celebrations with Amazing Cakes That Can Be Sent to Hyderabad</h2>
<p>Cakes, without a doubt, bring cheer and marvellous joy to any ordinary day and important occasions. Simple <a href=""/chocolate-cakes"">chocolate cakes</a> are passe and everyone is constantly on the lookout for something extra-ordinary and breath-taking. If you are looking to send cakes to Hyderabad, that are excellent, unique and delicious, then we are here to help. Choose from a wide range of cakes to impress little kids on their birthdays or your parents on their anniversaries. Our widely established network of operations helps you with <a href=""/cakes-to-bangalore"">online cake delivery in Bangalore</a> or any other such major city or town in India. We even host a vast range of eggless cakes to please all the vegetarian or vegan sweet-lovers of your life without any guilt or trauma.</p> 
<h2>Sweet Pieces of Art and Indulgence</h2>
<p>Available in various colours, sizes and flavours, cakes are no less than food art and when it comes to adding joy to any celebration, cakes definitely take the cake! So gift attractive looking cakes to indulge yourself and your loved ones living in Hyderabad with our online cake delivery in Hyderabad. Midnight cake delivery in Hyderabad is now made easy for you to send cakes or even flowers and gifts to those who anticipate your presence or footsteps at their place, right when the clock strikes twelve. Speaking of flowers, they too do not fall far behind when it comes to being called nature’s very own art. Colourful, bright and beautiful, flowers can be sent to your loved ones to instantly have them grinning from tooth to tooth. Use our services of <a href=""/flowers-to-hyderabad"">online flower delivery in Hyderabad</a> for the best deals and discounts for the upcoming festive season!</p>
<h2>Super Hit Combos of Gifts, Flowers and Sweet Treats at Bookmyflowers</h2>
<p>Imagine <a href=""/gifts"">unique gifts</a> and <a href=""/flower-arrangements"">beautiful floral arrangements</a> being delivered straight to your loved ones even when you are nowhere close to them geographically. Now, simply visit bookmyflowers.com to turn this imagination or fantasy dream into a wide-eyed reality! Order flowers, gifts or cakes for Hyderabad online and easily get them delivered to your place of preference, right on time! We get happy simply by making you happy and hence we have not only strived in this business, but have successfully added smiles to the faces of those who <a href=""/gifts-to-hyderabad"">send gifts to Hyderabad</a> via us! Once you shop with us, you will know that all the cake shops in Hyderabad combined could not offer you with as many options of delicious cakes at one single place like we do. For hassle-free online shopping that is done right from our home, visit us now and get soaked in the magic spell we cast on our customers.</p>
<h2>Best Birthday Cakes Online Delivery in Hyderabad</h2> <p>You cannot win anybody's heart by gifting her Hyderbadi Biryaani on an occasion like Anniversary, Wedding, Birthday, Valentine's Day and many more. An occasion like this is empty without a perfect cake. You can now get online cake delivery in Hyderabad for Birthday, Anniversary at the fastest pace with Bookmyflowers. We a have best birthday cake range in Hyderabad to choose from your very own favorite of Chocolate cake to Butterscotch and Vanilla for your dear ones. Now online cake delivery in Hyderabad is become easy because of our same day cake delivery services.</p></br> <p>If you want to manifest your love to your dear ones in bold and beautiful way you can also choose from the best cakes in Hyderabad such as Cheese Cakes, Black Forest Cakes, Chocolate Truffle and even Photo Cakes and Designer Cakes for online delivery in Hyderabad city. All our cakes are baked by adding love and multiplying the creativity so that only the best is what gets delivered to your loved ones.</p></br> <p>Just give us a call and be rest assured that we will be delivering the cake well on time. These cakes are surely going to make your dear ones feel the love, care and affection which you always had in your hear but remained unexpressed. Surprise you loved ones by availing our <a href=""/cakes"">online cake delivery service</a> so that your dear ones can feel that Hyderabad is way more than just Hyderabadi Biryaani. Book your order now and get online cake delivery in Hyderabad at comfort of your home.</p>", 
/cakes-to-kolkata,Send Cakes to Kolkata Online,Send Cakes to Kolkata - Online Cake Delivery in Kolkata | Bookmyflowers.com,"Send Cakes to Kolkata Online from Bookmyflowers.com. Order Online Cake Delivery in Kolkata, Cake Shops in Kolkata. ✓ Free Shipping in India ✓ Same Day Delivery","Online Order Cake in Kolkata, Order Cake in Kolkata, Online Order Cake, Kolkata Online Order Cake, Send Cakes to Kolkata, Online Cake Delivery in Kolkata, Cake Shops in Kolkata","<h2>Spreading Joy To The ‘City Of Joy’ by Sending Cakes to Kolkata</h2>

<p>Kolkata is a city with a soul. It’s not as sleek as other major cities, people are a little laid back here, but if you are looking for some peace and relaxation and life in its truest form, then Kolkata is the place to be. For all your loved ones staying in Kolkata you know how important it is for you to send cakes to Kolkata because people there look forward to such simple pleasures in life. Not just Kolkata, you can make <a href=""/cakes-to-chennai"">online cake delivery in Chennai</a> and all other major cities as well. For a species of people who loves cakes and desserts so much, you will find plenty of options to send cakes in Kolkata online. With so many bakeries being fully functional in the city you will never have lack of options to choose from if you want to send cakes to the city.</p> 

<h2>Because Cakes and Flowers Make the Most Powerful Combo</h2>

<p>Online cake delivery in Kolkata is just a matter of few seconds now, given that the online gifting industry has immensely grown in the last couple of years, making life easier for you and your loved ones staying far away, and that is why you can now also make same day cake delivery in Kolkata, because the good things shouldn’t wait for long. But not just cakes, flowers to have their own charm in making a person's day. That is why you can now make <a href=""/flowers-to-kolkata"">online flower delivery in Kolkata</a> very easily, with just a few clicks sitting at the comfort of your home. There are few things that never change and the charm of age old tradition of <a href=""/"">gifting flowers</a> is one of them. The charm that flowers hold is unmatched and unchallenged till date. There is nothing more visually pleasing than a bunch of flowers.</p>

<h2>Bookmyflowers - Delivering Happiness to Your Loved Ones Staying Far</h2>

<p>Even though you will find plenty of cake shops in Kolkata, you don't really know for sure which shop will cater to your needs. That is where the role of bookmyflowers.com comes into play. Here you can find plenty of cakes, and find a preview top of each cake so that it becomes easier for you choose one. At bookmyflowers.com we don't just bake cakes; we build a cake because baking the cake to perfection is a matter of art. Not just cakes, you can also <a href=""/gifts-to-kolkata"">send gifts to Kolkata</a> very easily now, given that our website has a huge range of assorted and <a href=""/gifts"">handpicked gifts</a> to send to your loved ones. The best part is that we take extra care in delivering your gifts to the doorstep of the ones you love.</p>
<h2>Online Cake Delivery in Kolkata </h2><p>The rains of Kolkata can ruin the best of the occasion. If you find yourself stuck in such a situation you can order Kolkata Special Cakes online from Bookmyflowers. Make them believe that nothing can stop you from celebrating the occasion the way you want. Get a personalized message attached to it which can bring in the warmth and the reason to make you understand that it is cherished and treasured to the deepest core.</p></br><p>You can order cake online in Kolkata for both Egg and Eggless cakes as per your choice in flavors which are so huge that it becomes confusing for you to pick one of them. We have your personal favorites like Vanilla, Chocolate and Butterscotch or else you can also order from our <a href=""/designer-cakes"">special Designer cakes</a> and Photo Cakes.</p></br> <p>Our cakes are made by skilled and experienced bakers from the finest ingredients and they retain their charms and freshness for long. The cakes are renowned not only for their delicious tastes but also for their captivating and gorgeous looks. Order an online cake delivery in Kolkata through us and experience a whole new world of sumptuous and tempting cakes along with world class services. When you arrange a cake delivery online in Kolkata through us, you have chosen for the best services available out there. Our delivery services are renowned in the gifts delivery industry and we guarantee your cakes will be delivered on-time and in the most pristine of conditions.</p></br><h2>Online Cake Order in Kolkata</h2><p>With the considerable vegetarian population in the country, we also provide eggless cakes for online cake delivery in Kolkata. Check out the eggless versions of your favorite cakes at our online store. They are not only similar in their looks but taste as fabulous as the originals. You can book online cake order in Kolkata city from our web portal. </p> </br><p>Besides our range of fabulous and exclusive cakes we also provide specialty cakes for celebrations and occasions such as weddings, anniversaries and birthdays. So on the occasions of a loved one or family, have a surprise birthday cake delivery in Kolkata done right at midnight with our custom delivery services which include same-day delivery, next-day delivery and midnight delivery among others. You can also order anniversary cakes online in Kolkata and have them personalized with a photo of the loving couple. At Bookmyflowers.com you can also complement your online cake delivery in Kolkata with fresh flowers. We provide flowers for all occasions and they come in beautiful bouquets arranged by expert florists and gifts professionals. A floral bouquet will be a perfect accompaniment for your cake delivery in Kolkata.</p>", 
/cakes-to-mumbai,Send Cakes to Mumbai Online,Send Cakes to Mumbai - Online Cake Delivery in Mumbai | Bookmyflowers.com,"Send Cakes to Mumbai Online from Bookmyflowers.com. Order Online Cake Delivery in Mumbai, Cake Shops in Mumbai. ✓ Free Shipping in India ✓ Same Day Delivery","Online Order Cake in Mumbai, Order Cake in Mumbai, Online Order Cake, Mumbai Online Order Cake, Send Cakes to Mumbai, Online Cake Delivery in Mumbai, Cake Shops in Mumbai","<h2>Send Cakes to Mumbai - the City that Never Sleeps</h2>

<p>It is rightly said that Mumbai is a city that never sleeps and stops. People here always on the run looking for something and hence the city is always awake. For your loved ones staying here you know how much busy they are and hence you try your best to make them feel special. Cakes are a great way to make someone feel loved and special and so it is absolutely important to send cakes to Mumbai for your close ones staying there. You can also make <a href=""/cakes-to-pune"">online cake delivery in Pune</a> as well as all other major cities in the country. With the boom in the online gifting space in India in the last few years, <a href=""/gifts"">sending gifts</a> to places far away is now just a matter of few clicks and that has made it easier for you to send cakes in Mumbai online.</p> 

<h2>Speak Your Heart Out Through Cakes and Flowers</h2>

<p>Since online cake delivery in Mumbai has become so easy now, the real challenge for you now is to find a cake shop or a bakery that meets all your needs. Not only do you need to find a place that has a cake of your choice, but you also need to make sure that the bakery makes same day cake delivery in Mumbai or at least gives you a range of delivery options to choose from and find the one that suits your needs. Not just cakes, <a href=""/flowers-to-mumbai"">online flower delivery in Mumbai</a> is important too because there’s no better way to express your love to your loved ones than flowers. Flowers are these self-sufficient things that are not just visually attractive but have been known to spread love and warmth for ages now. Flowers are something that never gets old.</p> 

<h2>Bookmyflowers Is Always At Your Service to Send Your Love across the Country</h2>

<p>As mentioned before, finding cake shops in Mumbai is there your job just begins. There are more aspects to it. For situations like this, you want to find a place where you can place your trust that they will deliver your gift properly. That is where the role of bookmyflowers.com comes into play. We are just the better and more advanced version of any cake shop or any gift shop that you will come across. Even if you want to <a href=""/gifts-to-mumbai"">send gifts to Mumbai</a>, we are the ones who is always at your service, because we know how important it is to send your gift to someone without damaging it. Nobody wants to open a damaged box of cake or gifts. We take extra care in delivering your box of happiness to the one you want to make happy.</p>
<h2>Online Cake Delivery in Mumbai at Best Price</h2> <p>Mumbai and Monsoons are like real good friends and it is difficult to set them apart. Quite similar is with you and your Best Friend and to prove this unbreakable bond you can't just let go his/her Birthday just like that. All our cakes are so fresh that it will give you a feeling that they have just stepped out of the oven. You can <a href=""/cakes"">order cakes online</a> at the comfort of your home as we offer online cake delivery in Mumbai for all kind of occasions.</p></br><p> With Bookmyflowers you get the chance of sending and ordering cakes in Mumbai a lot easier. We have cakes for almost all the occasion be it Anniversary, Wedding, Valentine's Day or Birthday. So be it Mumbai or any other city we have an <a href=""/birthday/cakes"">online birthday cake delivery</a> service in almost all the cities. With Bookmyflower you can lay your hands on best cakes in Mumbai with his/her favorite flavors like Chocolate, Butterscotch and Vanilla. You can also give them a celebrity feel by sending cakes which are extra special like Photo Cakes and Designer Cakes. We also provide same day online cake delivery in Mumbai. To surprise your near and dear ones you can opt for midnight online cake delivery in Mumbai on their birthday occasion. All our cakes are timely delivered to your dear ones at the time of the occasion because we know how important it is for them to reach on time. </p>", 
/cakes-to-pune,Send Cakes to Pune Online,Send Cakes to Pune - Online Cake Delivery in Pune | Bookmyflowers.com,"Send Cakes to Pune Online from Bookmyflowers.com. Order Online Cake Delivery in Pune, Cake Shops in Pune. ✓ Free Shipping in India ✓ Same Day Delivery","Online Order Cake in Pune, Order Cake in Pune, Online Order Cake, Pune Online Order Cake, Send Cakes to Pune, Online Cake Delivery in Pune, Cake Shops in Pune","<h2>Sending Cakes to Pune Was Never This Easy</h2>

<p>For a city like Pune, which is so full of life, people are always looking for some or the other reason to celebrate, be it birthdays or anniversaries or any other occasion. If your loved ones stay in Pune, you will know how true it is. So it becomes absolutely important for you to send cakes to Pune because you know they are going to enjoy it. Not just Pune, you can now also easily make <a href=""/cakes-to-jaipur"">online cake delivery in Jaipur</a> and every other major city in the country because that's how easy it has become. You can now even make same day cake delivery to Pune sitting from anywhere in the country and be sure that it will be delivered to the one you want to send it to. There is nothing better than cakes to light up even the dullest of days, right?</p> 

<h2>Nothing is better than Flowers and Cakes to Make Someone Feel Loved and Special</h2>

<p>Since online cake delivery to Pune has become so easy, the real challenge for you now is to find a cake shop or a bakery that is trustworthy enough that they will send the cake to the correct address at the right time. There is no point of <a href=""/cakes"">sending a cake</a> late and ruining someone's celebration, right? So you have to find a cake shop that will do midnight delivery of cake to Pune and that is not so easy. Not just cakes, flowers too are important in any celebration. Finding a florist that does <a href=""/flowers-to-pune"">online flower delivery in Pune</a> isn’t tough, but finding the right florist can be a bit of a task. Flowers are so delicate that they get damaged at the slightest discomfort and can get distorted and that is where they lose all the charm.</p> 

<h2>Deliver Happiness and Love in a Box through Bookmyflowers</h2>

<p>Since finding cake shops in Pune isn’t a big deal, and you will find one in every lane, it is the quality that might get compromised and nobody wants to adjust on quality, right? This is where you want to find a trustworthy brand that you know will take care of your needs. Bookmyflowers.com does just that. Through us you can now <a href=""/gifts-to-pune"">send gifts to Pune</a> and cakes and flowers as well. We understand the importance of timely delivery and hence you can choose from our wide range of delivery options, like midnight delivery, express delivery and same day delivery and so on. We give utmost importance to your emotions behind the gift that you are sending and our delivery team ensures that your emotions are taken care of, which is why they work hard to deliver your love to your loved ones’ doorsteps.</p>
<h2>Online cake delivery in Pune</h2><p>Bridge the geographical boundaries by being a part of every occasion with Bookmyflowers. We understand how your wife feels when her Birthday is around the corner in Pune and you are out on a business tour. Buy <strong>Pune Special Cake online</strong> for her by choosing the right flavor and delivering it at her doorstep, making her feel that even though you are not around but she still matters to you. You can get online cake delivery in Pune at midnight with our mid nigh cake delivery service in Pune. </p> </br> <p>Our special cakes have been baked to the right temperature so that they are just soft enough to make your wife feel that no amount of business meetings can let him forget you. You can order both egg and <a href=""/eggless-cakes"">eggless cakes online</a> and be assured that you will be getting a timely delivery of the Cake in Pune city. You can send special cakes like Designer and Photo Cakes or you can also choose from the usual favorites of Chocolate, Vanilla and Pineapple. Book your cake now to get online cake delivery in Pune at your place.</p> </br><p>Choose the one that best suits your taste and requirements, and place an order for online cake delivery in Pune. We guarantee your cake will reach you on-time and in the most pristine of conditions. When you arrange a cake delivery online in Pune through us, you have chosen for the best services available out there. Our delivery services are a byword in the industry and we also offer custom delivery services such as same-day delivery, fixed- time delivery and midnight delivery options.</p> </br><p>Cakes are also ideal for celebrations and events; they lend an air of festivity to any occasion. In fact, when it comes to celebrations, it would indeed be incomplete without cakes. So on the occasions of a loved one or family, order them online and arrange a cake delivery in Pune through our portal. We have for you a range of occasion based cakes such as <a href=""/anniversary/cakes"">anniversary cakes</a>, wedding cakes and birthday cakes among others. Keeping in mind the huge vegetarian population of the country, we also provide eggless cakes. Check out the eggless version of your favorite cakes, they not only look the same but they taste as fabulous as the originals.</p> </br>At Bookmyflowers.com you can also complement your cake delivery in Pune with your favorite flowers. We provide <a href=""/"">fresh flowers</a> for all occasions which come in beautiful bouquets arranged by expert florists and gifts professionals. </p>", 
