model,image_name
F17-EXDFNP70,catalog/new/F17-EXDFNP70.jpg
F17-EXDFNP552,catalog/new/F17-EXDFNP552.jpg
F17-EXDFNP71,catalog/new/F17-EXDFNP71.jpg
F17-EXDFNP63,catalog/new/F17-EXDFNP63.jpg
F17-EXDFNP125,catalog/new/F17-EXDFNP125.jpg
F17-EXDFNP477,catalog/new/F17-EXDFNP477.jpg
F17-EXDFNP130,catalog/new/F17-EXDFNP130.jpg
F17-EXDFNP551,catalog/new/F17-EXDFNP551.jpg
F17-EXDFNP65,catalog/new/F17-EXDFNP65.jpg
F17-EXDFNP1024,catalog/new/F17-EXDFNP1024.jpg
F17-EXDFNP508,catalog/new/F17-EXDFNP508.jpg
F17-EXDFNP501,catalog/new/F17-EXDFNP501.jpg
F17-EXDFNP494,catalog/new/F17-EXDFNP494.jpg
F17-EXDFNP2017,catalog/new/F17-EXDFNP2017.jpg
F17-EXDFNP69,catalog/new/F17-EXDFNP69.jpg
F17-EXP173,catalog/new/F17-EXP173.jpg
F17-EX0061,catalog/new/F17-EX0061.jpg
F17-EXDFNP513,catalog/new/F17-EXDFNP513.jpg
F17-EXDFNP505,catalog/new/F17-EXDFNP505.jpg
F17-EXDFNP511,catalog/new/F17-EXDFNP511.jpg
F17-EXDFNP479,catalog/new/F17-EXDFNP479.jpg
F17-EXDFNP475,catalog/new/F17-EXDFNP475.jpg
F17-EXDFNP489,catalog/new/F17-EXDFNP489.jpg
F17-EXDFNP1033,catalog/new/F17-EXDFNP1033.jpg
F17-EXDFNP480,catalog/new/F17-EXDFNP480.jpg
F17-EXDFNP2010,catalog/new/F17-EXDFNP2010.jpg
F17-EXDFNP127,catalog/new/F17-EXDFNP127.jpg
F17-EXDFNP448,catalog/new/F17-EXDFNP448.jpg
F17-EXDFNP492,catalog/new/F17-EXDFNP492.jpg
F17-EXDFNP2016,catalog/new/F17-EXDFNP2016.jpg
F17-EXDFNP77,catalog/images/EXDFNP77.jpg
F17-EXDFNP1034,catalog/new/F17-EXDFNP1034.jpg
F17-EXDFNP1028,catalog/new/F17-EXDFNP1028.jpg
F17-EX0029,catalog/new/F17-EX0029.jpg
F17-EXDFNP2015,catalog/new/F17-EXDFNP2015.jpg
F17-EXDFNP61,catalog/new/F17-EXDFNP61.jpg
F17-EXDFNP2012,catalog/new/F17-EXDFNP2012.jpg
F17-EXDFNP1032,catalog/new/F17-EXDFNP1032.jpg
F17-EX0044,catalog/new/F17-EX0044.jpg
F17-EXDFNP150,catalog/new/F17-EXDFNP150.jpg
F17-EXDFNP560,catalog/new/F17-EXDFNP560.jpg
F17-EXDFNP131,catalog/new/F17-EXDFNP131.jpg
F17-EXDFNP126,catalog/new/F17-EXDFNP126.jpg
F17-EXDFNP129,catalog/new/F17-EXDFNP129.jpg
F17-EXDFNP450,catalog/new/F17-EXDFNP450.jpg
F17-EXDFNP557,catalog/new/F17-EXDFNP557.jpg
F17-EX0033,catalog/new/F17-EX0033.jpg
F17-EXFNP62,catalog/new/F17-EXFNP62.jpg
F17-EXFNP63,catalog/new/F17-EXFNP63.jpg
F17-EXFNP51,catalog/new/F17-EXFNP51.jpg
F17-EXFNP52,catalog/new/F17-EXFNP52.jpg
F17-EXFNP53,catalog/new/F17-EXFNP53.jpg
F17-EXDFNP488,catalog/new/F17-EXDFNP488.jpg
F17-EXDFNP453,catalog/new/F17-EXDFNP453.jpg
F17-EXDFNP124,catalog/new/F17-EXDFNP124.jpg
F17-EXFNP155,catalog/new/F17-EXFNP155.jpg
F17-EXDFNP487,catalog/new/F17-EXDFNP487.jpg
F17-EXDFNP482,catalog/new/F17-EXDFNP482.jpg
F17-EXDFNP122,catalog/new/F17-EXDFNP122.jpg
F17-EXDFNP446,catalog/new/F17-EXDFNP446.jpg
F17-EXDFNP452,catalog/new/F17-EXDFNP452.jpg
F17-EXDFNP451,catalog/new/F17-EXDFNP451.jpg
F17-EXDFNP447,catalog/new/F17-EXDFNP447.jpg
F17-EXDFNP449,catalog/new/F17-EXDFNP449.jpg
F17-EXFNP44,catalog/new/F17-EXFNP44.jpg
F17-EXFNP238,catalog/new/F17-EXFNP238.jpg
F17-EXDFNP123,catalog/new/F17-EXDFNP123.jpg
F17-EXDFNP473,catalog/new/F17-EXDFNP473.jpg
F17-EXDFNP485,catalog/new/F17-EXDFNP485.jpg
F17-EXDFNP1030,catalog/new/F17-EXDFNP1030.jpg
F17-EX0053,catalog/new/F17-EX0053.jpg
F17-EXFNP57,catalog/new/F17-EXFNP57.jpg
F17-EXFNP56,catalog/new/F17-EXFNP56.jpg
F17-EXFNP50,catalog/new/F17-EXFNP50.jpg
F17-EXDPLANT2,catalog/new/F17-EXDPLANT2.jpg
F17-EXDFNP474,catalog/new/F17-EXDFNP474.jpg
F17-EXDFNP472,catalog/new/F17-EXDFNP472.jpg
F17-EXDFNP62,catalog/new/F17-EXDFNP62.jpg
F17-EXDFNP483,catalog/new/F17-EXDFNP483.jpg
F17-EXDFNP2001,catalog/new/F17-EXDFNP2001.jpg
F17-VRTEXFNP183,catalog/new/F17-VRTEXFNP183.jpg
F17-VRTEXFNP182,catalog/new/F17-VRTEXFNP182.jpg
F17-VRTEXFNP184,catalog/new/F17-VRTEXFNP184.jpg
F17-VRTEXFNP181,catalog/new/F17-VRTEXFNP181.jpg
F17-EXDFNP419,catalog/new/F17-EXDFNP419.jpg
F17-EXFNP27,catalog/new/F17-EXFNP27.jpg
F17-EXDFNP608,catalog/new/F17-EXDFNP608.jpg
F17-VRTEXDFNP521,catalog/new/F17-VRTEXDFNP521.jpg
F17-EXDFNP542,catalog/new/F17-EXDFNP542.jpg
F17-EXFNP28,catalog/new/F17-EXFNP28.jpg
F17-EXFNP29,catalog/new/F17-EXFNP29.jpg
F17-EXFNP214,catalog/new/F17-EXFNP214.jpg
F17-EXDFNP463,catalog/new/F17-EXDFNP463.jpg
F17-EXD1,catalog/new/F17-EXD1.jpg
F17-EXDFNP536,catalog/new/F17-EXDFNP536.jpg
F17-EXDFNP425,catalog/new/F17-EXDFNP425.jpg
F17-EXDFNP531,catalog/new/F17-EXDFNP531.jpg
F17-EXFNP233,catalog/new/F17-EXFNP233.jpg
F17-EXFNP236,catalog/new/F17-EXFNP236.jpg
F17-EXDFNP564,catalog/new/F17-EXDFNP564.jpg
F17-EXDFNP461,catalog/new/F17-EXDFNP461.jpg
F17-EXD1M,catalog/new/F17-EXD1M.jpg
F17-EXDFNP79,catalog/new/F17-EXDFNP79.jpg
F17-EXDFNP548,catalog/new/F17-EXDFNP548.jpg
F17-EXDFNP498,catalog/new/F17-EXDFNP498.jpg
F17-VRTEXD1,catalog/new/F17-VRTEXD1.jpg
F17-VRTEXFNP34,catalog/new/F17-VRTEXFNP34.jpg
F17-VAREXDFNP430,catalog/new/F17-VAREXDFNP430.jpg
F17-EXDFNP541,catalog/new/F17-EXDFNP541.jpg
F17-EXDFNP532,catalog/new/F17-EXDFNP532.jpg
F17-EXDFNP522,catalog/new/F17-EXDFNP522.jpg
F17-EXDFNP1007,catalog/new/F17-EXDFNP1007.jpg
F17-EXDFNP537,catalog/new/F17-EXDFNP537.jpg
F17-EXDFNP471,catalog/new/F17-EXDFNP471.jpg
F17-EXDFNP416,catalog/new/F17-EXDFNP416.jpg
F17-EXFNP70,catalog/new/F17-EXFNP70.jpg
F17-EXDFNP1000,catalog/new/F17-EXDFNP1000.jpg
F17-EXDFNP553,catalog/new/F17-EXDFNP553.jpg
F17-EXDFNP144,catalog/new/F17-EXDFNP144.jpg
F17-EXDFNP574,catalog/new/F17-EXDFNP574.jpg
F17-EXDFNP527,catalog/new/F17-EXDFNP527.jpg
F17-EXDFNP556,catalog/new/F17-EXDFNP556.jpg
F17-EXDFNP573,catalog/new/F17-EXDFNP573.jpg
F17-EXFNP41,catalog/new/F17-EXFNP41.jpg
F17-EXDFNP78,catalog/new/F17-EXDFNP78.jpg
F17-EXDFNP1004,catalog/new/F17-EXDFNP1004.jpg
F17-EXDFNP433,catalog/new/F17-EXDFNP433.jpg
F17-EXDFNP432,catalog/new/F17-EXDFNP432.jpg
F17-EXDFNP1021,catalog/new/F17-EXDFNP1021.jpg
F17-EXDFNP518,catalog/new/F17-EXDFNP518.jpg
F17-VRTEXFNP182-12,catalog/new/F17-VRTEXFNP182-12.jpg
F17-EXDFNP1010,catalog/new/F17-EXDFNP1010.jpg
F17-EXDFNP41,catalog/new/F17-EXDFNP41.jpg
F17-EXDFNP442,catalog/images/F17-EXDFNP442.JPG
F17-EXFNP33,catalog/new/F17-EXFNP33.jpg
F17-EXP159,catalog/new/F17-EXP159.jpg
F17-EXDFNP2006,catalog/images/EXDFNP2006.jpg
F17-VRTEXFNP184-12,catalog/new/F17-VRTEXFNP184-12.jpg
F17-EXDFNP443,catalog/new/F17-EXDFNP443.jpg
F17-VRTEXFNP183-12,catalog/new/F17-VRTEXFNP183-12.jpg
F17-EXD9,catalog/new/F17-EXD9.jpg
F17-EXDFNP558,catalog/new/F17-EXDFNP558.jpg
F17-EXDFNP2014,catalog/new/F17-EXDFNP2014.jpg
F17-EXDFNP424,catalog/new/F17-EXDFNP424.jpg
F17-EXDFNP66,catalog/new/F17-EXDFNP66.jpg
F17-EXDFNP435,catalog/new/F17-EXDFNP435.jpg
F17-EXDFNP570,catalog/new/F17-EXDFNP570.jpg
F17-EXDFNP15,catalog/new/F17-EXDFNP15.jpg
F17-EXDGREETING5,catalog/new/F17-EXDGREETING5.jpg
F17-EXDFNP1006,catalog/new/F17-EXDFNP1006.jpg
F17-EXDFNP143,catalog/new/F17-EXDFNP143.jpg
F17-EXDFNP562,catalog/new/F17-EXDFNP562.jpg
F17-EXDFNP455,catalog/new/F17-EXDFNP455.jpg
F17-EXDFNP141,catalog/new/F17-EXDFNP141.jpg
F17-EXDGREETING10,catalog/new/F17-EXDGREETING10.jpg
F17-EXDFNP1002,catalog/new/F17-EXDFNP1002.jpg
F17-EXDFNP1008,catalog/new/F17-EXDFNP1008.jpg
F17-EXDFNP571,catalog/new/F17-EXDFNP571.jpg
F17-EXDFNP401,catalog/new/F17-EXDFNP401.jpg
F17-EXDFNP440,catalog/new/F17-EXDFNP440.jpg
F17-EXDFNP544,catalog/new/F17-EXDFNP544.jpg
F17-EXDFNP607,catalog/new/F17-EXDFNP607.jpg
F17-EXDFNP38267,catalog/new/F17-EXDFNP38267.jpg
F17-EXDFNP572,catalog/new/F17-EXDFNP572.jpg
F17-EXDFNP402,catalog/new/F17-EXDFNP402.jpg
F17-EXDFNP32,catalog/new/F17-EXDFNP32.jpg
F17-EXDFNP406,catalog/new/F17-EXDFNP406.jpg
F17-EXDFNP561,catalog/new/F17-EXDFNP561.jpg
F17-EXDFNP454,catalog/new/F17-EXDFNP454.jpg
F17-EXDGREETING11,catalog/new/F17-EXDGREETING11.jpg
F17-EXDFNP438,catalog/new/F17-EXDFNP438.jpg
F17-EXDFNP517,catalog/new/F17-EXDFNP517.jpg
F17-EXDFNP39,catalog/new/F17-EXDFNP39.jpg
F17-EXDFNP466,catalog/new/F17-EXDFNP466.jpg
F17-EXDFNP459,catalog/new/F17-EXDFNP459.jpg
F17-EXDFNP2013,catalog/images/F17-EXDFNP2013.jpg
F17-EXDFNP404,catalog/new/F17-EXDFNP404.jpg
F17-EX0065,catalog/new/F17-EX0065.jpg
F17-EXDFNP1022,catalog/new/F17-EXDFNP1022.jpg
F17-EXFNP65,catalog/new/F17-EXFNP65.jpg
F17-EXDFNP2021,catalog/new/F17-EXDFNP2021.jpg
F17-EXDFNP423,catalog/new/F17-EXDFNP423.jpg
F17-EXDFNP2011,catalog/new/F17-EXDFNP2011.jpg
F17-EXDFNP577,catalog/new/F17-EXDFNP577.jpg
F17-EXDFNP2005,catalog/new/F17-EXDFNP2005.jpg
F17-EXDFNP430,catalog/new/F17-EXDFNP430.jpg
F17-EXDFNP142,catalog/new/F17-EXDFNP142.jpg
F17-EXDFNP33,catalog/new/F17-EXDFNP33.jpg
F17-EXDFNP40,catalog/new/F17-EXDFNP40.jpg
F17-EXDFNP460,catalog/new/F17-EXDFNP460.jpg
F17-EXD44,catalog/new/F17-EXD44.jpg
F17-EXDFNP437,catalog/new/F17-EXDFNP437.jpg
F17-EXDFNP2004,catalog/new/F17-EXDFNP2004.jpg
F17-EX004,catalog/new/F17-EX004.jpg
F17-EXDFNP545,catalog/new/F17-EXDFNP545.jpg
F17-EXDGREETING7,catalog/new/F17-EXDGREETING7.jpg
F17-VAREXDFNP406,catalog/new/F17-VAREXDFNP406.jpg
F17-VAREXDFNP147,catalog/new/F17-VAREXDFNP147.jpg
F17-VRT1EXDFNP416,catalog/new/F17-VRT1EXDFNP416.jpg
F17-EXDFNP546,catalog/new/F17-EXDFNP546.jpg
F17-EXDFNP575,catalog/new/F17-EXDFNP575.jpg
F17-EXDFNP85,catalog/new/F17-EXDFNP85.jpg
F17-EXDFNP46,catalog/new/F17-EXDFNP46.jpg
F17-EXDFNP431,catalog/new/F17-EXDFNP431.jpg
F17-EXDFNP30,catalog/new/F17-EXDFNP30.jpg
F17-VAREXDFNP1006,catalog/new/F17-VAREXDFNP1006.jpg
F17-EXDFNP567,catalog/new/F17-EXDFNP567.jpg
F17-EXDFNP555,catalog/new/F17-EXDFNP555.jpg
F17-EXFNP64,catalog/new/F17-EXFNP64.jpg
F17-EXDFNP147,catalog/new/F17-EXDFNP147.jpg
F17-EXDFNP458,catalog/new/F17-EXDFNP458.jpg
F17-EXDFNP54,catalog/new/F17-EXDFNP54.jpg
F17-EXFNP66,catalog/new/F17-EXFNP66.jpg
F17-EXFNP67,catalog/new/F17-EXFNP67.jpg
F17-EXFNP124,catalog/new/F17-EXFNP124.jpg
F17-EXFNP39,catalog/new/F17-EXFNP39.jpg
F17-EXFNP45,catalog/new/F17-EXFNP45.jpg
F17-EXDFNP465,catalog/new/F17-EXDFNP465.jpg
F17-EXDFNP464,catalog/new/F17-EXDFNP464.jpg
F17-EXDFNP2018,catalog/new/F17-EXDFNP2018.jpg
F17-EXFNP239,catalog/new/F17-EXFNP239.jpg
F17-EXDFNP49,catalog/new/F17-EXDFNP49.jpg
F17-EXDFNP47,catalog/new/F17-EXDFNP47.jpg
F17-EXDFNP1009,catalog/new/F17-EXDFNP1009.jpg
F17-VRTEXFNP182-20,catalog/new/F17-VRTEXFNP182-20.jpg
F17-XP42,catalog/new/F17-XP42.jpg
F17-EXDFNP42,catalog/new/F17-EXDFNP42.jpg
F17-EXDFNP497,catalog/new/F17-EXDFNP497.jpg
F17-EXD22,catalog/new/F17-EXD22.jpg
F17-EXDFNP579,catalog/new/F17-EXDFNP579.jpg
F17-EXDFNP2007,catalog/new/F17-EXDFNP2007.jpg
F17-EXDFNP2041,catalog/new/F17-EXDFNP2041.jpg
F17-EXFNP04,catalog/new/F17-EXFNP04.jpg
F17-EXDFNP599,catalog/new/F17-EXDFNP599.jpg
F17-EXFNP03,catalog/new/F17-EXFNP03.jpg
F17-EXFNP01,catalog/new/F17-EXFNP01.jpg
F17-EXFNP11,catalog/new/F17-EXFNP11.jpg
F17-EXFNP07,catalog/new/F17-EXFNP07.jpg
F17-EXDFNP589,catalog/new/F17-EXDFNP589.jpg
F17-EXFNP226,catalog/new/F17-EXFNP226.jpg
F17-EXDFNP119,catalog/new/F17-EXDFNP119.jpg
F17-EXDFNP2032,catalog/new/F17-EXDFNP2032.jpg
F17-EXDFNP2024,catalog/new/F17-EXDFNP2024.jpg
F17-EXDN2,catalog/new/F17-EXDN2.jpg
F17-EXFNP12,catalog/new/F17-EXFNP12.jpg
F17-EXDFNP585,catalog/new/F17-EXDFNP585.jpg
F17-EXDFNP600,catalog/new/F17-EXDFNP600.jpg
F17-EXDFNP2028,catalog/new/F17-EXDFNP2028.jpg
F17-EXDGREETING9,catalog/new/F17-EXDGREETING9.jpg
F17-EXDFNPLW20,catalog/new/F17-EXDFNPLW20.jpg
F17-EXDFNPLW14,catalog/new/F17-EXDFNPLW14.jpg
F17-EXFNP20,catalog/new/F17-EXFNP20.jpg
F17-EXFNP22,catalog/new/F17-EXFNP22.jpg
F17-EX0089,catalog/new/F17-EX0089.jpg
F17-EXFNP18,catalog/new/F17-EXFNP18.jpg
F17-EXDFNPLW19,catalog/new/F17-EXDFNPLW19.jpg
F17-EXFNP15,catalog/new/F17-EXFNP15.jpg
F17-EXDFNPLW27,catalog/new/F17-EXDFNPLW27.jpg
F17-EXDFNP2034,catalog/new/F17-EXDFNP2034.jpg
F17-EXDFNPLW15,catalog/new/F17-EXDFNPLW15.jpg
F17-EXFNP21,catalog/new/F17-EXFNP21.jpg
F17-EXDFNPLW1,catalog/new/F17-EXDFNPLW1.jpg
F17-EXFNP13,catalog/new/F17-EXFNP13.jpg
F17-EXDFNP84,catalog/images/EXDFNP84.jpg
F17-EXDFNP583,catalog/new/F17-EXDFNP583.jpg
F17-EXDFNPLW2,catalog/new/F17-EXDFNPLW2.jpg
F17-EXDFNP598,catalog/new/F17-EXDFNP598.jpg
F17-EXDFNP592,catalog/new/F17-EXDFNP592.jpg
F17-EXDFNP2019,catalog/new/F17-EXDFNP2019.jpg
F17-EXFNP08,catalog/new/F17-EXFNP08.jpg
F17-EXFNP06,catalog/new/F17-EXFNP06.jpg
F17-EXFNP16,catalog/new/F17-EXFNP16.jpg
F17-EXFNP10,catalog/new/F17-EXFNP10.jpg
F17-EXDFNPLW21,catalog/new/F17-EXDFNPLW21.jpg
F17-EXFNP17,catalog/new/F17-EXFNP17.jpg
F17-EXP236,catalog/new/F17-EXP236.jpg
F17-EXDFNP601,catalog/new/F17-EXDFNP601.jpg
F17-EXDFNP73258,catalog/new/F17-EXDFNP73258.jpg
F17-EXFNP77,catalog/new/F17-EXFNP77.jpg
F17-EXFNP74,catalog/new/F17-EXFNP74.jpg
F17-EXFNP75,catalog/new/F17-EXFNP75.jpg
F17-EXFNP78,catalog/new/F17-EXFNP78.jpg
F17-EXFNP82,catalog/new/F17-EXFNP82.jpg
F17-EXFNP83,catalog/new/F17-EXFNP83.jpg
F17-EXFNP73,catalog/new/F17-EXFNP73.jpg
F17-EXFNP84,catalog/new/F17-EXFNP84.jpg
F17-EXFNP87,catalog/new/F17-EXFNP87.jpg
F17-EXFNP88,catalog/new/F17-EXFNP88.jpg
F17-EXFNP86,catalog/new/F17-EXFNP86.jpg
F17-EXFNP89,catalog/new/F17-EXFNP89.jpg
F17-EXFNP90,catalog/new/F17-EXFNP90.jpg
F17-EXDFNP2022,catalog/new/F17-EXDFNP2022.jpg
F17-EXDFNP2037,catalog/new/F17-EXDFNP2037.jpg
F17-EXDFNP2025,catalog/new/F17-EXDFNP2025.jpg
F17-XP44,catalog/new/F17-XP44.jpg
F17-EXDFNP2038,catalog/new/F17-EXDFNP2038.jpg
F17-EXDFNPLW11,catalog/new/F17-EXDFNPLW11.jpg
F17-EXFNP213_CHOCO_BOQ,catalog/new/F17-EXFNP213_CHOCO_BOQ.jpg
F17-EXFNP202_CHOCO_BOQ,catalog/new/F17-EXFNP202_CHOCO_BOQ.jpg
F17-EXDFNPLW8,catalog/new/F17-EXDFNPLW8.jpg
F17-EXDFNPLW22,catalog/new/F17-EXDFNPLW22.jpg
F17-EXDFNPLW13,catalog/new/F17-EXDFNPLW13.jpg
F17-EXDFNP2020,catalog/new/F17-EXDFNP2020.jpg
F17-EXDFNP420,catalog/new/F17-EXDFNP420.jpg
F17-EXDFNPLW9,catalog/new/F17-EXDFNPLW9.jpg
F17-EXFNP213,catalog/new/F17-EXFNP213.jpg
F17-EXFNP14,catalog/new/F17-EXFNP14.jpg
F17-EXDFNP426,catalog/new/F17-EXDFNP426.jpg
F17-EXDFNP413,catalog/new/F17-EXDFNP413.jpg
F17-EXDGREETING8,catalog/new/F17-EXDGREETING8.jpg
F17-EXDFNP106,catalog/new/F17-EXDFNP106.jpg
F17-EXFNP02,catalog/new/F17-EXFNP02.jpg
F17-EXFNP234,catalog/new/F17-EXFNP234.jpg
F17-EXFNP235,catalog/new/F17-EXFNP235.jpg
F17-EXFNP237,catalog/new/F17-EXFNP237.jpg
F17-EXDFNP76252,catalog/new/F17-EXDFNP76252.jpg
F17-EXDFNP2023,catalog/new/F17-EXDFNP2023.jpg
F17-EXDFNP605,catalog/new/F17-EXDFNP605.jpg
F17-EXDFNP428,catalog/new/F17-EXDFNP428.jpg
F17-EXFNP05,catalog/new/F17-EXFNP05.jpg
F17-EXDFNP407,catalog/new/F17-EXDFNP407.jpg
F17-EXDFNP415,catalog/new/F17-EXDFNP415.jpg
F17-EXFNP117,catalog/new/F17-EXFNP117.jpg
F17-EXDFNP499,catalog/new/F17-EXDFNP499.jpg
F17-EXDFNP417,catalog/new/F17-EXDFNP417.jpg
F17-EXDFNP410,catalog/new/F17-EXDFNP410.jpg
F17-EXDFNP74,catalog/new/F17-EXDFNP74.jpg
F17-EXDFNP408,catalog/new/F17-EXDFNP408.jpg
F17-EX004Choco,catalog/new/F17-EX004Choco.jpg
F17-EXDFNP418,catalog/new/F17-EXDFNP418.jpg
F17-EXDFNP412,catalog/new/F17-EXDFNP412.jpg
F17-EXDFNP2027,catalog/new/F17-EXDFNP2027.jpg
F17-EXDFNP516,catalog/new/F17-EXDFNP516.jpg
F17-EXDFNP409,catalog/new/F17-EXDFNP409.jpg
F17-EXDFNP414,catalog/new/F17-EXDFNP414.jpg
F17-EXDFNP2033,catalog/new/F17-EXDFNP2033.jpg
F17-EXDFNP422,catalog/new/F17-EXDFNP422.jpg
F17-EXDFNP590,catalog/new/F17-EXDFNP590.jpg
F17-EXDFNP93,catalog/new/F17-EXDFNP93.jpg
F17-EXDFNP606,catalog/new/F17-EXDFNP606.jpg
F17-EXFNP94,catalog/new/F17-EXFNP94.jpg
F17-EXFNP95,catalog/new/F17-EXFNP95.jpg
F17-EXFNP96,catalog/new/F17-EXFNP96.jpg
F17-EXD6,catalog/new/F17-EXD6.jpg
F17-EXDFNP114,catalog/new/F17-EXDFNP114.jpg
F17-EXFNP204_CHOCO_BOQ,catalog/new/F17-EXFNP204_CHOCO_BOQ.jpg
F17-EXFNP205,catalog/new/F17-EXFNP205.jpg
F17-EXFNP209,catalog/new/F17-EXFNP209.jpg
F17-EXFNP212,catalog/new/F17-EXFNP212.jpg
F17-EXFNP207,catalog/new/F17-EXFNP207.jpg
F17-EXDFNP90,catalog/new/F17-EXDFNP90.jpg
F17-EXDFNP411,catalog/new/F17-EXDFNP411.jpg
F17-EXDFNP113,catalog/new/F17-EXDFNP113.jpg
F17-EXDFNP109,catalog/new/F17-EXDFNP109.jpg
F17-EXFNP165,catalog/new/F17-EXFNP165.jpg
F17-EXFNP176,catalog/new/F17-EXFNP176.jpg
F17-EXFNP175,catalog/new/F17-EXFNP175.jpg
F17-EXFNP167,catalog/new/F17-EXFNP167.jpg
F17-EXFNP178,catalog/new/F17-EXFNP178.jpg
F17-EXFNP166,catalog/new/F17-EXFNP166.jpg
F17-EXFNP177,catalog/new/F17-EXFNP177.jpg
F17-EXFNP169,catalog/new/F17-EXFNP169.jpg
F17-EXFNP180,catalog/new/F17-EXFNP180.jpg
F17-EXFNP168,catalog/new/F17-EXFNP168.jpg
F17-EXFNP179,catalog/new/F17-EXFNP179.jpg
F17-EXFNP164,catalog/new/F17-EXFNP164.jpg
F17-EXDFNP104,catalog/new/F17-EXDFNP104.jpg
F17-EXDFNPLW29,catalog/new/F17-EXDFNPLW29.jpg
F17-EXFNP147,catalog/new/F17-EXFNP147.jpg
F17-EXFNP144,catalog/new/F17-EXFNP144.jpg
F17-EXDFNPLW3,catalog/new/F17-EXDFNPLW3.jpg
F17-EXDFNPLW18,catalog/new/F17-EXDFNPLW18.jpg
F17-EXDFNPLW25,catalog/new/F17-EXDFNPLW25.jpg
F17-EXDFNPLW5,catalog/new/F17-EXDFNPLW5.jpg
F17-EXDFNPLW26,catalog/new/F17-EXDFNPLW26.jpg
F17-EXDFNPLW16,catalog/new/F17-EXDFNPLW16.jpg
F17-EXDFNPLW4,catalog/new/F17-EXDFNPLW4.jpg
F17-EXDFNP116,catalog/new/F17-EXDFNP116.jpg
F17-EXFNP125,catalog/new/F17-EXFNP125.jpg
F17-EXDFNP591,catalog/new/F17-EXDFNP591.jpg
F17-EXDFNPLW7,catalog/new/F17-EXDFNPLW7.jpg
F17-EXDFNPLW6,catalog/new/F17-EXDFNPLW6.jpg
F17-EXDFNPLW23,catalog/new/F17-EXDFNPLW23.jpg
F17-EXDFNPLW24,catalog/new/F17-EXDFNPLW24.jpg
F17-EXFNP137,catalog/new/F17-EXFNP137.jpg
F17-EXFNP142,catalog/new/F17-EXFNP142.jpg
F17-EXFNP143,catalog/new/F17-EXFNP143.jpg
F17-EXFNP140,catalog/new/F17-EXFNP140.jpg
F17-EXFNP128,catalog/new/F17-EXFNP128.jpg
F17-EXFNP131,catalog/new/F17-EXFNP131.jpg
F17-EXFNP132,catalog/new/F17-EXFNP132.jpg
F17-EXFNP129,catalog/new/F17-EXFNP129.jpg
F17-EXFNP154,catalog/new/F17-EXFNP154.jpg
F17-EXFNP145,catalog/new/F17-EXFNP145.jpg
F17-EXFNP146,catalog/new/F17-EXFNP146.jpg
F17-EXFNP149,catalog/new/F17-EXFNP149.jpg
F17-EXFNP150,catalog/new/F17-EXFNP150.jpg
F17-EXFNP148,catalog/new/F17-EXFNP148.jpg
F17-EXFNP153,catalog/new/F17-EXFNP153.jpg
F17-EXFNP151,catalog/new/F17-EXFNP151.jpg
F17-EXDFNP588,catalog/new/F17-EXDFNP588.jpg
F17-EXDFNP630,catalog/new/F17-EXDFNP630.jpg
F17-giftcard500,catalog/new/F17-giftcard500.jpg
F17-giftcard5,catalog/new/F17-giftcard5.jpg
F17-giftcard7,catalog/new/F17-giftcard7.jpg
F17-giftcard8,catalog/new/F17-giftcard8.jpg
F17-giftcard9,catalog/new/F17-giftcard9.jpg
F17-EXDPLANT1,catalog/new/F17-EXDPLANT1.jpg
F17-EXDPLANT2,catalog/new/F17-EXDPLANT2.jpg
F17-EXDPLANT49,catalog/new/F17-EXDPLANT49.jpg
F17-EXDPLANT47,catalog/new/F17-EXDPLANT47.jpg
F17-EXDPLANT119,catalog/new/F17-EXDPLANT119.jpg
F17-EXDPLANT83,catalog/new/F17-EXDPLANT83.jpg
F17-EXDPLANT63,catalog/new/F17-EXDPLANT63.jpg
F17-EXDPLANT50,catalog/new/F17-EXDPLANT50.jpg
F17-EXDPLANT32,catalog/new/F17-EXDPLANT32.jpg
F17-EXDPLANT43,catalog/new/F17-EXDPLANT43.jpg
F17-EXDPLANT19,catalog/new/F17-EXDPLANT19.jpg
F17-EXDPLANT16,catalog/new/F17-EXDPLANT16.jpg
F17-EXDPLANT18,catalog/new/F17-EXDPLANT18.jpg
F17-EXDPLANT120,catalog/new/F17-EXDPLANT120.jpg
F17-CUPCAKE200,catalog/new/F17-CUPCAKE200.jpg
F17-CUPCAKE37,catalog/new/F17-CUPCAKE37.jpg
F17-CUPCAKE61,catalog/new/F17-CUPCAKE61.jpg
F17-CUPCAKE140,catalog/new/F17-CUPCAKE140.jpg
F17-CAKECONO2452,catalog/new/F17-CAKECONO2452.jpg
F17-CAKECONTW2582,catalog/new/F17-CAKECONTW2582.jpg
F17-CAKECONO2455,catalog/new/F17-CAKECONO2455.jpg
F17-CAKECONO2457,catalog/new/F17-CAKECONO2457.jpg
F17-EGCAKECONH1897,catalog/new/F17-EGCAKECONH1897.jpg
F17-EGCAKECONH1489,catalog/new/F17-EGCAKECONH1489.jpg
F17-EGCAKECONH1036,catalog/new/F17-EGCAKECONH1036.jpg
F17-CAKECON3081,catalog/new/F17-CAKECON3081.jpg
F17-CAKECON3060,catalog/new/F17-CAKECON3060.jpg
F17-EGCAKECONO1781,catalog/new/F17-EGCAKECONO1781.jpg
F17-EGCAKECONH1780,catalog/new/F17-EGCAKECONH1780.jpg
F17-CAKECON3072,catalog/new/F17-CAKECON3072.jpg
F17-CAKECON3068,catalog/new/F17-CAKECON3068.jpg
F17-CAKECON3064,catalog/new/F17-CAKECON3064.jpg
F17-CAKECON3088,catalog/new/F17-CAKECON3088.jpg
F17-CAKECONTW693,catalog/new/F17-CAKECONTW693.jpg
F17-PHOTOCAKES8,catalog/new/F17-PHOTOCAKES8.jpg
F17-PHOTOCAKES4,catalog/new/F17-PHOTOCAKES4.jpg
F17-PHOTOCAKES37,catalog/new/F17-PHOTOCAKES37.jpg
F17-PHOTOCAKES3,catalog/new/F17-PHOTOCAKES3.jpg
F17-PHOTOCAKES14,catalog/new/F17-PHOTOCAKES14.jpg
F17-CAKECONH49,catalog/new/F17-CAKECONH49.jpg
F17-PHOTOCAKES38,catalog/new/F17-PHOTOCAKES38.jpg
F17-mothersdaycake14,catalog/new/F17-mothersdaycake14.jpg
F17-CAKECONO11,catalog/new/F17-CAKECONO11.jpg
F17-CAKECONH169,catalog/new/F17-CAKECONH169.jpg
F17-CAKECONH1033,catalog/new/F17-CAKECONH1033.jpg
F17-CAKECONH2080,catalog/new/F17-CAKECONH2080.jpg
F17-CAKECONO1898,catalog/new/F17-CAKECONO1898.jpg
F17-CAKECONO2702,catalog/new/F17-CAKECONO2702.jpg
F17-CAKECONH1897,catalog/new/F17-CAKECONH1897.jpg
F17-CAKECONH1036,catalog/new/F17-CAKECONH1036.jpg
F17-CUPCAKE203,catalog/new/F17-CUPCAKE203.jpg
F17-CAKECONH2425,catalog/new/F17-CAKECONH2425.jpg
F17-CAKECONH886,catalog/new/F17-CAKECONH886.jpg
F17-CAKECONH1834,catalog/new/F17-CAKECONH1834.jpg
F17-CAKECONH1780,catalog/new/F17-CAKECONH1780.jpg
F17-CAKECONO1781,catalog/new/F17-CAKECONO1781.jpg
F17-EGCAKECONH1834,catalog/new/F17-EGCAKECONH1834.jpg
F17-CAKECONH1489,catalog/new/F17-CAKECONH1489.jpg
F17-CAKECONH55,catalog/new/F17-CAKECONH55.jpg
F17-CAKECONO1127,catalog/new/F17-CAKECONO1127.jpg
F17-CAKECONH13,catalog/new/F17-CAKECONH13.jpg
F17-CAKECONO2698,catalog/new/F17-CAKECONO2698.jpg
F17-CAKECONH1492,catalog/new/F17-CAKECONH1492.jpg
F17-EGCAKECONO1127,catalog/new/F17-EGCAKECONO1127.jpg
F17-CAKECONH304,catalog/new/F17-CAKECONH304.jpg
F17-CAKECONH1015,catalog/new/F17-CAKECONH1015.jpg
F17-CAKECONH133,catalog/new/F17-CAKECONH133.jpg
F17-CAKECONH253,catalog/new/F17-CAKECONH253.jpg
F17-EGCAKECONH1015,catalog/new/F17-EGCAKECONH1015.jpg
F17-CAKECONH883,catalog/new/F17-CAKECONH883.jpg
F17-CAKECONH271,catalog/new/F17-CAKECONH271.jpg
F17-CAKECONH1888,catalog/new/F17-CAKECONH1888.jpg
F17-CAKECONH349,catalog/new/F17-CAKECONH349.jpg
F17-CAKECONH382,catalog/new/F17-CAKECONH382.jpg
F17-CAKECONTWW454,catalog/new/F17-CAKECONTWW454.jpg
F17-CAKECONTWW442,catalog/new/F17-CAKECONTWW442.jpg
F17-CAKECONH1018,catalog/new/F17-CAKECONH1018.jpg
F17-CAKECONH310,catalog/new/F17-CAKECONH310.jpg
F17-CAKECONH889,catalog/new/F17-CAKECONH889.jpg
F17-EGCAKECONH310,catalog/new/F17-EGCAKECONH310.jpg
F17-CAKECONO1145,catalog/new/F17-CAKECONO1145.jpg
F17-CAKECONH1012,catalog/new/F17-CAKECONH1012.jpg
F17-CAKECONTW1413,catalog/new/F17-CAKECONTW1413.jpg
F17-EGCAKECONH1888,catalog/new/F17-EGCAKECONH1888.jpg
F17-CAKEPHOTOO0017,catalog/new/F17-CAKEPHOTOO0017.jpg
F17-CAKEPHOTOO0013,catalog/new/F17-CAKEPHOTOO0013.jpg
F17-CAKECONH1825,catalog/new/F17-CAKECONH1825.jpg
F17-CAKECON3028,catalog/new/F17-CAKECON3028.jpg
F17-CAKECONTH2777,catalog/new/F17-CAKECONTH2777.jpg
F17-CAKECONH1912,catalog/new/F17-CAKECONH1912.jpg
F17-CAKECONFO2801,catalog/new/F17-CAKECONFO2801.jpg
F17-CAKECONH1933,catalog/new/F17-CAKECONH1933.jpg
F17-CAKECONH1966,catalog/new/F17-CAKECONH1966.jpg
F17-CAKECONTH2448,catalog/new/F17-CAKECONTH2448.jpg
F17-CUPCAKE88,catalog/new/F17-CUPCAKE88.jpg
F17-CUPCAKE28,catalog/new/F17-CUPCAKE28.jpg
F17-CUPCAKE31,catalog/new/F17-CUPCAKE31.jpg
F17-CUPCAKE22,catalog/new/F17-CUPCAKE22.jpg
F17-CUPCAKE25,catalog/new/F17-CUPCAKE25.jpg
F17-CUPCAKE191,catalog/new/F17-CUPCAKE191.jpg
F17-CUPCAKE281,catalog/new/F17-CUPCAKE281.jpg
F17-CUPCAKE275,catalog/new/F17-CUPCAKE275.jpg
F17-CAKECONH1945,catalog/new/F17-CAKECONH1945.jpg
F17-PHOTOCAKES33,catalog/new/F17-PHOTOCAKES33.jpg
F17-PHOTOCAKES40,catalog/new/F17-PHOTOCAKES40.jpg
F17-EGCAKECONH1945,catalog/new/F17-EGCAKECONH1945.jpg
F17-CAKECONH25,catalog/new/F17-CAKECONH25.jpg
F17-CAKECONO26,catalog/new/F17-CAKECONO26.jpg
F17-EGCAKECONH25,catalog/new/F17-EGCAKECONH25.jpg
F17-CAKECONH358,catalog/new/F17-CAKECONH358.jpg
F17-CAKECONH1822,catalog/new/F17-CAKECONH1822.jpg
F17-EGCAKECONH1822,catalog/new/F17-EGCAKECONH1822.jpg
F17-CAKEPHOTOO009,catalog/new/F17-CAKEPHOTOO009.jpg
F17-CAKECONH874,catalog/new/F17-CAKECONH874.jpg
F17-EGCAKECONH874,catalog/new/F17-EGCAKECONH874.jpg
F17-CAKECONH1997,catalog/new/F17-CAKECONH1997.jpg
F17-EGLECAKECONO98,catalog/new/F17-EGLECAKECONO98.jpg
F17-EL2kgPineappleCake,catalog/new/F17-EL2kgPineappleCake.jpg
F17-ELChocolateCake,catalog/new/F17-ELChocolateCake.jpg
F17-Eggless Chocolate,catalog/new/F17-Eggless Chocolate.jpg
F17-2kg Chocolate Cake,catalog/new/F17-2kg Chocolate Cake.jpg
F17-EL2kgChocolateCake,catalog/new/F17-EL2kgChocolateCake.jpg
F17-CAKECHOH004,catalog/new/F17-CAKECHOH004.jpg
F17-CAKECHOO005,catalog/new/F17-CAKECHOO005.jpg
F17-EGCAKECHOO005,catalog/new/F17-EGCAKECHOO005.jpg
F17-Eggless Pineapple,catalog/new/F17-Eggless Pineapple.jpg
F17-EGCAKECHOH004,catalog/new/F17-EGCAKECHOH004.jpg
F17-CAKEBUTTO008,catalog/new/F17-CAKEBUTTO008.jpg
F17-Butterscotch Cake28,catalog/new/F17-Butterscotch Cake28.jpg
F17-EGGTRUFFLECAKE2,catalog/new/F17-EGGTRUFFLECAKE2.jpg
F17-EGCAKEBUTTO008,catalog/new/F17-EGCAKEBUTTO008.jpg
F17-ELButterscotchCake,catalog/new/F17-ELButterscotchCake.jpg
F17-CAKETFLHE001,catalog/new/F17-CAKETFLHE001.jpg
F17-CAKETFLOE001,catalog/new/F17-CAKETFLOE001.jpg
F17-CAKEBUTTH007,catalog/new/F17-CAKEBUTTH007.jpg
F17-EGCAKEBLFTO020,catalog/new/F17-EGCAKEBLFTO020.jpg
F17-EGCAKEVANH022,catalog/new/F17-EGCAKEVANH022.jpg
F17-EGCAKEFRUO011,catalog/new/F17-EGCAKEFRUO011.jpg
F17-EGCAKEHSTFLO017,catalog/new/F17-EGCAKEHSTFLO017.jpg
F17-EGCAKEBLFTH019,catalog/new/F17-EGCAKEBLFTH019.jpg
F17-CAKEPINO014,catalog/new/F17-CAKEPINO014.jpg
F17-HKTCake,catalog/new/F17-HKTCake.jpg
F17-EGGTRUFFLECAKE1,catalog/new/F17-EGGTRUFFLECAKE1.jpg
F17-EGGTRUFFLECAKE3,catalog/new/F17-EGGTRUFFLECAKE3.jpg
F17-EGCAKEBUTTH007,catalog/new/F17-EGCAKEBUTTH007.jpg
F17-EGCAKEPINO014,catalog/new/F17-EGCAKEPINO014.jpg
F17-Heartshape Cake,catalog/new/F17-Heartshape Cake.jpg
F17-2kg Blackforest Cake,catalog/new/F17-2kg Blackforest Cake.jpg
F17-EgglessHeartshape110,catalog/new/F17-EgglessHeartshape110.jpg
F17-Blackforest Cake,catalog/new/F17-Blackforest Cake.jpg
F17-2kg Pineapple Cake,catalog/new/F17-2kg Pineapple Cake.jpg
F17-ELBlackforestCake,catalog/new/F17-ELBlackforestCake.jpg
F17-ELPineappleCake,catalog/new/F17-ELPineappleCake.jpg
F17-Eggless Blackforest109,catalog/new/F17-Eggless Blackforest109.jpg
F17-CAKEPINH013,catalog/new/F17-CAKEPINH013.jpg
F17-EGCAKEPINH013,catalog/new/F17-EGCAKEPINH013.jpg
F17-CAKEBLFTH019,catalog/new/F17-CAKEBLFTH019.jpg
F17-CAKEVANH022,catalog/new/F17-CAKEVANH022.jpg
F17-CAKEFRUO011,catalog/new/F17-CAKEFRUO011.jpg
F17-EGGCAKEBL080,catalog/new/F17-EGGCAKEBL080.jpg
F17-CAKEBLFTO067,catalog/new/F17-CAKEBLFTO067.jpg
F17-CAKEHSTFLO017,catalog/new/F17-CAKEHSTFLO017.jpg
F17-CAKEBLFTO020,catalog/new/F17-CAKEBLFTO020.jpg
F17-CAKECONH1483,catalog/new/F17-CAKECONH1483.jpg
F17-EGGCAKECONH1983,catalog/new/F17-EGGCAKECONH1983.jpg
F17-CAKECONH1338,catalog/new/F17-CAKECONH1338.jpg
F17-EGGCAKEC83,catalog/new/F17-EGGCAKEC83.jpg
F17-CAKECON3017,catalog/new/F17-CAKECON3017.jpg
F17-MBCAKE22,catalog/new/F17-MBCAKE22.jpg
F17-MBCAKE38,catalog/new/F17-MBCAKE38.jpg
F17-MBCAKE46,catalog/new/F17-MBCAKE46.jpg
F17-MBCAKE40,catalog/new/F17-MBCAKE40.jpg
GIFTSFNP4473,catalog/courier/GIFTSFNP4473.jpg
GIFTSFNP1168,catalog/courier/GIFTSFNP1168.jpg
MG86,catalog/courier/MG86.jpg
MG153,catalog/courier/MG153.jpg
MG143,catalog/courier/MG143.jpg
GIFTSFNP4952,catalog/courier/GIFTSFNP4952.jpg
MG394,catalog/courier/MG394.jpg
GIFTSFNP1018,catalog/courier/GIFTSFNP1018.jpg
MG141,catalog/courier/MG141.jpg
GIFTSFNP4957,catalog/courier/GIFTSFNP4957.jpg
GIFTSFNP4943,catalog/courier/GIFTSFNP4943.jpg
GIFTSFNP1183,catalog/courier/GIFTSFNP1183.jpg
GIFTSFNP4472,catalog/courier/GIFTSFNP4472.jpg
GIFTSFNP4953,catalog/courier/GIFTSFNP4953.jpg
GIFTSFNP4954,catalog/courier/GIFTSFNP4954.jpg
GIFTSFNP4955,catalog/courier/GIFTSFNP4955.jpg
GIFTSFNP4956,catalog/courier/GIFTSFNP4956.jpg
GIFTSFNP4958,catalog/courier/GIFTSFNP4958.jpg
GIFTSFNP4959,catalog/courier/GIFTSFNP4959.jpg
GIFTSFNP4960,catalog/courier/GIFTSFNP4960.jpg
GIFTSFNP4961,catalog/courier/GIFTSFNP4961.jpg
GIFTSFNP4962,catalog/courier/GIFTSFNP4962.jpg
GIFTSFNP4964,catalog/courier/GIFTSFNP4964.jpg
GIFTSFNP4966,catalog/courier/GIFTSFNP4966.jpg
GIFTSFNP453,catalog/courier/GIFTSFNP453.jpg
GIFTSFNP100,catalog/courier/GIFTSFNP100.jpg
GIFTSFNP1670,catalog/courier/GIFTSFNP1670.jpg
GIFTSFNP1752,catalog/courier/GIFTSFNP1752.jpg
GIFTSFNP20,catalog/courier/GIFTSFNP20.jpg
GIFTSFNP4457,catalog/courier/GIFTSFNP4457.jpg
GIFTSFNP970,catalog/courier/GIFTSFNP970.jpg
GIFTSFNP4374,catalog/courier/GIFTSFNP4374.jpg
GIFTSFNP968,catalog/courier/GIFTSFNP968.jpg
GIFTSFNP3,catalog/courier/GIFTSFNP3.jpg
GIFTSFNP4670,catalog/courier/GIFTSFNP4670.jpg
GIFTSFNP971,catalog/courier/GIFTSFNP971.jpg
GIFTSFNP924,catalog/courier/GIFTSFNP924.jpg
VG21,catalog/courier/VG21.jpg
GIFTSFNP1159,catalog/courier/GIFTSFNP1159.jpg
GIFTSFNP456,catalog/courier/GIFTSFNP456.jpg
GIFTSFNP451,catalog/courier/GIFTSFNP451.jpg
GIFTSFNP448,catalog/courier/GIFTSFNP448.jpg
GIFTSFNP1673,catalog/courier/GIFTSFNP1673.jpg
GIFTSFNP1848,catalog/courier/GIFTSFNP1848.jpg
VG223,catalog/courier/VG223.jpg
GIFTSFNP4984,catalog/courier/GIFTSFNP4984.jpg
GIFTSFNP5024,catalog/courier/GIFTSFNP5024.jpg
GIFTSFNP450,catalog/courier/GIFTSFNP450.jpg
GIFTSFNP4462,catalog/courier/GIFTSFNP4462.jpg
MG462,catalog/courier/MG462.jpg
GIFTSFNP1049,catalog/courier/GIFTSFNP1049.jpg
VG392,catalog/courier/VG392.jpg
GIFTSFNP1757,catalog/courier/GIFTSFNP1757.jpg
PLANT10,catalog/courier/PLANT10.jpg
GIFTSFNP952,catalog/courier/GIFTSFNP952.jpg
GIFTSFNP4573,catalog/courier/GIFTSFNP4573.jpg
GIFTSFNP4673,catalog/courier/GIFTSFNP4673.jpg
GIFTSFNP4672,catalog/courier/GIFTSFNP4672.jpg
GIFTSFNP4977,catalog/courier/GIFTSFNP4977.jpg
GIFTSFNP4988,catalog/courier/GIFTSFNP4988.jpg
GIFTSFNP4629,catalog/courier/GIFTSFNP4629.jpg
GIFTSFNP4630,catalog/courier/GIFTSFNP4630.jpg
GIFTSFNP4631,catalog/courier/GIFTSFNP4631.jpg
GIFTSFNP4637,catalog/courier/GIFTSFNP4637.jpg
GIFTSFNP4640,catalog/courier/GIFTSFNP4640.jpg
GIFTSFNP4641,catalog/courier/GIFTSFNP4641.jpg
GIFTSFNP4976,catalog/courier/GIFTSFNP4976.jpg
GIFTSFNP4985,catalog/courier/GIFTSFNP4985.jpg
GIFTSFNP4986,catalog/courier/GIFTSFNP4986.jpg
GIFTSFNP4987,catalog/courier/GIFTSFNP4987.jpg
GIFTSFNP2052,catalog/courier/GIFTSFNP2052.jpg
GIFTSFNP2050,catalog/courier/GIFTSFNP2050.jpg
GIFTSFNP4467,catalog/courier/GIFTSFNP4467.jpg
GIFTSFNP2534,catalog/courier/GIFTSFNP2534.jpg
GIFTSFNP570,catalog/courier/GIFTSFNP570.jpg
VG8,catalog/courier/VG8.jpg
GIFTSFNP4595,catalog/courier/GIFTSFNP4595.jpg
GIFTSFNP1930,catalog/courier/GIFTSFNP1930.jpg
GIFTSFNP2532,catalog/courier/GIFTSFNP2532.jpg
GIFTSFNP1913,catalog/courier/GIFTSFNP1913.jpg
GIFTSFNP4598,catalog/courier/GIFTSFNP4598.jpg
GIFTSFNP4466,catalog/courier/GIFTSFNP4466.jpg
GIFTSFNP4714,catalog/courier/GIFTSFNP4714.jpg
GIFTSFNP2533,catalog/courier/GIFTSFNP2533.jpg
MG43,catalog/courier/MG43.jpg
GIFTSFNP1326,catalog/courier/GIFTSFNP1326.jpg
GIFTSFNP4408,catalog/courier/GIFTSFNP4408.jpg
GIFTSFNP4564,catalog/courier/GIFTSFNP4564.jpg
GIFTSFNP4455,catalog/courier/GIFTSFNP4455.jpg
GIFTSFNP1104,catalog/courier/GIFTSFNP1104.jpg
MG243,catalog/courier/MG243.jpg
GIFTSFNP2048,catalog/courier/GIFTSFNP2048.jpg
GIFTSFNP2027,catalog/courier/GIFTSFNP2027.jpg
GIFTSFNP1320,catalog/courier/GIFTSFNP1320.jpg
GIFTSFNP4716,catalog/courier/GIFTSFNP4716.jpg
GIFTSFNP1494,catalog/courier/GIFTSFNP1494.jpg
GIFTSFNP1113,catalog/courier/GIFTSFNP1113.jpg
GIFTSFNP1114,catalog/courier/GIFTSFNP1114.jpg
GIFTSFNP250,catalog/courier/GIFTSFNP250.jpg
FG1,catalog/courier/FG1.jpg
GIFTSFNP2011,catalog/courier/GIFTSFNP2011.jpg
GIFTSFNP1920,catalog/courier/GIFTSFNP1920.jpg
GIFTSFNP1314,catalog/courier/GIFTSFNP1314.jpg
GIFTSFNP1493,catalog/courier/GIFTSFNP1493.jpg
GIFTSFNP2091,catalog/courier/GIFTSFNP2091.jpg
GIFTSFNP2130,catalog/courier/GIFTSFNP2130.jpg
GIFTSFNP1098,catalog/courier/GIFTSFNP1098.jpg
GIFTSFNP1109,catalog/courier/GIFTSFNP1109.jpg
VG28,catalog/courier/VG28.jpg
VG53,catalog/courier/VG53.jpg
VG61,catalog/courier/VG61.jpg
VG84,catalog/courier/VG84.jpg
VG94,catalog/courier/VG94.jpg
VG121,catalog/courier/VG121.jpg
VG166,catalog/courier/VG166.jpg
VG169,catalog/courier/VG169.jpg
VG204,catalog/courier/VG204.jpg
VG340,catalog/courier/VG340.jpg
GIFTSFNP4409,catalog/courier/GIFTSFNP4409.jpg
GIFTSFNP4584,catalog/courier/GIFTSFNP4584.jpg
GIFTSFNP4586,catalog/courier/GIFTSFNP4586.jpg
GIFTSFNP4599,catalog/courier/GIFTSFNP4599.jpg
GIFTSFNP4688,catalog/courier/GIFTSFNP4688.jpg
GIFTSFNP4689,catalog/courier/GIFTSFNP4689.jpg
GIFTSFNP4690,catalog/courier/GIFTSFNP4690.jpg
GIFTSFNP4712,catalog/courier/GIFTSFNP4712.jpg
GIFTSFNP4713,catalog/courier/GIFTSFNP4713.jpg
GIFTSFNP4715,catalog/courier/GIFTSFNP4715.jpg
GIFTSFNP4718,catalog/courier/GIFTSFNP4718.jpg
VG507,catalog/courier/VG507.jpg
VG511,catalog/courier/VG511.jpg
GIFTSFNP869,catalog/courier/GIFTSFNP869.jpg
MG74,catalog/courier/MG74.jpg
GIFTSFNP4468,catalog/courier/GIFTSFNP4468.jpg
GIFTSFNP2012,catalog/courier/GIFTSFNP2012.jpg
GIFTSFNP2022,catalog/courier/GIFTSFNP2022.jpg
VG295,catalog/courier/VG295.jpg
GIFTSFNP4469,catalog/courier/GIFTSFNP4469.jpg
FG75,catalog/courier/FG75.jpg
GIFTSFNP1931,catalog/courier/GIFTSFNP1931.jpg
GIFTSFNP2016,catalog/courier/GIFTSFNP2016.jpg
GIFTSFNP4567,catalog/courier/GIFTSFNP4567.jpg
GIFTSFNP4568,catalog/courier/GIFTSFNP4568.jpg
GIFTSFNP4571,catalog/courier/GIFTSFNP4571.jpg
GIFTSFNP4572,catalog/courier/GIFTSFNP4572.jpg
GIFTSFNP4574,catalog/courier/GIFTSFNP4574.jpg
GIFTSFNP4581,catalog/courier/GIFTSFNP4581.jpg
GIFTSFNP4580,catalog/courier/GIFTSFNP4580.jpg
GIFTSFNP4694,catalog/courier/GIFTSFNP4694.jpg
GIFTSFNP4695,catalog/courier/GIFTSFNP4695.jpg
GIFTSFNP4696,catalog/courier/GIFTSFNP4696.jpg
GIFTSFNP4698,catalog/courier/GIFTSFNP4698.jpg
GIFTSFNP4576,catalog/courier/GIFTSFNP4576.jpg
GIFTSFNP4699,catalog/courier/GIFTSFNP4699.jpg
GIFTSFNP4606,catalog/courier/GIFTSFNP4606.jpg
GIFTSFNP4601,catalog/courier/GIFTSFNP4601.jpg
GIFTSFNP4693,catalog/courier/GIFTSFNP4693.jpg
GIFTSFNP1514,catalog/courier/GIFTSFNP1514.jpg
GIFTSFNP847,catalog/courier/GIFTSFNP847.jpg
MG60,catalog/courier/MG60.jpg
GIFTSFNP4587,catalog/courier/GIFTSFNP4587.jpg
FG3,catalog/courier/FG3.jpg
GIFTSFNP2094,catalog/courier/GIFTSFNP2094.jpg
GIFTSFNP1722,catalog/courier/GIFTSFNP1722.jpg
GIFTSFNP1908,catalog/courier/GIFTSFNP1908.jpg
VG145,catalog/courier/VG145.jpg
VG195,catalog/courier/VG195.jpg
VG486,catalog/courier/VG486.jpg
GIFTSFNP4401,catalog/courier/GIFTSFNP4401.jpg
GIFTSFNP4402,catalog/courier/GIFTSFNP4402.jpg
GIFTSFNP4435,catalog/courier/GIFTSFNP4435.jpg
GIFTSFNP4585,catalog/courier/GIFTSFNP4585.jpg
GIFTSFNP4691,catalog/courier/GIFTSFNP4691.jpg
GIFTSFNP4692,catalog/courier/GIFTSFNP4692.jpg
GIFTSFNP1684,catalog/courier/GIFTSFNP1684.jpg
MG562,catalog/courier/MG562.jpg
GIFTSFNP480,catalog/courier/GIFTSFNP480.jpg
GIFTSFNP79,catalog/courier/GIFTSFNP79.jpg
GIFTSFNP2424,catalog/courier/GIFTSFNP2424.jpg
GIFTSFNP1375,catalog/courier/GIFTSFNP1375.jpg
GIFTSFNP2504,catalog/courier/GIFTSFNP2504.jpg
GIFTSFNP1682,catalog/courier/GIFTSFNP1682.jpg
GIFTSFNP1414,catalog/courier/GIFTSFNP1414.jpg
MG594,catalog/courier/MG594.jpg
GIFTSFNP2394,catalog/courier/GIFTSFNP2394.jpg
Newlucky2,catalog/courier/Newlucky2.jpg
VG426,catalog/courier/VG426.jpg
GIFTSFNP4424,catalog/courier/GIFTSFNP4424.jpg
PLANT8,catalog/courier/PLANT8.jpg
GIFTSFNP4439,catalog/courier/GIFTSFNP4439.jpg
GIFTSFNP4942,catalog/courier/GIFTSFNP4942.jpg
GIFTSFNP4417,catalog/courier/GIFTSFNP4417.jpg
GIFTSFNP1416,catalog/courier/GIFTSFNP1416.jpg
GIFTSFNP1372,catalog/courier/GIFTSFNP1372.jpg
GIFTSFNP1376,catalog/courier/GIFTSFNP1376.jpg
MG88,catalog/courier/MG88.jpg
MG139,catalog/courier/MG139.jpg
MG307,catalog/courier/MG307.jpg
VG417,catalog/courier/VG417.jpg
MG593,catalog/courier/MG593.jpg
MG630,catalog/courier/MG630.jpg
GIFTSFNP1127,catalog/courier/GIFTSFNP1127.jpg
GIFTSFNP1243,catalog/courier/GIFTSFNP1243.jpg
GIFTSFNP1371,catalog/courier/GIFTSFNP1371.jpg
GIFTSFNP1393,catalog/courier/GIFTSFNP1393.jpg
GIFTSFNP4407,catalog/courier/GIFTSFNP4407.jpg
GIFTSFNP4428,catalog/courier/GIFTSFNP4428.jpg
GLP3,catalog/courier/GLP3.jpg
MG42,catalog/courier/MG42.jpg
Ficus_microcarpa,catalog/courier/Ficus_microcarpa.jpg
GIFTSFNP1453,catalog/courier/GIFTSFNP1453.jpg
GIFTSFNP2499,catalog/courier/GIFTSFNP2499.jpg
MG334,catalog/courier/MG334.jpg
GIFTSFNP728,catalog/courier/GIFTSFNP728.jpg
GIFTSFNP1396,catalog/courier/GIFTSFNP1396.jpg
VG419,catalog/courier/VG419.jpg
VG422,catalog/courier/VG422.jpg
GIFTSFNP4934,catalog/courier/GIFTSFNP4934.jpg
GIFTSFNP4429,catalog/courier/GIFTSFNP4429.jpg
GIFTSFNP4937,catalog/courier/GIFTSFNP4937.jpg
GIFTSFNP4970,catalog/courier/GIFTSFNP4970.jpg
EXDPLANT1,catalog/courier/EXDPLANT1.jpg
EXDPLANT2,catalog/courier/EXDPLANT2.jpg
GIFTSFNP5352,catalog/courier/GIFTSFNP5352.jpg
GIFTSFNP467,catalog/courier/GIFTSFNP467.jpg
GIFTSFNP589,catalog/courier/GIFTSFNP589.jpg
GIFTSFNP32,catalog/courier/GIFTSFNP32.jpg
GIFTSFNP270,catalog/courier/GIFTSFNP270.jpg
GIFTSFNP346,catalog/courier/GIFTSFNP346.jpg
GIFTSFNP436,catalog/courier/GIFTSFNP436.jpg
GIFTSFNP2430,catalog/courier/GIFTSFNP2430.jpg
GIFTSFNP2436,catalog/courier/GIFTSFNP2436.jpg
GIFTSFNP629,catalog/courier/GIFTSFNP629.jpg
GIFTSFNP4807,catalog/courier/GIFTSFNP4807.jpg
GIFTSFNP486,catalog/courier/GIFTSFNP486.jpg
GIFTSFNP4802,catalog/courier/GIFTSFNP4802.jpg
GIFTSFNP35,catalog/courier/GIFTSFNP35.jpg
GIFTSFNP382,catalog/courier/GIFTSFNP382.jpg
GIFTSFNP4812,catalog/courier/GIFTSFNP4812.jpg
GIFTSFNP4776,catalog/courier/GIFTSFNP4776.jpg
GIFTSFNP484,catalog/courier/GIFTSFNP484.jpg
GIFTSFNP521,catalog/courier/GIFTSFNP521.jpg
GIFTSFNP312,catalog/courier/GIFTSFNP312.jpg
GIFTSFNP314,catalog/courier/GIFTSFNP314.jpg
GIFTSFNP426,catalog/courier/GIFTSFNP426.jpg
GIFTSFNP1080,catalog/courier/GIFTSFNP1080.jpg
GIFTSFNP4806,catalog/courier/GIFTSFNP4806.jpg
MG22,catalog/courier/MG22.jpg
VG495,catalog/courier/VG495.jpg
GIFTSFNP1237,catalog/courier/GIFTSFNP1237.jpg
GIFTSFNP310,catalog/courier/GIFTSFNP310.jpg
GIFTSFNP411,catalog/courier/GIFTSFNP411.jpg
VG218,catalog/courier/VG218.jpg
VG17,catalog/courier/VG17.jpg
VG22,catalog/courier/VG22.jpg
VG34,catalog/courier/VG34.jpg
VG35,catalog/courier/VG35.jpg
VG282,catalog/courier/VG282.jpg
VG298,catalog/courier/VG298.jpg
VG206,catalog/courier/VG206.jpg
GIFTSFNP4575,catalog/courier/GIFTSFNP4575.jpg
VG112,catalog/courier/VG112.jpg
GIFTSFNP1409,catalog/courier/GIFTSFNP1409.jpg
GIFTSFNP625,catalog/courier/GIFTSFNP625.jpg
GIFTSFNP4667,catalog/courier/GIFTSFNP4667.jpg
GIFTSFNP1510,catalog/courier/GIFTSFNP1510.jpg
GIFTSFNP162,catalog/courier/GIFTSFNP162.jpg
VG96,catalog/courier/VG96.jpg
GIFTSFNP1618,catalog/courier/GIFTSFNP1618.jpg
GIFTSFNP2729,catalog/courier/GIFTSFNP2729.jpg
FG167,catalog/courier/FG167.jpg
GIFTSFNP1458,catalog/courier/GIFTSFNP1458.jpg
FG15,catalog/courier/FG15.jpg
VG15,catalog/courier/VG15.jpg
GIFTSFNP2078,catalog/courier/GIFTSFNP2078.jpg
GIFTSFNP2727,catalog/courier/GIFTSFNP2727.jpg
GIFTSFNP1707,catalog/courier/GIFTSFNP1707.jpg
FG152,catalog/courier/FG152.jpg
VG6,catalog/courier/VG6.jpg
VG306,catalog/courier/VG306.jpg
GIFTSFNP2075,catalog/courier/GIFTSFNP2075.jpg
GIFTSFNP1426,catalog/courier/GIFTSFNP1426.jpg
GIFTSFNP630,catalog/courier/GIFTSFNP630.jpg
GIFTSFNP4566,catalog/courier/GIFTSFNP4566.jpg
GIFTSFNP168,catalog/courier/GIFTSFNP168.jpg
GIFTSFNP2733,catalog/courier/GIFTSFNP2733.jpg
MG444,catalog/courier/MG444.jpg
GIFTSFNP1079,catalog/courier/GIFTSFNP1079.jpg
VG347,catalog/courier/VG347.jpg
FG56,catalog/courier/FG56.jpg
GIFTSFNP2058,catalog/courier/GIFTSFNP2058.jpg
GIFTSFNP932,catalog/courier/GIFTSFNP932.jpg
GIFTSFNP5298,catalog/courier/GIFTSFNP5298.jpg
GIFTSFNP2029,catalog/courier/GIFTSFNP2029.jpg
MG11,catalog/courier/MG11.jpg
MG482,catalog/courier/MG482.jpg
GIFTSFNP442,catalog/courier/GIFTSFNP442.jpg
GIFTSFNP4460,catalog/courier/GIFTSFNP4460.jpg
MG428,catalog/courier/MG428.jpg
MG461,catalog/courier/MG461.jpg
GIFTSFNP1662,catalog/courier/GIFTSFNP1662.jpg
GIFTSFNP4579,catalog/courier/GIFTSFNP4579.jpg
VG2,catalog/courier/VG2.jpg
VG3,catalog/courier/VG3.jpg
VG7,catalog/courier/VG7.jpg
VG69,catalog/courier/VG69.jpg
VG103,catalog/courier/VG103.jpg
VG274,catalog/courier/VG274.jpg
VG308,catalog/courier/VG308.jpg
VG430,catalog/courier/VG430.jpg
GIFTSFNP4423,catalog/courier/GIFTSFNP4423.jpg
GIFTSFNP4627,catalog/courier/GIFTSFNP4627.jpg
GIFTSFNP4420,catalog/courier/GIFTSFNP4420.jpg
GIFTSFNP4993,catalog/courier/GIFTSFNP4993.jpg
GIFTSFNP4434,catalog/courier/GIFTSFNP4434.jpg
GIFTSFNP4436,catalog/courier/GIFTSFNP4436.jpg
GIFTSFNP4440,catalog/courier/GIFTSFNP4440.jpg
GIFTSFNP4450,catalog/courier/GIFTSFNP4450.jpg
GIFTSFNP4451,catalog/courier/GIFTSFNP4451.jpg
GIFTSFNP4452,catalog/courier/GIFTSFNP4452.jpg
GIFTSFNP4565,catalog/courier/GIFTSFNP4565.jpg
GIFTSFNP4569,catalog/courier/GIFTSFNP4569.jpg
GIFTSFNP4570,catalog/courier/GIFTSFNP4570.jpg
VG75,catalog/courier/VG75.jpg
GIFTSFNP4577,catalog/courier/GIFTSFNP4577.jpg
GIFTSFNP4991,catalog/courier/GIFTSFNP4991.jpg
GIFTSFNP4588,catalog/courier/GIFTSFNP4588.jpg
GIFTSFNP4994,catalog/courier/GIFTSFNP4994.jpg
VG172,catalog/courier/VG172.jpg
GIFTSFNP4697,catalog/courier/GIFTSFNP4697.jpg
GIFTSFNP4971,catalog/courier/GIFTSFNP4971.jpg
GIFTSFNP4997,catalog/courier/GIFTSFNP4997.jpg
GIFTSFNP5005,catalog/courier/GIFTSFNP5005.jpg
GIFTSFNP5029,catalog/courier/GIFTSFNP5029.jpg
GIFTSFNP5030,catalog/courier/GIFTSFNP5030.jpg
GIFTSFNP1742,catalog/courier/GIFTSFNP1742.jpg
VG37,catalog/courier/VG37.jpg
VG4,catalog/courier/VG4.jpg
GIFTSFNP1906,catalog/courier/GIFTSFNP1906.jpg
GIFTSFNP1482,catalog/courier/GIFTSFNP1482.jpg
GIFTSFNP1768,catalog/courier/GIFTSFNP1768.jpg
GIFTSFNP1797,catalog/courier/GIFTSFNP1797.jpg
GIFTSFNP1481,catalog/courier/GIFTSFNP1481.jpg
GIFTSFNP1761,catalog/courier/GIFTSFNP1761.jpg
GIFTSFNP1763,catalog/courier/GIFTSFNP1763.jpg
GIFTSFNP1766,catalog/courier/GIFTSFNP1766.jpg
GIFTSFNP1767,catalog/courier/GIFTSFNP1767.jpg
GIFTSFNP1769,catalog/courier/GIFTSFNP1769.jpg
GIFTSFNP1771,catalog/courier/GIFTSFNP1771.jpg
GIFTSFNP1772,catalog/courier/GIFTSFNP1772.jpg
GIFTSFNP4680,catalog/courier/GIFTSFNP4680.jpg
GIFTSFNP4651,catalog/courier/GIFTSFNP4651.jpg
GIFTSFNP4652,catalog/courier/GIFTSFNP4652.jpg
GIFTSFNP4654,catalog/courier/GIFTSFNP4654.jpg
GIFTSFNP4656,catalog/courier/GIFTSFNP4656.jpg
GIFTSFNP4658,catalog/courier/GIFTSFNP4658.jpg
GIFTSFNP4675,catalog/courier/GIFTSFNP4675.jpg
GIFTSFNP4676,catalog/courier/GIFTSFNP4676.jpg
GIFTSFNP4677,catalog/courier/GIFTSFNP4677.jpg
GIFTSFNP4679,catalog/courier/GIFTSFNP4679.jpg
GIFTSFNP4683,catalog/courier/GIFTSFNP4683.jpg
GIFTSFNP4684,catalog/courier/GIFTSFNP4684.jpg
GIFTSFNP4685,catalog/courier/GIFTSFNP4685.jpg
GIFTSFNP4687,catalog/courier/GIFTSFNP4687.jpg
GIFTSFNP4619,catalog/courier/GIFTSFNP4619.jpg
GIFTSFNP4644,catalog/courier/GIFTSFNP4644.jpg
GIFTSFNP62,catalog/courier/GIFTSFNP62.jpg
GIFTSFNP4593,catalog/courier/GIFTSFNP4593.jpg
GIFTSFNP4594,catalog/courier/GIFTSFNP4594.jpg
GIFTSFNP4596,catalog/courier/GIFTSFNP4596.jpg
GIFTSFNP4597,catalog/courier/GIFTSFNP4597.jpg
GIFTSFNP4600,catalog/courier/GIFTSFNP4600.jpg
GIFTSFNP4717,catalog/courier/GIFTSFNP4717.jpg
GIFTSFNP4719,catalog/courier/GIFTSFNP4719.jpg
GIFTSFNP4720,catalog/courier/GIFTSFNP4720.jpg
GIFTSFNP4721,catalog/courier/GIFTSFNP4721.jpg
GIFTSFNP4722,catalog/courier/GIFTSFNP4722.jpg
GIFTSFNP4723,catalog/courier/GIFTSFNP4723.jpg
GIFTSFNP4730,catalog/courier/GIFTSFNP4730.jpg
GIFTSFNP4732,catalog/courier/GIFTSFNP4732.jpg
GIFTSFNP4733,catalog/courier/GIFTSFNP4733.jpg
GIFTSFNP4736,catalog/courier/GIFTSFNP4736.jpg
VG515,catalog/courier/VG515.jpg
GIFTSFNP5031,catalog/courier/GIFTSFNP5031.jpg
GIFTSFNP5032,catalog/courier/GIFTSFNP5032.jpg
GIFTSFNP5033,catalog/courier/GIFTSFNP5033.jpg
GIFTSFNP5034,catalog/courier/GIFTSFNP5034.jpg
GIFTSFNP5035,catalog/courier/GIFTSFNP5035.jpg
GIFTSFNP5036,catalog/courier/GIFTSFNP5036.jpg
GIFTSFNP5037,catalog/courier/GIFTSFNP5037.jpg
GIFTSFNP5038,catalog/courier/GIFTSFNP5038.jpg
GIFTSFNP5093,catalog/courier/GIFTSFNP5093.jpg
GIFTSFNP5094,catalog/courier/GIFTSFNP5094.jpg
GIFTSFNP5095,catalog/courier/GIFTSFNP5095.jpg
GIFTSFNP5096,catalog/courier/GIFTSFNP5096.jpg
GIFTSFNP5097,catalog/courier/GIFTSFNP5097.jpg
GIFTSFNP5105,catalog/courier/GIFTSFNP5105.jpg
GIFTSFNP5106,catalog/courier/GIFTSFNP5106.jpg
GIFTSFNP5108,catalog/courier/GIFTSFNP5108.jpg
GIFTSFNP5113,catalog/courier/GIFTSFNP5113.jpg
GIFTSFNP5114,catalog/courier/GIFTSFNP5114.jpg
GIFTSFNP5115,catalog/courier/GIFTSFNP5115.jpg
GIFTSFNP5116,catalog/courier/GIFTSFNP5116.jpg
GIFTSFNP5119,catalog/courier/GIFTSFNP5119.jpg
GIFTSFNP5121,catalog/courier/GIFTSFNP5121.jpg
GIFTSFNP5123,catalog/courier/GIFTSFNP5123.jpg
GIFTSFNP5125,catalog/courier/GIFTSFNP5125.jpg
GIFTSFNP5126,catalog/courier/GIFTSFNP5126.jpg
GIFTSFNP5128,catalog/courier/GIFTSFNP5128.jpg
GIFTSFNP5129,catalog/courier/GIFTSFNP5129.jpg
GIFTSFNP5130,catalog/courier/GIFTSFNP5130.jpg
GIFTSFNP4725,catalog/courier/GIFTSFNP4725.jpg
GIFTSFNP4727,catalog/courier/GIFTSFNP4727.jpg
GIFTSFNP4728,catalog/courier/GIFTSFNP4728.jpg
GIFTSFNP4731,catalog/courier/GIFTSFNP4731.jpg
GIFTSFNP4735,catalog/courier/GIFTSFNP4735.jpg
GIFTSFNP5000,catalog/courier/GIFTSFNP5000.jpg
VG519,catalog/courier/VG519.jpg
GIFTSFNP5098,catalog/courier/GIFTSFNP5098.jpg
GIFTSFNP5099,catalog/courier/GIFTSFNP5099.jpg
GIFTSFNP5100,catalog/courier/GIFTSFNP5100.jpg
GIFTSFNP5101,catalog/courier/GIFTSFNP5101.jpg
GIFTSFNP5102,catalog/courier/GIFTSFNP5102.jpg
GIFTSFNP5103,catalog/courier/GIFTSFNP5103.jpg
GIFTSFNP5117,catalog/courier/GIFTSFNP5117.jpg
GIFTSFNP5118,catalog/courier/GIFTSFNP5118.jpg
GIFTSFNP5120,catalog/courier/GIFTSFNP5120.jpg
GIFTSFNP5122,catalog/courier/GIFTSFNP5122.jpg
GIFTSFNP5124,catalog/courier/GIFTSFNP5124.jpg
VG57,catalog/courier/VG57.jpg
GIFTSFNP4400,catalog/courier/GIFTSFNP4400.jpg
GIFTSFNP4433,catalog/courier/GIFTSFNP4433.jpg
GIFTSFNP4458,catalog/courier/GIFTSFNP4458.jpg
GIFTSFNP4476,catalog/courier/GIFTSFNP4476.jpg
GIFTSFNP4477,catalog/courier/GIFTSFNP4477.jpg
GIFTSFNP4478,catalog/courier/GIFTSFNP4478.jpg
GIFTSFNP4578,catalog/courier/GIFTSFNP4578.jpg
GIFTSFNP4614,catalog/courier/GIFTSFNP4614.jpg
GIFTSFNP4620,catalog/courier/GIFTSFNP4620.jpg
GIFTSFNP4645,catalog/courier/GIFTSFNP4645.jpg
GIFTSFNP4682,catalog/courier/GIFTSFNP4682.jpg
GIFTSFNP4963,catalog/courier/GIFTSFNP4963.jpg
GIFTSFNP4965,catalog/courier/GIFTSFNP4965.jpg
GIFTSFNP4999,catalog/courier/GIFTSFNP4999.jpg
GIFTSFNP5022,catalog/courier/GIFTSFNP5022.jpg
VG535,catalog/courier/VG535.jpg
GIFTSFNP5087,catalog/courier/GIFTSFNP5087.jpg
GIFTSFNP5107,catalog/courier/GIFTSFNP5107.jpg
GIFTSFNP5111,catalog/courier/GIFTSFNP5111.jpg
GIFTSFNP5112,catalog/courier/GIFTSFNP5112.jpg
GIFTSFNP5134,catalog/courier/GIFTSFNP5134.jpg
GIFTSFNP5135,catalog/courier/GIFTSFNP5135.jpg
GIFTSFNP1661,catalog/courier/GIFTSFNP1661.jpg
GIFTSFNP4602,catalog/courier/GIFTSFNP4602.jpg
GIFTSFNP4603,catalog/courier/GIFTSFNP4603.jpg
GIFTSFNP4604,catalog/courier/GIFTSFNP4604.jpg
GIFTSFNP4605,catalog/courier/GIFTSFNP4605.jpg
GIFTSFNP4724,catalog/courier/GIFTSFNP4724.jpg
GIFTSFNP4726,catalog/courier/GIFTSFNP4726.jpg
GIFTSFNP4729,catalog/courier/GIFTSFNP4729.jpg
GIFTSFNP4734,catalog/courier/GIFTSFNP4734.jpg
GIFTSFNP4737,catalog/courier/GIFTSFNP4737.jpg
GIFTSFNP4738,catalog/courier/GIFTSFNP4738.jpg
GIFTSFNP5083,catalog/courier/GIFTSFNP5083.jpg
GIFTSFNP5084,catalog/courier/GIFTSFNP5084.jpg
GIFTSFNP5085,catalog/courier/GIFTSFNP5085.jpg
GIFTSFNP5086,catalog/courier/GIFTSFNP5086.jpg
GIFTSFNP5088,catalog/courier/GIFTSFNP5088.jpg
GIFTSFNP5089,catalog/courier/GIFTSFNP5089.jpg
GIFTSFNP5090,catalog/courier/GIFTSFNP5090.jpg
GIFTSFNP5091,catalog/courier/GIFTSFNP5091.jpg
GIFTSFNP5092,catalog/courier/GIFTSFNP5092.jpg
GIFTSFNP5109,catalog/courier/GIFTSFNP5109.jpg
GIFTSFNP5127,catalog/courier/GIFTSFNP5127.jpg
GIFTSFNP5131,catalog/courier/GIFTSFNP5131.jpg
GIFTSFNP5132,catalog/courier/GIFTSFNP5132.jpg
GIFTSFNP5133,catalog/courier/GIFTSFNP5133.jpg
GIFTSFNP2372,catalog/courier/GIFTSFNP2372.jpg
GIFTSFNP4740,catalog/courier/GIFTSFNP4740.jpg
GIFTSFNP4742,catalog/courier/GIFTSFNP4742.jpg
GIFTSFNP4743,catalog/courier/GIFTSFNP4743.jpg
GIFTSFNP4746,catalog/courier/GIFTSFNP4746.jpg
GIFTSFNP5139,catalog/courier/GIFTSFNP5139.jpg
GIFTSFNP5140,catalog/courier/GIFTSFNP5140.jpg
GIFTSFNP5141,catalog/courier/GIFTSFNP5141.jpg
GIFTSFNP5142,catalog/courier/GIFTSFNP5142.jpg
GIFTSFNP4405,catalog/courier/GIFTSFNP4405.jpg
EADON7,catalog/new/EADON7.jpg
EADON15,catalog/EADON15.jpg
EADON13,catalog/EADON13.jpg
EADON8,catalog/EADON8.jpg
EADON100,catalog/EADON10.jpg
EADON6,catalog/EADON6.jpg
EADON23,catalog/EADON23.jpg
EADON17,catalog/EADON17.jpg
testss,
CAKE00115,catalog/cakes/CAKE00115.jpg
CAKE0091,catalog/cakes/CAKE0091.jpg
CAKE9799,catalog/cakes/CAKE9799.jpg
CAKE10570,catalog/cakes/CAKE10570.jpg
CAKE10571,catalog/cakes/CAKE10571.jpg
CAKE10572,catalog/cakes/CAKE10572.jpg
CAKE11462,catalog/cakes/CAKE11462.jpg
CAKE11460,catalog/cakes/CAKE11460.jpg
CAKE11459,catalog/cakes/CAKE11459.jpg
CAKE11009,catalog/cakes/CAKE11009.jpg
CAKE11014,catalog/cakes/CAKE11014.jpg
CAKE11012,catalog/cakes/CAKE11012.jpg
CAKE149,catalog/cakes/CAKE149.jpg
CAKE152,catalog/cakes/CAKE152.jpg
CAKE151,catalog/cakes/CAKE151.jpg
CAKE12559,catalog/cakes/CAKE12559.jpg
CAKE12560,catalog/cakes/CAKE12560.jpg
CAKE12561,catalog/cakes/CAKE12561.jpg
CAKE16019,catalog/cakes/CAKE16019.jpg
CAKE16022,catalog/cakes/CAKE16022.jpg
CAKE16021,catalog/cakes/CAKE16021.jpg
CAKE16017,catalog/cakes/CAKE16017.jpg
CAKE16016,catalog/cakes/CAKE16016.jpg
CAKE16018,catalog/cakes/CAKE16018.jpg
CAKE16077,catalog/cakes/CAKE16077.jpg
CAKE16072,catalog/cakes/CAKE16072.jpg
CAKE16073,catalog/cakes/CAKE16073.jpg
CAKE16074,catalog/cakes/CAKE16074.jpg
CAKE16075,catalog/cakes/CAKE16075.jpg
CAKE16076,catalog/cakes/CAKE16076.jpg
CAKE16257,catalog/cakes/CAKE16257.jpg
CAKE16259,catalog/cakes/CAKE16259.jpg
CAKE16261,catalog/cakes/CAKE16261.jpg
CAKE16263,catalog/cakes/CAKE16263.jpg
CAKE16265,catalog/cakes/CAKE16265.jpg
CAKE16267,catalog/cakes/CAKE16267.jpg
CAKE16258,catalog/cakes/CAKE16258.jpg
CAKE16260,catalog/cakes/CAKE16260.jpg
CAKE16262,catalog/cakes/CAKE16262.jpg
CAKE16264,catalog/cakes/CAKE16264.jpg
CAKE16266,catalog/cakes/CAKE16266.jpg
CAKE16268,catalog/cakes/CAKE16268.jpg
CAKE6049,catalog/cakes/CAKE6049.jpg
CAKE12532,catalog/cakes/CAKE12532.jpg
CAKE6056,catalog/cakes/CAKE6056.jpg
CAKE12533,catalog/cakes/CAKE12533.jpg
CAKE6048,catalog/cakes/CAKE6048.jpg
CAKE12537,catalog/cakes/CAKE12537.jpg
CAKE6055,catalog/cakes/CAKE6055.jpg
CAKE12535,catalog/cakes/CAKE12535.jpg
CAKE6052,catalog/cakes/CAKE6052.jpg
CAKE12580,catalog/cakes/CAKE12580.jpg
CAKE6054,catalog/cakes/CAKE6054.jpg
CAKE12534,catalog/cakes/CAKE12534.jpg
CAKE6069,catalog/cakes/CAKE6069.jpg
CAKE11839,catalog/cakes/CAKE11839.jpg
CAKE6079,catalog/cakes/CAKE6079.jpg
CAKE11832,catalog/cakes/CAKE11832.jpg
CAKE6071,catalog/cakes/CAKE6071.jpg
CAKE11838,catalog/cakes/CAKE11838.jpg
CAKE6142,catalog/cakes/CAKE6142.jpg
CAKE12558,catalog/cakes/CAKE12558.jpg
CAKE6050,catalog/cakes/CAKE6050.jpg
CAKE12536,catalog/cakes/CAKE12536.jpg
CAKE6144,catalog/cakes/CAKE6144.jpg
CAKE12562,catalog/cakes/CAKE12562.jpg
CAKE6164,catalog/cakes/CAKE6164.jpg
CAKE11386,catalog/cakes/CAKE11386.jpg
CAKE6161,catalog/cakes/CAKE6161.jpg
CAKE11389,catalog/cakes/CAKE11389.jpg
CAKE6150,catalog/cakes/CAKE6150.jpg
CAKE11383,catalog/cakes/CAKE11383.jpg
CAKE6875,catalog/cakes/CAKE6875.jpg
CAKE11228,catalog/cakes/CAKE11228.jpg
CAKE6874,catalog/cakes/CAKE6874.jpg
CAKE11220,catalog/cakes/CAKE11220.jpg
CAKE6876,catalog/cakes/CAKE6876.jpg
CAKE11227,catalog/cakes/CAKE11227.jpg
CAKE6897,catalog/cakes/CAKE6897.jpg
CAKE11230,catalog/cakes/CAKE11230.jpg
CAKE6892,catalog/cakes/CAKE6892.jpg
CAKE11277,catalog/cakes/CAKE11277.jpg
CAKE6898,catalog/cakes/CAKE6898.jpg
CAKE11243,catalog/cakes/CAKE11243.jpg
CAKE6926,catalog/cakes/CAKE6926.jpg
CAKE11297,catalog/cakes/CAKE11297.jpg
CAKE6925,catalog/cakes/CAKE6925.jpg
CAKE11299,catalog/cakes/CAKE11299.jpg
CAKE6927,catalog/cakes/CAKE6927.jpg
CAKE11262,catalog/cakes/CAKE11262.jpg
CAKE8045,catalog/cakes/CAKE8045.jpg
CAKE11352,catalog/cakes/CAKE11352.jpg
CAKE8043,catalog/cakes/CAKE8043.jpg
CAKE11344,catalog/cakes/CAKE11344.jpg
CAKE8048,catalog/cakes/CAKE8048.jpg
CAKE11365,catalog/cakes/CAKE11365.jpg
CAKE8166,catalog/cakes/CAKE8166.jpg
CAKE11164,catalog/cakes/CAKE11164.jpg
CAKE8163,catalog/cakes/CAKE8163.jpg
CAKE11165,catalog/cakes/CAKE11165.jpg
CAKE8169,catalog/cakes/CAKE8169.jpg
CAKE11163,catalog/cakes/CAKE11163.jpg
CAKE8096,catalog/cakes/CAKE8096.jpg
CAKE11174,catalog/cakes/CAKE11174.jpg
CAKE8094,catalog/cakes/CAKE8094.jpg
CAKE11167,catalog/cakes/CAKE11167.jpg
CAKE8081,catalog/cakes/CAKE8081.jpg
CAKE11144,catalog/cakes/CAKE11144.jpg
CAKE8110,catalog/cakes/CAKE8110.jpg
CAKE11151,catalog/cakes/CAKE11151.jpg
CAKE8126,catalog/cakes/CAKE8126.jpg
CAKE11152,catalog/cakes/CAKE11152.jpg
CAKE8114,catalog/cakes/CAKE8114.jpg
CAKE11150,catalog/cakes/CAKE11150.jpg
CAKE8108,catalog/cakes/CAKE8108.jpg
CAKE11145,catalog/cakes/CAKE11145.jpg
CAKE8106,catalog/cakes/CAKE8106.jpg
CAKE11146,catalog/cakes/CAKE11146.jpg
CAKE8122,catalog/cakes/CAKE8122.jpg
CAKE11153,catalog/cakes/CAKE11153.jpg
CAKE8137,catalog/cakes/CAKE8137.jpg
CAKE11670,catalog/cakes/CAKE11670.jpg
CAKE8136,catalog/cakes/CAKE8136.jpg
CAKE11672,catalog/cakes/CAKE11672.jpg
CAKE8129,catalog/cakes/CAKE8129.jpg
CAKE11678,catalog/cakes/CAKE11678.jpg
CAKE8249,catalog/cakes/CAKE8249.jpg
CAKE11715,catalog/cakes/CAKE11715.jpg
CAKE8247,catalog/cakes/CAKE8247.jpg
CAKE11318,catalog/cakes/CAKE11318.jpg
CAKE8208,catalog/cakes/CAKE8208.jpg
CAKE11714,catalog/cakes/CAKE11714.jpg
CAKE8254,catalog/cakes/CAKE8254.jpg
CAKE11321,catalog/cakes/CAKE11321.jpg
CAKE8252,catalog/cakes/CAKE8252.jpg
CAKE11313,catalog/cakes/CAKE11313.jpg
CAKE8256,catalog/cakes/CAKE8256.jpg
CAKE11320,catalog/cakes/CAKE11320.jpg
CAKE8270,catalog/cakes/CAKE8270.jpg
CAKE11067,catalog/cakes/CAKE11067.jpg
CAKE8263,catalog/cakes/CAKE8263.jpg
CAKE11068,catalog/cakes/CAKE11068.jpg
CAKE8262,catalog/cakes/CAKE8262.jpg
CAKE11070,catalog/cakes/CAKE11070.jpg
CAKE8452,catalog/cakes/CAKE8452.jpg
CAKE10981,catalog/cakes/CAKE10981.jpg
CAKE8454,catalog/cakes/CAKE8454.jpg
CAKE10984,catalog/cakes/CAKE10984.jpg
CAKE8450,catalog/cakes/CAKE8450.jpg
CAKE10982,catalog/cakes/CAKE10982.jpg
CAKE8577,catalog/cakes/CAKE8577.jpg
CAKE11044,catalog/cakes/CAKE11044.jpg
CAKE8579,catalog/cakes/CAKE8579.jpg
CAKE11054,catalog/cakes/CAKE11054.jpg
CAKE8575,catalog/cakes/CAKE8575.jpg
CAKE11046,catalog/cakes/CAKE11046.jpg
CAKE12062,catalog/cakes/CAKE12062.jpg
CAKE12063,catalog/cakes/CAKE12063.jpg
CAKE12073,catalog/cakes/CAKE12073.jpg
CAKE8621,catalog/cakes/CAKE8621.jpg
CAKE8623,catalog/cakes/CAKE8623.jpg
CAKE8624,catalog/cakes/CAKE8624.jpg
CAKE12101,catalog/cakes/CAKE12101.jpg
CAKE8626,catalog/cakes/CAKE8626.jpg
CAKE12060,catalog/cakes/CAKE12060.jpg
CAKE12061,catalog/cakes/CAKE12061.jpg
CAKE8620,catalog/cakes/CAKE8620.jpg
CAKE8625,catalog/cakes/CAKE8625.jpg
CAKE12096,catalog/cakes/CAKE12096.jpg
CAKE12098,catalog/cakes/CAKE12098.jpg
CAKE8627,catalog/cakes/CAKE8627.jpg
CAKE8630,catalog/cakes/CAKE8630.jpg
CAKE8639,catalog/cakes/CAKE8639.jpg
CAKE12774,catalog/cakes/CAKE12774.jpg
CAKE8642,catalog/cakes/CAKE8642.jpg
CAKE12777,catalog/cakes/CAKE12777.jpg
CAKE8654,catalog/cakes/CAKE8654.jpg
CAKE12776,catalog/cakes/CAKE12776.jpg
CAKE8644,catalog/cakes/CAKE8644.jpg
CAKE12804,catalog/cakes/CAKE12804.jpg
CAKE8650,catalog/cakes/CAKE8650.jpg
CAKE12808,catalog/cakes/CAKE12808.jpg
CAKE8648,catalog/cakes/CAKE8648.jpg
CAKE12807,catalog/cakes/CAKE12807.jpg
CAKE8658,catalog/cakes/CAKE8658.jpg
CAKE12770,catalog/cakes/CAKE12770.jpg
CAKE8656,catalog/cakes/CAKE8656.jpg
CAKE12769,catalog/cakes/CAKE12769.jpg
CAKE8696,catalog/cakes/CAKE8696.jpg
CAKE12772,catalog/cakes/CAKE12772.jpg
CAKE8660,catalog/cakes/CAKE8660.jpg
CAKE12480,catalog/cakes/CAKE12480.jpg
CAKE8661,catalog/cakes/CAKE8661.jpg
CAKE12478,catalog/cakes/CAKE12478.jpg
CAKE8708,catalog/cakes/CAKE8708.jpg
CAKE12788,catalog/cakes/CAKE12788.jpg
CAKE8704,catalog/cakes/CAKE8704.jpg
CAKE12756,catalog/cakes/CAKE12756.jpg
CAKE8702,catalog/cakes/CAKE8702.jpg
CAKE12754,catalog/cakes/CAKE12754.jpg
CAKE8700,catalog/cakes/CAKE8700.jpg
CAKE12771,catalog/cakes/CAKE12771.jpg
CAKE8698,catalog/cakes/CAKE8698.jpg
CAKE12785,catalog/cakes/CAKE12785.jpg
CAKE8692,catalog/cakes/CAKE8692.jpg
CAKE12783,catalog/cakes/CAKE12783.jpg
CAKE8717,catalog/cakes/CAKE8717.jpg
CAKE11510,catalog/cakes/CAKE11510.jpg
CAKE8719,catalog/cakes/CAKE8719.jpg
CAKE11507,catalog/cakes/CAKE11507.jpg
CAKE8734,catalog/cakes/CAKE8734.jpg
CAKE11494,catalog/cakes/CAKE11494.jpg
CAKE8748,catalog/cakes/CAKE8748.jpg
CAKE11520,catalog/cakes/CAKE11520.jpg
CAKE8750,catalog/cakes/CAKE8750.jpg
CAKE11525,catalog/cakes/CAKE11525.jpg
CAKE8746,catalog/cakes/CAKE8746.jpg
CAKE11522,catalog/cakes/CAKE11522.jpg
CAKE8789,catalog/cakes/CAKE8789.jpg
CAKE11121,catalog/cakes/CAKE11121.jpg
CAKE8786,catalog/cakes/CAKE8786.jpg
CAKE11136,catalog/cakes/CAKE11136.jpg
CAKE8889,catalog/cakes/CAKE8889.jpg
CAKE11134,catalog/cakes/CAKE11134.jpg
CAKE8849,catalog/cakes/CAKE8849.jpg
CAKE10664,catalog/cakes/CAKE10664.jpg
CAKE8853,catalog/cakes/CAKE8853.jpg
CAKE10662,catalog/cakes/CAKE10662.jpg
CAKE8876,catalog/cakes/CAKE8876.jpg
CAKE10658,catalog/cakes/CAKE10658.jpg
CAKE8864,catalog/cakes/CAKE8864.jpg
CAKE10668,catalog/cakes/CAKE10668.jpg
CAKE8868,catalog/cakes/CAKE8868.jpg
CAKE10660,catalog/cakes/CAKE10660.jpg
CAKE8883,catalog/cakes/CAKE8883.jpg
CAKE11430,catalog/cakes/CAKE11430.jpg
CAKE8933,catalog/cakes/CAKE8933.jpg
CAKE11414,catalog/cakes/CAKE11414.jpg
CAKE8910,catalog/cakes/CAKE8910.jpg
CAKE11412,catalog/cakes/CAKE11412.jpg
CAKE8930,catalog/cakes/CAKE8930.jpg
CAKE11411,catalog/cakes/CAKE11411.jpg
CAKE8902,catalog/cakes/CAKE8902.jpg
CAKE11407,catalog/cakes/CAKE11407.jpg
CAKE8906,catalog/cakes/CAKE8906.jpg
CAKE11425,catalog/cakes/CAKE11425.jpg
CAKE8879,catalog/cakes/CAKE8879.jpg
CAKE11422,catalog/cakes/CAKE11422.jpg
CAKE8924,catalog/cakes/CAKE8924.jpg
CAKE11403,catalog/cakes/CAKE11403.jpg
CAKE8892,catalog/cakes/CAKE8892.jpg
CAKE11409,catalog/cakes/CAKE11409.jpg
CAKE8919,catalog/cakes/CAKE8919.jpg
CAKE11405,catalog/cakes/CAKE11405.jpg
CAKE8984,catalog/cakes/CAKE8984.jpg
CAKE10627,catalog/cakes/CAKE10627.jpg
CAKE8975,catalog/cakes/CAKE8975.jpg
CAKE10633,catalog/cakes/CAKE10633.jpg
CAKE8980,catalog/cakes/CAKE8980.jpg
CAKE10629,catalog/cakes/CAKE10629.jpg
CAKE9203,catalog/cakes/CAKE9203.jpg
CAKE11912,catalog/cakes/CAKE11912.jpg
CAKE9204,catalog/cakes/CAKE9204.jpg
CAKE11911,catalog/cakes/CAKE11911.jpg
CAKE9207,catalog/cakes/CAKE9207.jpg
CAKE11910,catalog/cakes/CAKE11910.jpg
CAKE9208,catalog/cakes/CAKE9208.jpg
CAKE10965,catalog/cakes/CAKE10965.jpg
CAKE9236,catalog/cakes/CAKE9236.jpg
CAKE10968,catalog/cakes/CAKE10968.jpg
CAKE9220,catalog/cakes/CAKE9220.jpg
CAKE10966,catalog/cakes/CAKE10966.jpg
CAKE9249,catalog/cakes/CAKE9249.jpg
CAKE10589,catalog/cakes/CAKE10589.jpg
CAKE9241,catalog/cakes/CAKE9241.jpg
CAKE10582,catalog/cakes/CAKE10582.jpg
CAKE9247,catalog/cakes/CAKE9247.jpg
CAKE10590,catalog/cakes/CAKE10590.jpg
CAKE9272,catalog/cakes/CAKE9272.jpg
CAKE10942,catalog/cakes/CAKE10942.jpg
CAKE9291,catalog/cakes/CAKE9291.jpg
CAKE10948,catalog/cakes/CAKE10948.jpg
CAKE9270,catalog/cakes/CAKE9270.jpg
CAKE10944,catalog/cakes/CAKE10944.jpg
CAKE9332,catalog/cakes/CAKE9332.jpg
CAKE10940,catalog/cakes/CAKE10940.jpg
CAKE9335,catalog/cakes/CAKE9335.jpg
CAKE10952,catalog/cakes/CAKE10952.jpg
CAKE9330,catalog/cakes/CAKE9330.jpg
CAKE10941,catalog/cakes/CAKE10941.jpg
CAKE9323,catalog/cakes/CAKE9323.jpg
CAKE10955,catalog/cakes/CAKE10955.jpg
CAKE9326,catalog/cakes/CAKE9326.jpg
CAKE10953,catalog/cakes/CAKE10953.jpg
CAKE9320,catalog/cakes/CAKE9320.jpg
CAKE10950,catalog/cakes/CAKE10950.jpg
CAKE9509,catalog/cakes/CAKE9509.jpg
CAKE12862,catalog/cakes/CAKE12862.jpg
CAKE9506,catalog/cakes/CAKE9506.jpg
CAKE12868,catalog/cakes/CAKE12868.jpg
CAKE9471,catalog/cakes/CAKE9471.jpg
CAKE12864,catalog/cakes/CAKE12864.jpg
CAKE9340,catalog/cakes/CAKE9340.jpg
CAKE10893,catalog/cakes/CAKE10893.jpg
CAKE9376,catalog/cakes/CAKE9376.jpg
CAKE10891,catalog/cakes/CAKE10891.jpg
CAKE9404,catalog/cakes/CAKE9404.jpg
CAKE10889,catalog/cakes/CAKE10889.jpg
CAKE9641,catalog/cakes/CAKE9641.jpg
CAKE12277,catalog/cakes/CAKE12277.jpg
CAKE9748,catalog/cakes/CAKE9748.jpg
CAKE12280,catalog/cakes/CAKE12280.jpg
CAKE9649,catalog/cakes/CAKE9649.jpg
CAKE12278,catalog/cakes/CAKE12278.jpg
CAKE9739,catalog/cakes/CAKE9739.jpg
CAKE12279,catalog/cakes/CAKE12279.jpg
CAKE9737,catalog/cakes/CAKE9737.jpg
CAKE12273,catalog/cakes/CAKE12273.jpg
CAKE9743,catalog/cakes/CAKE9743.jpg
CAKE12272,catalog/cakes/CAKE12272.jpg
CAKE9756,catalog/cakes/CAKE9756.jpg
CAKE11325,catalog/cakes/CAKE11325.jpg
CAKE9762,catalog/cakes/CAKE9762.jpg
CAKE11324,catalog/cakes/CAKE11324.jpg
CAKE9760,catalog/cakes/CAKE9760.jpg
CAKE11327,catalog/cakes/CAKE11327.jpg
CAKE12103,catalog/cakes/CAKE12103.jpg
CAKE12104,catalog/cakes/CAKE12104.jpg
CAKE12108,catalog/cakes/CAKE12108.jpg
CAKE8631,catalog/cakes/CAKE8631.jpg
CAKE8632,catalog/cakes/CAKE8632.jpg
CAKE8634,catalog/cakes/CAKE8634.jpg
CAKE12093,catalog/cakes/CAKE12093.jpg
CAKE12094,catalog/cakes/CAKE12094.jpg
CAKE9788,catalog/cakes/CAKE9788.jpg
CAKE9789,catalog/cakes/CAKE9789.jpg
CAKE11754,catalog/cakes/CAKE11754.jpg
CAKE11756,catalog/cakes/CAKE11756.jpg
CAKE11757,catalog/cakes/CAKE11757.jpg
CAKE9791,catalog/cakes/CAKE9791.jpg
CAKE9792,catalog/cakes/CAKE9792.jpg
CAKE9796,catalog/cakes/CAKE9796.jpg
CAKE11755,catalog/cakes/CAKE11755.jpg
CAKE11761,catalog/cakes/CAKE11761.jpg
CAKE11763,catalog/cakes/CAKE11763.jpg
CAKE9795,catalog/cakes/CAKE9795.jpg
CAKE9800,catalog/cakes/CAKE9800.jpg
CAKE9801,catalog/cakes/CAKE9801.jpg
CAKE12722,catalog/cakes/CAKE12722.jpg
CAKE12727,catalog/cakes/CAKE12727.jpg
CAKE12728,catalog/cakes/CAKE12728.jpg
CAKE142,catalog/cakes/CAKE142.jpg
CAKE143,catalog/cakes/CAKE143.jpg
CAKE144,catalog/cakes/CAKE144.jpg
CAKE37939,catalog/cakes/CAKE37939.jpg
CAKE37940,catalog/cakes/CAKE37940.jpg
CAKE37942,catalog/cakes/CAKE37942.jpg
CAKE37943,catalog/cakes/CAKE37943.jpg
CAKE37945,catalog/cakes/CAKE37945.jpg
CAKE37947,catalog/cakes/CAKE37947.jpg
CAKE37972,catalog/cakes/CAKE37972.jpg
CAKE37976,catalog/cakes/CAKE37976.jpg
CAKE37977,catalog/cakes/CAKE37977.jpg
CAKE37978,catalog/cakes/CAKE37978.jpg
CAKE37979,catalog/cakes/CAKE37979.jpg
CAKE37980,catalog/cakes/CAKE37980.jpg
CAKE37981,catalog/cakes/CAKE37981.jpg
CAKE37982,catalog/cakes/CAKE37982.jpg
CAKE37983,catalog/cakes/CAKE37983.jpg
CAKE37984,catalog/cakes/CAKE37984.jpg
CAKE37989,catalog/cakes/CAKE37989.jpg
CAKE37990,catalog/cakes/CAKE37990.jpg
CAKE38644,catalog/cakes/CAKE38644.jpg
CAKE38646,catalog/cakes/CAKE38646.jpg
CAKE38649,catalog/cakes/CAKE38649.jpg
CAKE38653,catalog/cakes/CAKE38653.jpg
CAKE38656,catalog/cakes/CAKE38656.jpg
CAKE38657,catalog/cakes/CAKE38657.jpg
CAKE38750,catalog/cakes/CAKE38750.jpg
CAKE38752,catalog/cakes/CAKE38752.jpg
CAKE38754,catalog/cakes/CAKE38754.jpg
CAKE38756,catalog/cakes/CAKE38756.jpg
CAKE38758,catalog/cakes/CAKE38758.jpg
CAKE38760,catalog/cakes/CAKE38760.jpg
CAKE10603,catalog/cakes/CAKE10603.jpg
CAKE10604,catalog/cakes/CAKE10604.jpg
CAKE10606,catalog/cakes/CAKE10606.jpg
CAKE9055,catalog/cakes/CAKE9055.jpg
CAKE9078,catalog/cakes/CAKE9078.jpg
CAKE9082,catalog/cakes/CAKE9082.jpg
CAKE42182,catalog/cakes/CAKE42182.jpg
CAKE42183,catalog/cakes/CAKE42183.jpg
CAKE42180,catalog/cakes/CAKE42180.jpg
CAKE42181,catalog/cakes/CAKE42181.jpg
CAKE42178,catalog/cakes/CAKE42178.jpg
CAKE42179,catalog/cakes/CAKE42179.jpg
CAKE42177,catalog/cakes/CAKE42177.jpg
CAKE42206,catalog/cakes/CAKE42206.jpg
CAKE42202,catalog/cakes/CAKE42202.jpg
CAKE42204,catalog/cakes/CAKE42204.jpg
CAKE42200,catalog/cakes/CAKE42200.jpg
CAKE42201,catalog/cakes/CAKE42201.jpg
CAKE42232,catalog/cakes/CAKE42232.jpg
CAKE42193,catalog/cakes/CAKE42193.jpg
CAKE42194,catalog/cakes/CAKE42194.jpg
CAKE42191,catalog/cakes/CAKE42191.jpg
CAKE42192,catalog/cakes/CAKE42192.jpg
CAKE42189,catalog/cakes/CAKE42189.jpg
CAKE42308,catalog/cakes/CAKE42308.jpg
CAKE42285,catalog/cakes/CAKE42285.jpg
CAKE42306,catalog/cakes/CAKE42306.jpg
CAKE42282,catalog/cakes/CAKE42282.jpg
CAKE42307,catalog/cakes/CAKE42307.jpg
CAKE42284,catalog/cakes/CAKE42284.jpg
CAKE42332,catalog/cakes/CAKE42332.jpg
CAKE42335,catalog/cakes/CAKE42335.jpg
CAKE42329,catalog/cakes/CAKE42329.jpg
CAKE42323,catalog/cakes/CAKE42323.jpg
CAKE42331,catalog/cakes/CAKE42331.jpg
CAKE42330,catalog/cakes/CAKE42330.jpg
CAKE42371,catalog/cakes/CAKE42371.jpg
CAKE42370,catalog/cakes/CAKE42370.jpg
CAKE42372,catalog/cakes/CAKE42372.jpg
CAKE42374,catalog/cakes/CAKE42374.jpg
CAKE42367,catalog/cakes/CAKE42367.jpg
CAKE42369,catalog/cakes/CAKE42369.jpg
CAKE42399,catalog/cakes/CAKE42399.jpg
CAKE42380,catalog/cakes/CAKE42380.jpg
CAKE42376,catalog/cakes/CAKE42376.jpg
CAKE42381,catalog/cakes/CAKE42381.jpg
CAKE42394,catalog/cakes/CAKE42394.jpg
CAKE42377,catalog/cakes/CAKE42377.jpg
CAKE41936,catalog/cakes/CAKE41936.jpg
CAKE41934,catalog/cakes/CAKE41934.jpg
CAKE41932,catalog/cakes/CAKE41932.jpg
CAKE41933,catalog/cakes/CAKE41933.jpg
CAKE41930,catalog/cakes/CAKE41930.jpg
CAKE41931,catalog/cakes/CAKE41931.jpg
CAKE41971,catalog/cakes/CAKE41971.jpg
CAKE41972,catalog/cakes/CAKE41972.jpg
CAKE41969,catalog/cakes/CAKE41969.jpg
CAKE41970,catalog/cakes/CAKE41970.jpg
CAKE41947,catalog/cakes/CAKE41947.jpg
CAKE41945,catalog/cakes/CAKE41945.jpg
CAKE42002,catalog/cakes/CAKE42002.jpg
CAKE41978,catalog/cakes/CAKE41978.jpg
CAKE41979,catalog/cakes/CAKE41979.jpg
CAKE41980,catalog/cakes/CAKE41980.jpg
CAKE41981,catalog/cakes/CAKE41981.jpg
CAKE41977,catalog/cakes/CAKE41977.jpg
EXP3525,catalog/EXP3525.jpg
EXP14123,catalog/EXP14123.jpg
EXP3510,catalog/EXP3510.jpg
EXP3503,catalog/EXP3503.jpg
EXP3501,catalog/EXP3501.jpg
EXP3530,catalog/EXP3530.jpg
EXP3502,catalog/EXP3502.jpg
EXP3528,catalog/EXP3528.jpg
COUR3513,catalog/COUR3513.jpg
COUR3502,catalog/COUR3502.jpg
COUR3787,catalog/COUR3787.jpg
COUR3813,catalog/COUR3813.jpg
COUR3504,catalog/COUR3504.jpg
COUR3505,catalog/COUR3505.jpg
