SKU,Description
RK1,A Simple Red Crystal Rakhi with roli chawal
RK1025,"5 pearl rakhi with a blue thread, Small Blue Card, Cadbury Dairy Milk Chocolate 14gms, GANESH ROLLI CHAWAL"
RK1013,"Cushion 12x12, Temptations Rum Raisins 72gms, Temptations Almond Treat 72gms"
RK1015,"Cushion 12x12, Temptations Cashew Appeal 72gms"
RK1017,"Soan Cake 250gms, 5 Assorted Chocolate, Why God made Brothers Cushion 12x12"
RK1019,"Cushion 12x12, Haldiram Tin Kesar Rasbhari 1000gms"
RK900,"1 Rishi Designer Blue Flower With Yellow Beads, 1 Small Yellow Cushion, 1 Ceramic White Mug with Print Height 4 Inches & Diameter 3 Inches, 1 Assorted Square Chocolates 100gms, 1 Roli Chawal"
RK1023,"Cushion 12x12, Cadbury Celebrations 131.3gms"
RK111,"2 Rudraksh Rakhi with brown and red beads threaded along, 2 Dairy Milk Silk of 60 gms each, 2 decorative pieces with Roli Chawal."
RK680,"5 Kriti Red Half Stone, 1 Choco-Swiss Pretty Good Heavenly Confections 85gm, Roli Chawal"
RK396,"1 Kriti Leather Brown Finish, 1 Cadbury Celebrations Chocolate Box 131.3 gm, 1 Elepahant Small Card, 1 Roli Chawal"
RK80,"Rakhi, Soan Papdi 250gms, 2 Small Golden Boxes with Roli Chawal,"
RK1850,"2 Vedika Colorful Beads 2016, 2 Cadbury Celebrations Chocolate Box 131.3 gm, 1 Elepahant Small Card, 1 Roli Chawal"
RK589,"1 Shivam Long Golden N Red Beads Rakhi Shubh, 1 DeMiami Rocher 8 PCS, 1 Elepahant Small Card, 1 Roli Chawal"
RK438,"2 Rishi American Diamond Ganesha Face Small, 2 Small Yellow Cushion, 1 Roli Chawal"
RK1148,"5 Pearl rakhi in blue string with complimentary roli chawal, 3 Small yellow cushion"
RK539,"1 Kriti Light Green Diamond, 1 Cadbury Celebrations Chocolate Box 131.3 gm, 1 Elepahant Small Card, 1 Roli Chawal, Rakhi Card"
RK1027,"Sindle pearl rakhi with green thread, Blue Potley, 2 Cadbury Dairy Milk Chocolate 14gms, Nestle Kitkat 18gms, Cadbury Five Star 21.5g, Roli Chawal"
RK1142,"Small yellow cushion, Two red rakhi thread, Roli Chawal"
RK648,"1 Kriti Big Stone With Sqaure Metal Frame, 1 Cadbury Celebrations Chocolate Box 131.3 gm, 1 Elepahant Small Card, 1 Roli Chawal"
RK671,"1 Kriti Big Stone With Sqaure Metal Frame, 4 Cadbury Dairy Milk Chocolate 12.5gm, 1 Small Yellow Cushion, 1 Golden Ganesh with Roli Chawal"
RK1639,"1 new Rakhi, 1 new Rakhi, 1 Bang Suction Ball Toy, 25 Cadbury Eclairs, 1 Roli Chawal"
RK1085,"White mug with print, Pearl rakhi in blue string, Roli Chawal, Small Blue Card"
RK808,"3 Small yellow cushion, Roli chawal, 3 orange and red Ganesh rakhis"
RK1345,"1 Shree Bangle Bracelet AD, 1 Shree Pink Swastik"
RK1119,"Pearl rakhi in blue string, Pearl rakhi in red string, Roli Chawal, Small blue card, Small golden card, Cadbury Dairy Milk Fruit & Nut 38gms"
RK1078,"1 Kriti Red Flower, Golden Foil N Stone Rakhi, 1 Ferrero Rocher Chocolate 16 pcs., 1 Ceramic White Mug with Print Height 4 Inches & Diameter 3 Inches, 1 Cushion 12x12 inches, Small Blue Card,Roli Chawal"
RK1126,"Single Rudraksh rakhi with cream and red beads, Red and golden beaded moli rakhi, Haldiram Kaju Burfi 250gms, Haldiram Navrattan 200gms and Roli Chawal"
RK1663,"1 Rishi Designer Green Square Beads With Kundan, 1 Soan Papdi 250gms, 1 Black Ceramic Vase 4 Inches, 1 Small Blue Card, 1 Roli Chawal"
RK1389,"1 Rakhi, 1 Roli Chawal"
RK1135,A golden pooja thaali with roli chawal & rakhi
RK130,"1 Kriti Round Black Stone, 1 Vedika Blue Kundan 2016, 2 Small Yellow Cushion, 1 Roli Chawal"
RK1083,"White mug with print, Pearl rakhi with pink and green beads, Roli Chawal, Small yellow Cushion"
RK468,"1 Rishi Bracelets Chain Green Stone, 1 Kriti Round Black Stone, 1 Rishi Lumba Big Blue Stone Kundan Lumba, Celebration Box 131.3 gm,Small Yellow Cushion,Greeting card, Roli Chawal"
RK869,"1 Shree Ganesha AD bracelet, 1 Rishi Designer Rudraksh Two Stone, 1 Marble Ganesha Idol Diameter 3.5 inches, 1 Small Blue Card, 1 Roli Chawal"
RK131,"1 Vedika Orange Kundan 2016, 1 Vedika Gold With Blue Flower, 2 Small Yellow Cushion, 2 Cadbury Fruit & Nut Chocolate 38gm, 1 Roli Chawal"
RK146,"Cadbury Celebrations Chocolate 131.3 gms, Red & yellow woven rakhi with silver stones, one rudraksh bead rakhi, rakhi with red thread, silver stones and red stone studded in the centre & three yellow small cushions & Roli Chawal"
RK1163,"Temptations Cashew Appeal 72gms, Temptations Rum Raisins 72gms, Haldiram Tin Gulab Jamun 1000gms, White Mug with Print"
RK1164,"Ferrero Rocher 200gms, Yardley London Gold Body Spray For Men 150ml, Brother frame A4 Size"
RK617,"1 Shree Rudraksh Bracelet, 1 Choco-Swiss Pretty Good Heavenly Confections 85gm, 1 Elepahant Small Card, 1 Roli Chawal"
RK398,"1 Nityam- Rishi Rakhi, 1 Black & Golden Standy Buddha, 1 Roli Chawal"
RK1170,"White Mug with Print, Royal Dansk Cookies 400gms"
RK1348,"1 Shree Ganesha AD, 1 Shree Om Trishul Chain Bracelet, 1 Roli Chawal"
RK2052,"1 Rishi Designer Round Kundan With Green N Red Beads, 1 Rishi Designer Smal Square With Red Bead, 2 Small Yellow Cushion, Sky Blue Bucket Diameter 4 & height 4 inches, 1 Roli Chawal"
RK433,"1 radhe shri, 2 Cadbury Five Star Chocolate 21.5gm, 1 Rakhi Card, 1 Roli Chawal"
RK1184,"Personalised Chocolate Cover, Cadbury Dairy Milk Silk 150gms"
RK854,"Chhota hanuman rakhi , roli chawal"
RK1136,"A golden pooja thaali with roli chawal & rakhi, Haldiram Kaju Burfi 250gms"
RK1887,"1 Rishi Rakhi, 1 Cadbury Celebrations Chocolate Box 131.3 gm, Roli Chawal"
RK1625,"1 Rishi Designer Kaudi, 1 Plastic Decorative Roli Chawal Tray Diameter 2.5 Inches, 1 Almonds 100gms, 1 Small Blue Card, 1 Roli Chawal"
RK81,"Kundan Rakhi with pearl stings, Kundan Bajuband with Roli Chawal"
RK1207,"Rishi Designer Paper Rakhi, Roli Chawal"
RK1208,"Rishi Designer Large Mirror, Roli Chawal"
RK1957,"1 Rishi Bracelets Lv Red, 1 Rishi Bracelets H Red, 1 Assorted Square Chocolates 100gms, 1 Orange Wooden Box 4x4x4inches, 2 Small Yellow Cushion, 1 Roli Chawal"
RK14,Pearl Peacock Lumba Rakhi Set with roli chawal
RK201,Stretchable Three Rudraksh Rakhi with brown beads and Roli Chawal
RK455,"5 Shubh orange and yellow Ganesha rakhi, 5 Cadbury Dairy Milk Chocolate 14gms, Almonds 100gms, Cashewsnuts 100gms, Ferrero Rocher 8 pcs., Wooden Yellow Tray with six portion 10x6, Roli Chawal"
RK1978,"1 Vedika Antique Gold Big 2016, 1 Small Yellow Cushion, 1 Kaju Barfi 250gms, 1 Shahi Mixture 400gms, 1 Golden Roli Chawal Box, 1 Roli Chawal"
RK110,2 Rudraksh Rakhi with a single rudraksh and brown and red beads along with decorative pieces which has Roli Chawal
RK351,"Mauli rakhi with golden beads,Red & Golden Potley,Small Yellow Cushion,Almonds 100gms,Cashewsnuts 100gms,Roli Chawal"
RK1217,"Vedika Neon Beads 2016, Roli Chawal"
RK513,"1 Shree OM, 1 Plastic Decorative Roli Chawal Tray Diameter 2.5 Inches, 1 Small Card, Kaju Burfi 250gms, Roli Chawal"
RK1219,"Vedika Antique Gold Small 2016, Roli Chawal"
RK1340,"1 Clocks n clocks kids rakhi, Roli Chawal"
RK1649,"1 Rishi American Diamond Shree Sai Small, 1 Rishi American Diamond Ganesha Face Small, 2 Small Yellow Cushion, 1 Ferrero Rocher Chocolate 5 pcs., 1 Roli Chawal"
RK1225,"Rishi Designer Golden Beads In Round Box, Roli Chawal"
RK1669,"1 Rakhi, 1 Assorted Bar Chocolates 50gms, 1 Roli Chawal"
RK771,"1 RAKHI, 1 Cadbury Celebrations Rich Dry Fruit Chocolate 177gm, 1 Decorative Kite Roli Chawal, 1 Door Soan, 1 Small Card, Roli Chawal"
RK1360,"1 Shree Round AD, 1 Rishi Lumba Ad Lumba, Roli Chawal"
RK493,"1 Shivam Square Meenakri Shivam, 1 Jalasheesh NR 817, 2 Small Golden Box, 1 Small Card, Moti Choor Laddoo 1000gms, Roli Chawal"
RK905,"White Mug with Print, Complimentary Roli Chawal, Red and green studded kundan rakhi"
RK1766,"1 RAKHI, 1 Vishnu 11121, 2 Small Yellow Cushion, 1 Steel Red & Golden with pearl layer Round Tray 9 inches, Almonds 250gms, 1 S 5, Roli Chawal"
RK1646,"1 Rakhi, 1 Small Yellow Cushion, 1 Silver Bucket Diameter 4inches, 1 Almond 100gms, 1 Roli Chawal"
RK1239,"Rishi American Diamond Orange, Roli Chawal"
RK715,Light blue Krishna rakhi and complimentary Roli Chawal
RK1040,"1 Small yellow cushions, 2 Pearl rakhi with blue string, Roli Chawal, Moti Choor Laddoo 500gms"
RK1244,"Rishi Bracelets Lv Red, Roli Chawal"
RK526,"1 Kriti Three Small Stone Rakhi, 1 Plastic Decorative Roli Chawal 3x2 Inches Tray, 1 Small Card, Peda 250gms, S 1, Roli Chawal"
RK73,"1 Nityam- Rishi Rakhi, 1 damodar rakhi, 2 Small Golden Box, 1 Greeting card, 1 Brown Flat Tray 9x11 Inches, Almonds 100gms, Roli Chawal"
RK757,"1 Kriti Light Green Diamond, 1 Greeting Card, 1 Roli Chawal"
RK1664," 1 RAKHI, 1 Cadbury Bournville Rich Cocoa Chocolate 80gm, 1 Small Yellow Cushion, 1 Ceramic Black Mug with Print Height 4 Inches & Diameter 3 Inches, Roli Chawal"
RK1084,"White mug with print, Pearl rakh in blue string, Roli Chawal, Small Blue Card"
RK1139,A golden circular pooja thaali with roli chawal & rakhi
RK1713,"1 Kriti Red Velvet, 1 Shivam Long Golden N Red Beads Rakhi Shubh, 1 Red Designer Box 3.5x8x1inches, 1 Pink Designer Coconut, 1 Marval Ganesha with Choki height 3 inches, Roli Chawal"
RK234,"Red & Green Kundan Lumba and Rakhi, Small Yellow Cushion, Greeting Card, Almonds 250gms, Red & Golden Potley & Roli Chawal"
RK1261,"Kriti Red Square With Stone In Middle, Roli Chawal"
RK1137,"1 Shivam Square Meenakri Shivam, 1 Nityam- Rishi Rakhi, 1 Small Card, 1 Red Plastic Roli Chawal Tray Diameter 5 Inches, 1 Roli Chawal"
RK1636,"1 Rakhi, 1 Rakhi, 1 Rakhi, 3 Small Yellow Cushion, 1 Silver Bucket Diameter 4inches, 1 Roli Chawal"
RK1752,"1 Red Hathfool Lumba,1 Rakhi,1 Red Designer Box 3.5x8x1inches,1 Roli Chawal"
RK1774,"1 Rishi American Diamond Orange, 1 Rishi American Diamond Small Red Stone With Pearl, 1 Square Plastic Roli Chawal Tray 5x5inches, Roli Chawal"
RK859,"1 shivam rakh, 1, 2 Small Yellow Cushion, 1 Roli Chawal"
RK1238,"Rishi American Diamond Ganesha Face Small, Roli Chawal"
RK83,Orange Kundan Lumba Set
RK849,Sister's frame A4 Size
RK1279,"Kriti Channel, Roli Chawal"
RK1280,"Kriti Pearl N Gold, Roli Chawal"
RK1841,"2 Rakhi,1 Designer Round Thali 7inches, Almonds 250gms,1 Printed Pink Potli 11inches,Roli Chawal"
RK474,"Greeting Card, Ferrero Rocher 200gms, Blue Potley, Pista 100gms, Blue and white pearl and crystal rakhi, Roli Chawal"
RK995,Personalized Hanging Square Shape Photo frame
RK1127,"2 White & red mugs, Small yellow cushion, Maroon & green beads lumba rakhi set, Roli Chawal"
RK1875,"1 Rakhi,Kenny Chocolates 16 pcs Box,Roli Chawal"
RK466,"Crystal studded Ganesha Rakhi, Red small potli, Red & golden small decorative coconut, Choco Swiss Pretty Good Heavenly Confections 85g, Roli Chawal"
RK69,A loomba with a green stone studded center and overflowing white beads and Roli chawal
RK860,"1 Shree OM, 1 Rishi American Diamond Ek Onkar Small, 2 Small Yellow Cushion, 1 Roli Chawal"
RK1172,"Pink Teddy 9 inches height, 2 Cadbury Dairy Milk Chocolate 12.5gms, White Mug with Print"
RK196,Star Shaped Golden Chain Rakhi with Blue Stones and pearls and Roli Chawal
RK1249,"Rishi Bracelets Chain Green Stone, Roli Chawal"
RK1347,"Rishi Lumba Blue Heavy Lumba, Roli Chawal"
RK1402,"1 radhee shree, 1 Roli Chawal"
RK1693,"1 Rishi Kids Rakhi Nobita Bracelet, 1 Nityam- Rishi Rakhi, 1 Nityam- Rishi Lumba Set, 1 Nityam- Rishi RakhiDoor, 1 Soan Papdi 500gms, 1 Roli Chawal"
RK874,"Golden Ganesha Idol 2 inches hight, Crystal studded Ganesha rakhi, Roli Chawal"
RK1933,"2 Rakhis, Small Yellow Cushion, Cadbury Perk Home Treats 200gms, Decorative Roli Chawal Tray With Coconut 3x1.5inches, Roli Chawal"
RK264,"Ferrero Rocher 200gms, Three Rudraksh rakhi, Ganesha Roli Chawal"
RK1356,"Rishi Lumba Green Round Lumba, Roli Chawal"
RK1228,"Rishi Designer Green Square Beads With Kundan, Roli Chawal"
RK1954,"2 Rakhis, 2 Small Yellow Cushion, Kaju Barfi 500gms, Gulab Jamun 1kg, Roli Chawal"
RK70,Orange beaded Rakhi set with roli chawal
RK948,"Cadbury Dairy Milk Silk 60gms, 12x12 Cushion, Pink Teddy 9 inches height"
RK1190,Red 12x12 Cushion
RK1940,"Rakhi, Small Yellow Cushion,Decorative Roli Chawal, 2 Silver Bowl Sets with spoons, Silver Tray, Almond 100gms, Cashew 100gms"
RK434,"1 Rakhi, 1 Kriti Doremon With Friends Band, 1 Cadbury Celebrations Chocolate Box 131.3 gm, 1 Roli Chawal"
RK840,Circular ek onkar rakhi with white crystals around and rudraksh beads on the string.
RK1597,"1 Red Flower, Golden Foil n Stone Rakhi, 1 Roli Chawal"
RK1914,"1 White Mug Diameter 3x4inches,1 White Cushions 12x12inches,1 Cadbury Bournville Chocolate 80gms"
RK1255,"Kriti Extreme Big Round, Roli Chawal"
RK176,"Two Cadbury Dairy Milk Silk 60gms, Roli Chawal in small golden box, blue small card, Pearl Peacock rakhi Lumba set"
RK1826,"1 Rakhi,1 Small Yellow Cushion,1 Green Bucket Diameter 4.5inches,1 Twix 50gms,1 Snickers 50gms,1 Mars 51gms,10 Lollipop ,2 Kitkat 18gms,2 Five Star 25gm"
RK1204,"Kriti Green Diamond, Roli Chawal"
RK1670,"1 Shree Om Trishul Chain Bracelet, 1 Shree Ganesha AD, 1 Ferrero Rocher Chocolate 16 pcs., 1 Roli Chawal"
RK1619,"1 Rakhi, 1 Small White & Orange Card, 1 Lindt Sea Salt Dark Chocolate 100gms, 1 Roli Chawal"
RK1740,"1 Rakhi,Ferrero Rocher Chocolate 16 pcs.,2 Small Golden Boxes for Roli Chawal,1 Small Decorative Coconut"
RK719,Stylish key chain and rakhi with roli chawal
RK889,"Temptations Almond Treat 72gms,Complimentary Roli Chawal, White Mug with Print, Red beads and rudraksh rakhi"
RK970,"Cushion 12x12,White Mug with Print"
RK981,Personalized Tree Photo frame 22.5x20 inches
RK1341,"1 Clocks n clocks kids rakhi, Roli Chawal"
RK1642,"1 Rakhi, 1 Brown Rose Box 5.5x4inches, 1 Sitting Ganesha 4x3.5inches, 6 Assorted Mango Chocolate, 1 Roli Chawal"
RK79,A special red and green Lumba Rakhi with complimentary Roli and Chawal.
RK956,"Cushion 12x12, White Mug with Print"
RK1203,"Kriti Light Green Diamond, Roli Chawal"
RK1215,"Vedika Colorful Beads 2016, Roli Chawal"
RK1653,"1 Rakhi, 1 Brown Flatter Tray 5.5x13inches, 1 Small Floral Roli Chawal Box, 1 Marble Elephant 6.5x3x4inches, 1 Roli Chawal"
RK1236,"Rishi American Diamond Ek Onkar Small, Roli Chawal"
RK1319,"Shivam Ad Orange Thread Shree, Roli Chawal"
RK1621,"1 Rakhi, 1 Rakhi, 1 Small Yellow Cushion, 1 Printed Pink Potli 11inches, 1 Printed Yellow Potli 11inches, 1 Almond 250gms, 1 Cashew 250gms, 1 Lotus Katori, 1 Roli Chawal"
RK1634,"1 Rishi Designer Pink Stone, 1 Ferrero Rocher Chocolate 5 pcs., 1 Metal Tray 6.5x4 Inches, 1 Roli Chawal"
RK1742,"4 Designer Rakhi,3 Small Yellow Cushion,1 Roli Chawal"
RK1747,"2 Rakhi,2 Cadbury Celebrations Chocolate 131.3 gms,1 Small Yellow Cushion,1 Roli Chawal"
RK1802,"1 Rakhi,1 Flower Design Roli Chawal,1 Pagdi Box Diameter 6inches,Ferrero Rocher Chocolate 16 pcs."
RK1843,"1 Shree King Design Oval, 1 Metal Tray 6.5x4 Inches, 1 Almonds 100gms, 1 Roli Chawal"
RK887,"1 Rishi Designer Rudraksh Two Stone, 1 Shree Ganesha AD bracelet, 1 Marble Ganesha Idol Diameter 5inches, 1 Small Blue Card, 1 Roli Chawal"
RK1608,1 Rakhi &  Roli Chawal
RK499,"Kriti Big Stone White Rakhi, Rishi Lumba Hath Fool Lumba,  Brown Square Tray 11x9 Inches, Sattviko Dry Mango 100gm, Sattviko Pudina Mkhana 75gm, Sattviko Raisin 100gm, Sattviko Gur Chana 100gm, Sattviko Jwaini Flax Seed 100gm, Roli Chawal"
RK1066,"Rishi Designer Round Kundan With Green N Red Beads, Rishi Lumba Marron Stone Lumba, 1 Vedika Maroon Key Chain, Cadbury Celebrations Rich Dry Fruit Chocolate 177gm, Roli Chawal"
RK1230,"Rishi Designer Rudraksh Two Stone, Roli Chawal"
RK1787,"2 Rakhi,1 Red & Golden Potli 6inches,1 Flower Design Roli Chawal,Soan Papdi 250gms,1 Flower Design Roli Chawal"
RK1958,"Rakhi, Jute Potli, Standing ganesha 3x6inches, Cashew 100gms, Mini Charpai 7.5x4x2.5 inches, Roli Chawal"
RK1699,"1 Rishi Designer Black Zali Square, 2 Small Yellow Cushion, 1 Red Designer Box 3.5x8x1inches, 2 Small Bowl with Square Base, 1 Saffron 5gms, 1 Silver Coated Cardamom 10 gms, Roli Chawal"
RK2033,"1 Nityam- Rishi Rakhi, 1 Red Resin Buddha Set of 6, 1 Wooden Stand 12x6x4 Inches, 1 Roli Chawal"
RK1704,"1 Rishi American Diamond Small Red Stone With Pearl, 1 Small Yellow Cushion, 1 Silver Duck Plater 7x3.5 inches, 1 Wallnut 100gms, 1 Pista 100gms, Roli Chawal"
RK2047,"Rakhi, Small Yellow Cushion, 2 Flower Printed Tin Box with lid 3 inches height, Almond 100gms, Cashews nut 100gms, Roli Chawal"
RK1706,"1 Kriti Red Half Stone, 1 Shivam Long Golden N Red Beads Rakhi Shubh, 1 Small Yellow Cushion, 1 Lindt Caramel Chocolate 100gm, 1 Lindt Sea Salt Dark Chocolate 100gms, Roli Chawal"
RK985,Personalized Hanging Heart Shape Photo frame
RK1859,"1 Rakhi,3 Cadbury Dairy Milk Fruit n Nut 38gms,1 Jute Potli,1 Lotus Design Roli Chawal,Soan Papdi 250gms"
RK1917,1 Black Mug Diameter 3x4inches
RK1714,"1 Vedika Orange Kundan 2016, 1 Ferrero Rocher 16 pcs., 1 Marble Roli Chawal Bowl Diameter 3.5inches"
RK1919,1 Black Mug Diameter 3x4inches
RK48,Rakhi thread with a red octagonal stone with roli chawal
RK1718,"2 Designer Rakhi, Motichoor Laddo 500gms, 1 Wooden Brown Tray 8x12inches, 1 Assorted Chocolates Square 250gms, 1 Red Potli 9inches, 2 Flower Deigner Roli Chawal"
RK1719,"1 Rishi Bhaiya Bhabhi Set Green Rakhi Lumba Set, 1 Motichoor Laddo 500gms, 1 Wooden Brown Tray 8x12inches, 1 Assorted Chocolates Square 250gms, 1 Red Potli 9inches, 2 Flower Deigner Roli Chawal, Roli Chawal"
RK72,A royal blue Rakhi with white and red beads and a ring in the centre with Roli and Chawal
RK834,Brother's Frame
RK1725,"2 Designer Rakhi, 1 Printed Pink Potli 11 inches, 1 Almonds 250gms, 1 Cashew 250gms, 1 Ferrero Rocher 24 pcs., 1 Brown Flatter Tray 5.5x13inches, 2 Small Bowl with Square Base"
RK966,"Cushion 12x12,White Mug with Print"
RK1150,"2 White & red mugs, 2 Dairy Milk Silk, Small yellow cushion, Maroon & green beads lumba rakhi set, Roli Chawal"
RK1258,"Kriti Metal Wire Rakhi, Roli Chawal"
RK1309,"Shivam Long Golden N Red Beads Rakhi Shubh, Roli Chawal"
RK1622,"1 Shree King Design Oval, 1 Nutty Gritties Cashews Nuts 100gms, 1 Roli Chawal"
RK1793,"1 Rishi Designer Smal Square With Red Bead, 1 Vedika King Painting White Rakhi, 1 Marble Peacock Chopra 5 Inches, 1 Small Card, 1 Roli Chawal"
RK1852,"1 Rakhi,1 Small Yellow Cushion,1 Table Tennis Rackets Sets,5 Kinder Joy Chocolate 20gms,1 Small Cane Basket,Roli Chawal"
RK1892,"1 Kids Lumba,Roli Chawal"
RK2006,"1 Nityam- Rishi Rakhi, 1 Small Card, 2 Cadbury Fruit & Nut Chocolate 38gm, 1 Golden Resin Buddha Set of 6, 1 Roli Chawal"
RK1759,"2 Rakhi,1 Hand Made Box 5x5x4inches,Almonds 250gms,1 Green Roli Chawal Box 5x2.5 inches,2 Small Yellow Cushion,1 Roli Chawal"
RK552,"Small Yellow Cushion, Greeting Card, Chokola Choco chip Cookies 185gms, Soan Papdi 250gms, Roli Chawal, Red thread white beaded with red stone rakhi"
RK1761,"2 Rakhi,1 Hand Made Box 5x5x4inches,Almonds 250gms,1 Green Roli Chawal Box 5x2.5 inches,2 Small Yellow Cushion,1 Roli Chawal"
RK1762,"1 Rakhi,1 Hand Made Box 5x5x4inches,Almonds 250gms,1 Small Yellow Cushion,2 Small Golden Box for roli chawal,1 Roli Chawal"
RK1764,"1 Rakhi,1 Hand Made Box 5x5x4inches,Almonds 250gms,1 Flower Design Roli Chawal"
RK57,Mere Bhaiyya Rakhi Thread with Roli chawal
RK673,"1 Shree King Design Oval, 1 Soan Papdi 500gms, 1 Roli Chawal"
RK796,Rudraksh rakhi and greeting card
RK1775,"1 Rakhi,1 Square Roli Chawal Tray 5x5inches,Motichoor Laddo 250gms"
RK926,12x12 Cushion
RK1780,"5 Rakhi ,1 Orange Potli 10inches,1 Almonds 250gms,5 Small Yellow Cushion,1 Wooden Square Tray 9x9inches,1 Roli Chawal"
RK1247,"Rishi Bracelets Chain Yellow Stone, Roli Chawal"
RK1782,"2 Rakhi,1 Orange Potli 10inches,Almonds 250gms,Royal Dansk Cookies 400gms,1 Small Yellow Cushion,1 Wooden Square Tray 9x9inches,1 Roli Chawal"
RK1783,"2 Rakhi,Royal Dansk Cookies 400gms,1 Small Yellow Cushion,2 Small Golden Box for roli chawal,Almonds 250gms,1 Wooden Square Tray 9x9inches,1 Jute Potli,Roli Chawal"
RK1784,"3 Rakhi,3 Small Yellow Cushion,Royal Dansk Cookies 400gms,2 Small Golden Box for Roli Chawal,Almonds 250gms,1 Jute Potli,1 Wooden Square Tray 9x9inches,Roli Chawal"
RK1349,"Rishi Bhaiya Bhabhi Set Red Zardosi Lumba Rakhi Set, Roli Chawal"
RK1845,"2 Rakhi,1 Small Yellow Cushion,Almonds 250gms,1 Purple Box 5x5x3inches,1 Lotus Design Roli Chawal,Ferrero Rocher Chocolate 24 pcs.,1 Ganesha Door Soan"
RK2041,"1 Vedika Budha Face Rakhi Rakhi, 1 Black Resin Meditating Buddha 10 Inches, 1 Small Card, Wooden Designer Round Chopra Diameter 5.5 Inches , 1 Roli Chawal"
RK250,"2 kundan rakhi with orange beads. Decorative Roli Chawal, small coconut 8gms, 2 Swastika door soan. 250 gms Cashewnuts, 100gms of raisins."
RK272,"Rudraksha with red and golden beads rakhi,Two ganesh door soans,Small Yellow Cushion, Almonds 100gms,Cashewsnuts 100gms,Boat Shape Wooden Basket 9X6,Roli Chawal"
RK733,"1 Rakhi, 1 Small Card, 1 Mist Kaju Katli 210gms, 1 Marble Ganesha Chopra 5.5 Inches, 1 Roli Chawal"
RK865,White Mug with Print
RK894,"World's best brother rakhi, Complimentary Roli Chawal"
RK1796,"1 Rakhi,1 Green Hand Made Basket 5x5x3inches,Almonds 250gms,1 Designer Yellow Envelope 4x8 inches,Roli Chawal"
RK919,White Mug with Print
RK921,White Mug with Print
RK1800,"1 Rakhi,1 Pagdi Box Diameter 6inches,Ferrero Rocher Chocolate 16 pcs.,Roli Chawal"
RK922,12x12 Cushion
RK968,"Cushion 12x12,Temptations Cashew Appeal 72gms,Cadbury Dairy Milk Silk 60gms"
RK1804,"1 Rakhi,1 Rectangular Wooden Tray 5.5x15inches,Almonds 250gms,Roli Chawal"
RK1805,"1 Rakhi,Kaju Roll 250gms,Cashew 250gms,1 Designer Wooden Tray 5.5x15inches,Roli Chawal"
RK1806,"1 Rakhi,Kaju Roll 250gms,Cashew 250gms,1 Designer Wooden Tray 5.5x15inches,1 Lotus Design Roli Chawal"
RK1143,"5 red rakhi thread, Roli Chawal, 3 Small yellow cushion"
RK181,"Orange Zari Rakhi, Small Yellow Cushion, a pair of door soan, Greeting Card, 200 gmsAssorted Chocolate, Wooden Tray Without Legs 9X13, 2 Cadbury Bournville Rich Cocoa 80gms"
RK1191,Blue 12x12 Cushion
RK1214,"Vedika Blue Kundan 2016, Roli Chawal"
RK1220,"Vedika Antique Gold Big 2016, Roli Chawal"
RK1223,"Rishi Designer Smal Square With Red Bead, Roli Chawal"
RK1355,"Rishi Lumba Big Blue Stone Kundan Lumba, Roli Chawal"
RK1382,Cushion 12x12 Inches
RK169,"Ferrero Rocher 200gms, Four Cadbury Dairy Milk Chocolate 14gms, a silver beads rakhi, A green & red stone chain rakhi, Red & White bead Rakhi and Purple-yellow-red zardozi rakhi, two small yellow cushion & Roli Chawal"
RK1825,"1 Rakhi,Tong Garden Almonds Salted 140gms,Soan Papdi 250gms,Almond 250gms,1 Brown Bag 7.5x7.5inches,Roli Chawal"
RK1758,"1 Rakhi,1 Peacock Thali 11.5x10inches,Kaju Barfi 250gms,1 Roli Chawal"
RK1820,"2 Rakhi,2 Small Yellow Cushion,Walnut 100gms,Cashew 100gms,Almond 100gms,Raisins 100gms,Ferrero Rocher Chocolate 8 pcs.,Assorted Chocolates 100gms,1 Briefcase 11x8x3inches,Roli Chawal"
RK1905,"2 Rakhi,1 Square Roli Chawal Tray 5x5inches, Assorted Chocolates 250gms,Roli Chawal"
RK1912,1 Black Cushions 12x12inches
RK1849,"1 Rakhi,Cadbury Celebrations Chocolate 131.3 gms,1 Marble Ganesha Idol Diameter 5inches,Roli Chawal"
RK1920,1 Black Mug Diameter 3x4inches
RK1976,"1 Rudhraksh Two Rakhi with Chandan, 1 Small Card, 1 Two Layer Bamboo Plant 4 Inches Approx., 1 Green Square Pot 2X2 Inches, 1 Roli Chawal"
RK2031,"1 Rishi Designer Pink Stone, 1 Metal Tray 5x3 Inches, 1 Small Card, 1 Mist Kaju Katli 210gms, 1 Roli Chawal"
RK1858,"1 Rakhi,Motichoor Laddo 250gms,3 Cadbury Dairy Milk Fruit n Nut Chocolate 38gms,1 Jute Potli,1 Lotus Design Roli Chawal"
RK271,"Small Yellow Cushion, Flavoured Peanuts Classic Cheese N Onion 150gms, Two Temptations Almond Treat 72gms, Roli Chawal, Rudraksh rakhi with red beads"
RK350,"Mauli rakhi with golden beads,Small Yellow Cushion,Four Cadbury Dairy Milk Chocolate 14gms,Greeting Card,Sunfeast Farmlite Oats & Almonds 150gms,Roli Chawal"
RK645,"1 Shree Pink AD, 1 Nutty Gritties Peppery Almonds 180gms, 1 Roli Chawal"
RK767,"Vedika Queen Painting Red Lumba Rakhi, 1 Vedika King Painting Dark Blue Rakhi, 1 Small Yellow Cushion, Marble Elephant height 4 inches & length 5 inches, Yellow Wooden Designer Chopra 7 Inches, Roli Chawal"
RK1870,"1 Rakhi,1 Small Yellow Cushion,2 Jute Potli, Almonds 250gms, Cashew 250gms,1 Lotus Design Roli Chawal,1 White Tray 11x7inches"
RK940,White mug with Print
RK1104,"Small yellow cushion, Pearl rakhi in blue string, Pearl rakhi in red string, Roli Chawal,Milk Cake 500gms,Soan Papdi 250gms"
RK1128,"2 Mugs with print, Green kundan lumba rakhi, Roli Chawal"
RK1226,"Rishi Designer Blue Flower With Yellow Beads, Roli Chawal"
RK1227,"Rishi Designer Golden Zali Square, Roli Chawal"
RK189,"Pearl Peacock Lumba Rakhi Set, Royal Dansk Cookies 400gms, Greeting Card, 2 Small Yellow Cushion, Golden Ribbon, Cadbury Celebrations Chocolate 131.3 gms, Cane Basket, Sky Blue wrapping Paper & Roli Chawal"
RK1266,"Kriti Big Stone With Sqaure Metal Frame, Roli Chawal"
RK1643,"1 Rakhi, 1 Brown Rose Box 5.5x4inches, 6 Assorted Mango Chocolate, 1 Roli Chawal"
RK1711,"1 Vedika Antique Gold Big 2016, 1 White Pearl n Metal Wire Rakhi, 1 Marval Ganesha with Choki Diameter 5 & height 2.5 inches, 1 Small Dark Pink Card, 1 Lotus Deigner Roli Chawal"
RK1741,"1 Shree Bangle Bracelet AD, 1 Shree Pink Swastik, 2 Ceramic White Mug with Print Height 4 Inches & Diameter 3 Inches, 1 Roli Chawal"
RK1864,"1 Rakhi,1 Small Yellow Cushion,1 Blue Potli 8 inches,Almonds 250gms,1 Lotus Design Roli Chawal"
RK1998,"2 Rakhis, Crystal Basket Diameter 5.5inches, 2 Small Yellow Cushion, Moong Dal Barfi 250 gms, Honey Dew Barfi 250 gms, Roli Chawal"
RK1899,"2 Rakhi,Almonds 250gms,2 Flower Design Roli Chawal,1 Printed Pink Potli 11inches,1 Green Bucket height 4 inches,1 Small Yellow Cushion"
RK1900,"2 Rakhi,2 Small Yellow Cushion,2 Flower Design Roli Chawal Container,1 Green Bucket Diameter 4.5inches,1 Printed Yellow Potli 11inches,Almonds 250gms"
RK2035,"Rakhi, Red FNP Box 9x2.5x1inches, Choco Bite 250gms, Lord Buddha Idol 11 inches, Roli Chawal"
RK2053,"1 Vedika Budha Face Rakhi Rakhi, 1 Hanging Feng Shui with Elephant, 1 Small Yellow Cushion, 1 Two Layer Bamboo Plant 4 Inches Approx., 1 White Square Pot 2X2 Inches, 1 Roli Chawal"
RK61,Rakhi bracelet with white crystal stone with Roli chawal
RK620,"Greeting Card, Flavored Peanuts Classic Cheese N Onion 150gms, De Miami Truffles set of Four, Roli Chawal, Small yellow cushion, Light & dark blue beads kundan Rakhi"
RK639,"small pearls threaded along to form a circular shape with a blue peacock in the centre, an ideal Lumba Rakhi,Small Yellow Cushion/Almonds 100gm/Cashewsnuts 100gm/Raisins 100gm/Small Golden Box/Red & Golden Potley/Silver & Red Square Tray ,Roli Chawal"
RK924,12x12 Cushion
RK925,12x12 Cushion
RK929,12x12 Cushion
RK954,"5 Cadbury Dairy Milk Chocolate 12.5gms, Cushion 12x12"
RK1167,"4 Cadbury Dairy Milk Chocolate 12.5gms, 2 Cadbury Dairy Milk Fruit & Nut 38gms, 2 Nestle Kitkat 18gms, White Mug with Print"
RK1171,"Temptations Almond Treat 72gms, Karachi Halwa 250gms, White Mug with Print"
RK1921,1 White Mug Diameter 3x4inches
RK1922,1 White Mug Diameter 3x4inches
RK1923,1 White Mug Diameter 3x4inches
RK1174,"2 Cadbury Dairy Milk Silk 60gms, Sister frame A4 Size"
RK1926,"Rakhi, Small Yellow Cushion, Assorted Chocolates Pack 220gms, Roli Chawal"
RK1927,"Rakhi, Assorted Chocolates Pack 220gms, Roli Chawal"
RK1271,"Rishi Chandan Just Chandan Beads, Roli Chawal"
RK1703,"1 Rishi Designer Golden Zali Square, 1 Small Yellow Cushion, 1 Silver Duck Plater 7x3.5 inches, 1 Wallnut 100gms, 1 Pista 100gms, Roli Chawal"
RK1705,"1 Kriti Red Velvet, 1 Small Dark Pink Card, 1 Cadbury Bournville 80gms, Roli Chawal"
RK1785,"4 Rakhi,4 Small Yellow Cushion,Almonds 250gms,1 Wooden Square Tray 9x9inches,1 Decorative Roli Chawal Case 4.5x2.5inches"
RK1803,"1 Rakhi,1 Flower Design Roli Chawal,1 Wooden Brown Tray 8x12inches,Ferrero Rocher Chocolate 16 pcs.,Roli Chawal"
RK1815,"1 Rakhi,1 Ganesha Wooden Thali 6.5x6.5inches,1 Roli Chawal"
RK1884,"1 Rakhi,1 Small Yellow Cushion,1 Metal Pot Diameter 4inches & 6 inches,Almonds 250gms,Roli Chawal"
RK1891,"1 Kids Lumba ,1 Cadbury Celebrations Chocolate 131.3 gms ,Roli Chawal"
RK1895,"2 Rakhi,1 Small Peacock Thali 6x6inche ,Roli Chawal"
RK2004,"Rakhi, Small Yellow Cushion, Samosa Potli 250gms, Aata Laddoo 250gms, Roli Chawal"
RK2042,"1 Rakhi, 1 Shree Rudraksh Bracelet, 1 Sleeping Buddha 14x12.5, 1 Small Card, 1 Roli Chawal"
RK372,"Mere Bhaiya studded rakhi with green beads,Small Yellow Cushion,Cadbury Dairy Milk Silk 60gms, Temptations Almond Treat 72gms, Purple Potley, Snickers 50gms, Roli Chawal"
RK381,"Red stone rakhi with pearls at its side, Small Yellow Cushion, Sunfeast Delishus Nuts & Raisins 75gms, Cookie Heaven Chocolate Cashew Cookies 200gms, Greeting Card, Roli Chawal"
RK1979,"Rakhi, Round Thali Diameter 10inches, Kaju Barfi 500gms, Roli Chawal"
RK1981,"Rakhi, Marble Roli Chawal Thali Diameter 7inches, Boondi Laddoo 250 gms"
RK1982,"Rakhi,Silver Bowl Diameter 6 inches, Cashew 100gms, Boondi Laddoo 250 gms, Roli Chawal"
RK1983,"Rakhi, Ganesha Wooden Thali 6.5x6.5inches, Boondi Laddoo 250 gms, Roli Chawal"
RK1989,"Rakhi, Small Yellow Cushion, Sweet Box 11x8.5x1.5inches, Mix sweet 800 gms"
RK1992,"Rakhi, Lotus Thali 10.5x11inches, Mini Samosa 250gms, Kaju Strawberry 250gms, Roli Chawal"
RK1995,"Rakhi, Peacock Thali 11.5x10inches, Dry Fruit Chakkar 250gms, Roli Chawal"
RK1997,"Rakhi, Small Yellow Cushion, Milk Pare 250gms, Rectangular Sweet Base 10x6inches, Dry Fruits Chakkar 250gms, Kaju Roll 250 gm, Roli Chawal"
RK60,Rakhi with round blue balls and a hollow palm pattern with Roli chawal
RK664,"Soan Papdi 250gms, Roli Chawal, Brown beads Rudraksh rakhi"
RK828,White Printed Lovely Brother Mug
RK913,"Temptations Almond Treat 72gms,Yardley Deo, Temptations Cashew Appeal 72gms,White Mug with Print"
RK923,12x12 Cushion
RK927,12x12 Cushion
RK930,12x12 Cushion
RK2021,"Rakhi, White Mug Diameter 3x4inches, Two Layer Bamboo, Cadbury Celebration Dry Fruits Tin 177gms, Roli Chawal"
RK932,12x12 Cushion
RK936,White mug with Print
RK958,"White Mug with Print, Soan Papdi 250gms, 3 Cadbury Dairy Milk Chocolate 12.5gms"
RK1050,"1 Shree Pink AD, 1 Soan Papdi 250gms, 1 Metal Tray 6.5x4 Inches, 1 Roli Chawal"
RK1213,"Vedika Golden Red Flower 2016, Roli Chawal"
RK1240,"Rishi Bracelets Versache Red , Roli Chawal"
RK1241,"Rishi Bracelets H Red, Roli Chawal"
RK1256,"Kriti Leather Brown Finish, Roli Chawal"
RK1281,"Kriti Antique Rakhi, Roli Chawal"
RK2046,"Rakhi, Small Yellow Cushion, Buddha Head 7 inches height, Two Layer Bamboo, Jute Potli, Roli Chawal"
RK1286,"Shivam Peacock- Blue Green Vishnu, Roli Chawal"
RK1601,"1 Red Flower Stone Rakhi, 1 Roli Chawal"
RK1657,"1 Rakhi, 1 Small Yellow Cushion, 1 Brown Rose Box 5.5x4inches, 6 Assorted Mango Chocolate, 1 Standing ganesha 3x6inches, 1 Roli Chawal"
RK2059,"Rakhi, Two Layer Bamboo, Jute Potli, Bikano Dryfruit cookies 150gms, Roli Chawal"
RK2074,"Rakhi, Small Yellow Cushion, 2 Cadbury Dairy Milk Silk 60gm, Lotte Choco Pie 168gm, Blue Ribbon Heart Shape Tray 5.50X5.50, Roli Chawal"
RK2098,"Rakhi, Soan Papdi 250gm, Badam Lachha 200gms, Roli Chawal"
RK2107,"Rakhi, Colorful Tin Box 3x3 inches & 3.5 inches hight, Almonds 100gm, Cashews nut 100gm, Pista 100gm, Roli Chawal"
RK2213,"1 Rakhi, Roli Chawal"
RK2214,Shree Om Chain Bracelet & Roli Chawal
RK2215,"1 Rishi Rakhi, 1 Flavored Candy Floss Mango 20gms, 1 Small Card, 1 Roli Chawal"
RK2216,"1 Standing Krishna Nityam Rakhi, 1 Flavored Candy Floss Orange 20gms, 1 Small Card, 1 Roli Chawal"
RK2217,"1 Standing Krishna Nityam Rakhi, 1 Small Yellow Cushion, 1 Cadbury Celebrations Small 63gms, 1 Roli Chawal"
RK2218,"1 Shubh Rakhi, 1 Small Yellow Cushion, 1 Cadbury Celebrations Small 63gms, 1 Roli Chawal"
RK2219,"1 Shree King Design Oval Rakhi, 1 Roli Chawal"
RK2220,"1 Shree Rudraksh Bracelet, 1 Roli Chawal"
RK2221,"1 Shree Bangle Bracelet, 1 Roli Chawal"
RK2222,"1 Shree Om Chain Bracelet, 1 Roli Chawal"
RK2223,"1 Shree Ek Onkar Chain Bracelet, 1 Roli Chawal"
RK2224,"1 Shree Pink Rakhi, 1 Roli Chawal"
RK2225,"1 Shree Pink Swastik Rakhi, 1 Roli Chawal"
RK2226,"1 Shree Ganesha Rakhi, 1 Roli Chawal"
RK2227,"1 Shree OM Rakhi, 1 Roli Chawal"
RK2228,"1 Shree Round Rakhi, 1 Roli Chawal"
RK2229,"1 Shree Red Ganesha Rakhi, 1 Roli Chawal"
RK2230,"1 Clocks n clocks kids rakhi, 1 Flavored Candy Floss Mango 20gms, 1 Roli Chawal"
RK2231,"1 Nityam- Rishi Rakhi, 1 Flavored Candy Floss Strawberry 20gms, 1 Roli Chawal"
RK2232,"1 Shivam Pink Beats Centre, 1 Shivam Vishnu, 1 Flavored Candy Floss Strawberry 20gms, 1 Rakhi Card, 1 Roli Chawal"
RK2234,"1 Shivam Centrre and side Zari1, 1 Flavored Candy Floss Mango 20gms, 1 Rakhi Card, 1 Roli Chawal"
RK2240,1 Ceramic White Mug with Print Height 4 Inches & Diameter 3 Inches
RK2241,1 Ceramic White Mug with Print Height 4 Inches & Diameter 3 Inches
RK2242,1 Ceramic White Mug with Print Height 4 Inches & Diameter 3 Inches
RK2243,1 Ceramic White Mug with Print Height 4 Inches & Diameter 3 Inches
RK2244,1 Cushion 12x12 inches-(Fabric-Canvas Poly Duck)
RK2245,1 Cushion 12x12 inches-(Fabric-Canvas Poly Duck)
RK2246,1 Cushion 12x12 inches-(Fabric-Canvas Poly Duck)
RK2247,1 Cushion 12x12 inches-(Fabric-Canvas Poly Duck)
RK2248,"1 Cushion 12x12 inches-(Fabric-Canvas Poly Duck), 1 Ceramic White Mug with Print Height 4 Inches & Diameter 3 Inches"
RK2249,"1 Cushion 12x12 inches-(Fabric-Canvas Poly Duck), 1 Ceramic White Mug with Print Height 4 Inches & Diameter 3 Inches"
RK2250,"1 Cushion 12x12 inches-(Fabric-Canvas Poly Duck), 1 Ceramic White Mug with Print Height 4 Inches & Diameter 3 Inches"
RK2251,"1 Cushion 12x12 inches-(Fabric-Canvas Poly Duck), 1 Ceramic White Mug with Print Height 4 Inches & Diameter 3 Inches"
RK1692,"2 Toblerone Chocolate 50gm, 1 Black Mug with Print"
RK1778,"1 Rakhi,1 Designer Yellow Envelope 4x8 inches,1 Swastik Door Soan Set,Ferrero Rocher Chocolate 16 pcs.,1 Roli Chawal"
RK1781,"5 Rakhi ,1 Orange Potli 10inches,Almonds 250gms,5 Small Yellow Cushion,1 Wooden Square Tray 9x9inches,1 Flower Design Roli Chawal"
RK1786,"4 Rakhi,1 Treasure Box 4x8x2.5inches,4 Small Yellow Cushion,1 Roli Chawal"
RK1789,"3 Rakhi,Ferrero Rocher Chocolate 24 pcs.,1 Ganesha Door Soan,1 Flower Design Roli Chawal,3 Small Yellow Cushion"
RK1799,"1 Rakhi,1 Green Hand Made Basket 5x5x3inches,1 Small Yellow Cushion, Ferrero Rocher Chocolate 16 pcs.,2 Lotus Design Roli Chawal"
RK240,"A Rudraksh rakhi in red and yellow, Silver Round Tray,Raisin 250gms,Almonds 250gms,Cashewsnuts 250gms and Complimentary Roli Chawal"
RK241,"Diamond Ganesha Face Smal R152,Smal Yelow Cushion, N.G. Cinnamon & Apple Mix 40gm, N.G. Thai Chili Mix 40gm,N.G. Roasted Salted Almond 18gm, N.G. Pepper Dry Roasted Cashews Nuts 14gm, N.G. Roasted Salted Cashew 15gm,Lotus Woden Box 7x7"", Roli Chawal"
RK1807,"2 Rakhi,1 Small Yellow Cushion,Almonds 250gms,Motichoor Laddo 250gms,1 Wooden Round Tray Diameter 13inches, Ferrero Rocher Chocolate 16 pcs.,Roli Chawal"
RK1823,"2 Rakhi,Pringles Potato Crisps 161gms,Winkles Swiss Roll 185gms,Ferrero Rocher Chocolate 24 pcs.,Tong Garden Almonds Salted 140gms"
RK1890,"1 Kids Lumba,1 Cadbury Celebrations Chocolate Pack 75gms,Roli Chawal"
RK1907,"1 White Mug Diameter 3x4inches,1 Cushions 12x12inches,2 Snickers Chocolate 50gms"
RK1909,"1 Black Mug Diameter 3x4inches,1 Black Cushions 12x12inches,2 Snickers Chocolate 50gms"
RK273,"Rudraksha with red and golden beads rakhi,Sunfeast Dark Fantasy Choco Fills 75gms,Greeting Card,Red Small Potli,Handcrafted Gourmet Chocolate Popcorn 300gms,Roli Chawal"
RK1916,1 White Mug Diameter 3x4inches
RK279,"1 Red Flower Stone Rakhi, 1 Nutty Gritties Cinnamon & Apple Mix 40gms, 1 Nutty Gritties Thai Chilli Mix 40gms, 1 Roli Chawal"
RK283,"Munchini Wafer Twings 100gms, Tiffany Crunch Vanilla 150gms, Small Yellow Cushion, Blue Specs Kids Rakhi,Roli Chawal"
RK290,"Green & Red Kundan Rakhi Lumba Set, Wooden Tray Without leg 9X13, Cookie Heaven Badam Pista Cookies 200gms, Cashewsnuts 100gms, Almonds 100gms, Raisins 100gms, Red & Golden Potli"
RK298,"Chokola Crunchy Coated Butterscotch 150gms, Roli Chawal, Turtle rakhi"
RK1949,"2 Rakhis, Gulab Jamun 1kg,Small Golden Box with White Stone Diameter 2.5inches, Roli Chawal"
RK1950,"Rakhi, Greeting card, Brown Rose Box 5.5x4inches, Assorted Chocolates Square 100gms, 2 Bounty 57gms, White Mug Diameter 3x4inches, Roli Chawal"
RK2003,"Rakhi, Small Yellow Cushion, Rectangular Sweet Case 10x6inches, Dry Fruit Chakkar 250 gms, Kaju Roll 250 gms, Decorative Roli Chawal 4x2.5inches,"
RK2022,"Rakhi, White Mug Diameter 3x4inches, Small Yellow Cushion, Chocolate Coated Almonds 100gms, Cushion 12x12inches, Roli Chawal"
RK2023,"Rakhi, White Mug Diameter 3x4inches, Two Layer Bamboo, Cadbury Celebration Dry Fruits Tin 177gms, Decorative Roli Chawal 2x2inches"
RK353,"Three strings light blue dark blue rakhi with kundan in middle,Small Yellow Cushion,Two Cadbury Dairy Milk Silk 60gms,Chokola Chocochip Cookies 185gms,Brooke Bond Taj Mahal 25 tea bags,Roli Chawal"
RK236,"Red & Yellow Woven Mauli Rakhi With Crystals, Small Yellow Cushion, Greeting Card, Red & Golden Potley, Almonds 100gms, Cashewsnuts 100gms, Raisins 100gms & Roli Chawal"
RK238,A loomba in red and yellow leaf design embellished with radiant white stones.A designer rakhi in red and yellow designe.A small yellow cushion.A small golden box.Almonds 100g.Pista 100g.Craneberry 100g.Silver Round Tray and Complimentary Roli Chawal
RK354,"Ying yang rakhi with colourful beads,Cadbury Dairy Milk Silk 60gms,Two Temptations Almond Treat 72gms,Boat Shape Wooden Basket 9X6,Sunfeast Farmlite Oats & Almonds 150gms,Roli Chawal"
RK361,"Ying yang multicolour rakhi,Greeting Card,Small Yellow Cushion,Tong Garden Cashewnuts salted 140gms,Tong Garden Almonds salted 140gms,Roli Chawal"
RK367,"Golden chain pearl rakhi with crystal in middle,Choco Swiss Gloriette 100gms,Roli Chawal"
RK368,"Golden chain pearl rakhi with crystal in middle,Greeting Card,Happy Rakhsha Bandhan Chocolate 75gms,Roli Chawal"
RK369,"Golden chain pearl rakhi with crystal in middle,Happy Rakhsha Bandhan Chocolate 75gms,Roli Chawal"
RK371,"Golden chain pearl rakhi with crystal in middle,Premium Saudi Dates 300gms,Roli Chawal"
RK357,"Ying yang rakhi with colourful beads,Chokola Chocochip Cookies 185gms,Roli Chawal"
RK53,Yin & Yang Rakhi with roli chawal
RK550,"Small Yellow Cushion, Kaju Burfi 500gms, Steel Round Tray with red Velvet & Golden Strip Diameter 8.50 inches, Decorative Roli Chawal, Two Orange beaded with kundan center rakhi"
RK613,"1 Shree Ek Onkar Chain Bracelet, 1 Rishi Designer Golden Beads In Round Box, 1 Soan Papdi 250gms, 1 Roli Chawal"
RK665,"Panjeeri 500gms, Orange beads and pearls embellished Swastika rakhi, Roli Chawal"
RK75,A Rakhi with a silver anchor and blue thread and Roli Chawal.
RK409,"5 Cadbury Dairy Milk Chocolate 12.5gms, White Pot 3.5 inches hight, facebook rakhi,Roli Chawal"
RK410,"Green floral pot 3.5 inches hight, Temptations Rum Raisins 72gms, Temptations Almond Treat 72gms, 4 Nestle Munch 11.5gms, Facebook rakhi, Whatsapp rakhi, Roli Chawal"
RK77,A small green color tiny specs with red strings attached to it and Roli and Chawal
RK864,Sister Table Top
RK891,"Small Yellow Cushion, Complimentary Roli Chawal, Table Top for brother,De Arco Assorted Dark Chocolates 7 pcs.,Ying Yang rakhi"
RK437,"Light & dark blue beads rakhi with a crystal in the centre, Roli Chawal, Small yellow cushion, 2 Small golden boxes with Roli Chawal, Ferrero Rocher 200gms, Small Decorative Coconut 8gms,"
RK906,"Greeting Card, Complimentary Roli Chawal,Haldiram Soan Papdi 500gms,White Mug with Print, Red and green studded kundan rakhi"
RK917,White Mug with Print
RK920,White Mug with Print
RK931,12x12 Cushion
RK464,"Green, red & white pearl lumba rakhi set, 2 Small Golden Boxes, Greeting Card, Choco Swiss Evita 340gms"
RK934,12x12 Cushion
RK937,White mug with Print
RK973,"Ferrero Rochers 130gms,White Mug with Print"
RK1012,"Cushion 12x12,Ferrero Rocher 200gms"
RK1026,"Single white pearl rakhi with a red thread, Cadbury Celebrations Chocolate 131.3 gms, GANESH ROLLI CHAWAL"
RK488,"1 radhee shree 1601402Sadar- Shivam_RAKradhA003, 1 Soan Papdi 250gms, 1 Door Soan, 1 Roli Chawal"
RK492,"Crystal Studded Ganesh Rakhi, Moti Choor Laddoo 1000gms, Greeting Card, Small Yellow Cushion, Roli Chawal"
RK1079,"1 Nityam- Rishi RakhiRakhiR64-960_RAKNityA024, 1 Small Yellow Cushion, 1 Cadbury Dairy Milk Silk Chocolate 60gm, 1 Ceramic White Mug with Print Height 4 Inches & Diameter 3 Inches, 1 Roli Chawal"
RK1162,"Yardley London Gentleman Body Spray For Men 150ml, Brother Table Top, White Mug with Print"
RK1168,"White Mug with Print, Ferrero Rochers 130gms,"
RK516,"Small Yellow Cushion, Mere Bhaiyya crystal studded rakhi, Silver Almunium Round Tray diameter 11 inches, Cashewsnuts 250gms, Peda 500gms, Roli Chawal"
RK1202,"Kriti Round Black Stone Rakhi, Roli Chawal"
RK1210,"Rishi Designer Kaudi Rakhi, Roli Chawal"
RK1216,"Vedika Gold With Blue Flower 2016, Roli Chawal"
RK1218,"Vedika Yellow Minakari 2016, Roli Chawal"
RK55,ganesha studded Rakhi in ornate white stones design with roli chawal
RK1237,"Rishi American Diamond Shree Sai Small Rakhi, Roli Chawal"
RK1259,"Kriti Mirror Work Rakhi, Roli Chawal"
RK1278,"Kriti Brown N Gold Rakhi, Roli Chawal"
RK1287,"Shivam Traditional Rakhi Design Moli Rakhi, Roli Chawal"
RK1351,"Rishi Lumba Ad Lumba, Roli Chawal"
RK585,"Soan Halwa 250gms, Ferrero Rocher 200gms, Roli Chawal, Brown Beads Rudraksh Rakhi"
RK1354,"1 Rishi Lumba Fensghui Lumba, 1 L 12, 1 Nityam Evil Eye, 1 Small Card, 1 Small Yellow Cushion, 1 Roli Chawal"
RK1405,1 RAKHI & 1 Roli Chawal
RK1600,"1 Red Hathfool, 1 Roli Chawal"
RK1609,1 Rakhi & 1 Roli Chawal
RK1616,"1 Rakhi, 1 Small Yellow Cushion, 1 Tong Garden Almonds Salted 140gms, 1 Lindt Caramel 100gm, 1 Lindt Sea Salt Dark Chocolate 100gms, 1 Golden Bucket 6.5x3x4inches, 1 Roli Chawal"
RK1618,"1 square Rakhi, 1 long beaded Rakhi, 1 Small Yellow Cushion, 1 Lindt Caramel 100gm, 1 Lindt Sea Salt Dark Chocolate 100gms, 1 Roli Chawal"
RK1655,"Rakhi, Smal Yelow Cushion, Roli Chawal Box Dia 2 Inch, Wooden Brown Tray 8x12 inch, BalGanesha Standing Pink-White Color, BalGanesha Playing Golden-White 4inch_IDLBALGB006, Roli Chawal"
RK1672,"1 Rakhi, 4 chocolate mendiants , 1 Roli Chawal"
RK1676,"1 Rakhi, 1 Flower Ganesha with Box Diameter 3.5inches, 1 Roli Chawal"
RK1682,"1 Rakhi, 1 Orange Wooden Box 4x4x4inches, 1 Standing ganesha 3x6inches, 6 Assorted White Chocolates, 1 Roli Chawal"
RK1695,"2 Designer Rakhi, 1 Small Sky Blue Card, 1 Small White & Orange Card, 1 Treasure Box 4x8x2.5inches, 1 Assorted Chocolates Square 250gms Square 250gms, 2 Flower Deigner Roli Chawal"
RK653,"Single crystal with chain Rakhi, Orange small card, Soan Halwa 250gms, Roli Chawal, De Miami Fudge set of Six"
RK1750,"1 Rakhi,1 Hand Made Box 5x5x4inches,Almonds 250gms,1 Small Yellow Cushion,2 Small Golden Box for Roli Chawal,1 Roli Chawal"
RK1788,"2 Rakhi,2 Small Yellow Cushion,Royal Dansk Cookies 400gms,Choco Swiss Variety of Six Pack, Each Pack 90GMS (Premium Dark Chocolate, Fruit N Nut, Roasted Almonds & Sea Salt, Butterscotch, Orange Truffle, Coffee),1 Roli Chawal"
RK1792,"1 Rakhi,Kaju Roll 250gms,1 Round Marble Thali Diameter 6inches,1 Small Decorative Coconut,Roli Chawal"
RK1814,"1 Rakhi,1 Ganesha Wooden Thali 6.5x6.5inches,1 Roli Chawal"
RK1882,"2 Rakhi,2 Small Yellow Cushion,1 Golden Bubble Metal Bucket Diameter 6.5inches & height 5 inches,Tiffany Crunch n Cream Hazelnut Flavoured 150gms,1 FRU Juicy Jelly Happy Moments Candy Bottle,2 Toblerone Chocolate 50gms,Roli Chawal"
RK1915,1 White Mug Diameter 3x4inches
RK2011,"Rakhi, Small Ganesha 2x1x2inches, Jute Potli, Almond 100gms, Cashew 100gms, Roli Chawal"
RK2020,"Rakhi, White Mug Diameter 3x4inches, Two Layer Bamboo, 2 Chocolate Coated Cookies, Roli Chawal"
RK237,"1 Kriti Big Stone White Rakhi, 1 Kriti Leather Brown Finish, 1 Kriti Extreme Big Round, 1 Sattviko Dry Mango 100gms, 1 Sattviko Pudina Mkhana 75gms, 1 Sattviko Raisin 100gms, 1 Roli Chawal"
RK355,"Ying yang rakhi with colourful beads,Ferrero Rocher 200gms,Roli Chawal"
RK554,"Kaju Burfi 1000gms, Roli chawal, Red green & kundan thread rakhi"
RK643,"1 Rakhi, 1 Kriti Leather Brown Finish, 1 Small Card, 1 Sattviko Gur Chana 100gms, 1 Sattviko Jwaini Flax Seed 100gms, 1 Roli Chawal"
RK766,"Small Yellow Cushion, Soan Papdi 250gms, Besan Laddoo 250gms, Roli Chawal in Decorative Card, Anchor blue rakhi"
RK819,"Roli chawal, White Mug with Print, Snickers 50gms, 3 Cadbury Dairy Milk Chocolate 14gms, Blue coloured zardosi rakhi."
RK833,Lovable Table Top
RK838,Ek Onkar with red and green beads and complimentary roli chawal
RK911,"Ferrero Rocher 200gms,Printed Cushion 12x12,White Mug with Print"
RK935,12x12 Cushion
RK939,White mug with Print
RK951,"White Mug with Print, Candy Box 3 inches Diameter, Cookies with Chocolate on top, Tetley Green Tea with Lemon & Honey 10 tea bags,"
RK1022,"Dark and light blue beaded rakhi with big crystal in between, Small Yellow Cushion, Cadbury Celebrations Chocolate 131.3 gms, Roli Chawal,1 Blue Cushion for Brother - Approximate L (10-11 inches) x W (10-11 inches)"
RK1061,"1 Shree Pink Rakhi1, 1 Nutty Gritties Peppery Almonds 180gms, 1 Nutty Gritties Peppery Cashews Nuts 180gms, 1 Roli Chawal"
RK1161,"Choco Swiss Pretty Good Heavenly Confections 85g, Brother Table Top"
RK1211,"Rishi Designer Small Golden Kundan With Blue N Pink Beads Rakhi, Roli Chawal"
RK1212,"Vedika Orange Kundan 2016, Roli Chawal"
RK1251,"Rishi Bracelets Versache Chain Rakhi, Roli Chawal"
RK1257,"Kriti Blue Rectangle R109blue P0036 2016, Roli Chawal"
RK1264,"Rishi Designer Round Kundan With Green N Red Beads Rakhi, Roli Chawal"
RK1265,"Kriti Neon Snake Rakhi, Roli Chawal"
RK1267,"Rishi Chandan Shri Rakhi6, Roli Chawal"
RK1268,"Rishi Chandan Red Bead Rakhi, Roli Chawal"
RK832,Chocolate Burfi
RK1275,"Shivam Silver Ek Onkar Shree Rakhi, Roli Chawal"
RK1290,Cushion 12x12 Inches
RK1366,"Rishi Lumba Fensghui Lumba, Roli Chawal"
RK1644,"1 Rakhi, 1 Brown Rose Box 5.5x4inches, 1 Lotus Katori, 6 Assorted Mango Chocolate, 1 Roli Chawal"
RK1673,"1 Rakhi, 1 Rakhi, 4 white chocolate mendiants , 1 Roli Chawal"
RK848,"Personalized Live, Love Laugh Frame"
RK1694,"4 Designer Rakhi, 4 Small Yellow Cushion, 2 Lotus Deigner Roli Chawal, 1 Black Four Blocked Box 8x8 inches"
RK1712,"1 White Pearl n Metal Wire Rakhi, 1 Red Designer Box 3.5x8x1inches, 1 Marval Ganesha with Choki height 3 inches, 1 Pink Designer Coconut, 1 Lotus Deigner Roli Chawal"
RK1716,"1 Rishi Designer Black Zali Square, 1 Rakhi, 2 Small Yellow Cushion, 1 Green Bucket height 4 inches, 1 Almonds 250gms, 2 Flower Deigner Roli Chawal"
RK1717,"1 Rishi American Diamond Small Red Stone With Pearl Rakhi, 1 Wooden Brown Tray 8x12inches, 1 Motichoor Laddo 500gms, 2 Flower Deigner Roli Chawal, 1 Assorted Chocolates Square 250gms, 1 Red Potli 9inches"
RK1720,"4 Designer Rakhi, 2 Small Yellow Cushion, 1 Basket with Handle, 2 Red Potli 9inches, 1 Almonds 250gms, 1 Assorted Chocolates Square 250gms, 1 Tin Gulab Jamun 1000gms, Roli Chawal"
RK1724,"1 Kriti Red Velvet Rakhi, 1 Three Small Stone R89, 1 Printed Pink Potli 11 inches, 1 Almonds 250gms, 1 Cashew 250gms, 2 Small Bowl with Square Base, 1 Brown Flatter Tray 5.5x13inches"
RK1756,"2 Rakhi,1 Lotus Thali 10.5x11inches,Kaju Roll 250gms,1 Roli Chawal"
RK1757,"2 Rakhi,1 Lotus Thali 10.5x11inches,1 Motichoor Laddo 250gms,1 Roli Chawal"
RK1770,"1 Bracelet Rakhi,1 Printed Pink Potli 11inches,1 Printed Pink Envelope 4x8inches,1 Small Floral Roli Chawal Box,Almonds 250gms,1 Small Yellow Cushion"
RK1795,"1 Rakhi,1 Small Yellow Cushion,Almonds 250gms,1 Green Hand Made Basket 5x5x3inches,Roli Chawal"
RK1797,"1 Rakhi,1 Green Hand Made Basket 5x5x3inches,Almonds 250gms,1 Designer Yellow Envelope 4x8 inches,Roli Chawal"
RK1816,"1 Rakhi,1 Ganesha Wooden Thali 6.5x6.5inches,Roli Chawal"
RK1819,"1 Rakhi,1 Small Peacock Thali 6x6inches,Roli Chawal"
RK1821,"1 RakhiFerrero Rocher Chocolate 16 pcs.,1 Pringles Cheese & Onion 165gms,1 Brown Bag 7.5x7.5inches,Roli Chawal"
RK185,"Brown Flat Tray 9x11, 200gms Assorted Chocolate, Small Golden Boxes with Roli Chawal, Small Yellow Cushion, Red & Golden Potley, Green & Red Chain Metallic Rakhi"
RK1861,"1 Rakhi,1 Small Yellow Cushion,7 Nestle Alpino Chocolates 22gms, Sky Blue Bucket Diameter 4 & height 4 inches, Roli Chawal"
RK1865,"1 Rakhi,1 Pagdi Box Diameter 6inches,Cashew 100 gms,Almonds 100gms,Roli Chawal"
RK915,"150 gms chocolate with a sweet message cover,Complimentary Roli Chawal & White and blue beaded evil eye bracelet."
RK1874,"1 Rakhi,1 Yellow Designer Envelope 4x8 inches,Ferrero Rocher Chocolate 24 pcs.,1 Decorative Roli Chawal Case 4.5x2.5inches"
RK1893,"1 Kids Lumba,Roli Chawal"
RK1894,"4 Rakhi,4 Small Yellow Cushion,1 Treasure Box 4x8x2.5inches,2 Flower Design Roli Chawal,1 Lindt Caramel 100gm,1 Lindt Dark Chocolate 100gms"
RK1910,"1 White Mug Diameter 3x4inches,1 White Cushions 12x12inches,Almonds 250gms"
RK1925,"Rakhi, Colorful Assorted Chocolates 100 gms"
RK1928,"Rakhi, 2 Assorted Round Chocolates 30gms, Chocolate Bar 70gms, Roli Chawal"
RK1947,"Lumba Set, Golden Designer ThaliDiameter 11.5inches, Almond 100gms, Cashew 100gms, Wallnuts 100gms, Small Yellow Cushion, Roli Chawal"
RK1966,"2 Rakhis, 2 Small Yellow Cushion, Cashew 100gms, Wallnuts 100gms, Assorted Chocolates Square 100gms, Brown Tray 10x6x2inches, Bikano rajbhog 1kg, Roli Chawal"
RK2043,"Rakhi, Small Yellow Cushion, Flower Printed Tin Box with lid 3 inches height, Rectangular Pink Base 10x6inches, Choco Bite 250gms, Standing ganesha 3x6inches, Roli Chawal"
RK2045,"Rakhi, Small Yellow Cushion, Flower Printed Tin Box with lid 3 inches height, Choco Bite 250gms, Buddha Head 7 inches height, Roli Chawal"
RK227,"Star Shaped Golden Metallic Rakhi with Blue Stones and Pearls, Small Yellow Cushion, Greeting Card, Chokola Chocochip Cookies 185gms & Roli Chawal"
RK229,"Anchor Rakhi, Small Yellow Cushion, Greeting Card, Nacho Krunchers 140gms, 2 Cadbury Dairy Milk Silk 60gms & Roli Chawal"
RK248,"metallic studded swan lumba with orange red and pink beads, crystal rakhi, yellow cushion, two golden boxes of Roli Chawal, 100gms of cashews, 100 gms of walnuts, 100 gms of cashews, brown flat tray 9x11"
RK276,"Rudraksha with red and golden beads rakhi,Small Yellow Cushion,Ferrero Rocher 5 pcs.,Sunfeast Delishus Nuts & Raisins 75gms,Cookie Heaven Badam Pista Cookies 200gms,Wooden Tray Without leg 9X13,Roli Chawal"
RK303,"Two Small Golden Box with Roli Chawal,Small Yellow Cushion,three Red & Golden Potli,Raisin 250gms,Almonds 250gms,Cashewsnuts 250gms,Ganesh pearl rakhi"
RK304,"Small Yellow Cushion,Milano Chocolate Chip Cookies 75gms,Sunfeast Delishus Nuts & Raisins 75gms,Roli Chawal,Ganesh pearl rakhi"
RK933,12x12 Cushion
RK345,"Blue beads and pearl rakhi with pearl and stones in middle,Red stone in middle with pearl rakhi,Chain rakhi with blue stone in middle,Three Small Yellow Cushion,Choco Swiss Variety of Six Pack,Each Pack 90GMS,Roli Chawal"
RK374,"Golden chain pearl rakhi with crystal in middle,Silver Almunium Round Tray diameter 11 inches, Small Yellow Cushion, Pista 100gms, Almonds 100gms, Cashewsnuts 100gms, Raisins 100gms, roli chawal"
RK380,"Red stoned Rakhi with pearls at its side,Tong Garden Cashewnuts salted 140gms, Small Light Yellow Card, Sunfeast Dark Fantasy Choco Fills 75gms, complimentary roli and chawal"
RK412,"Red and golden beads rakhi with studded center,Roli Chawal"
RK938,White mug with Print
RK441,"A crystal rakhi with pearls stucked in a chain, 2 Small Golden Boxes, Cookies with Chocolate 180gms, Coconut Cookies 180gms, Small Yellow Cushion, Cane Round Basket Diameter 8 inches,"
RK457,"Greeting Card, Brown beads Rudraksh rakhi, Lindt Excellence Smooth Dark 100gms, 2 Ganesha door soans, Roli Chawal"
RK484,"Moli Rakhi with a crystal in the centre, Kaju Roll 1000gms, Silver Aluminium Round Tray diameter 11 inches, Small Light Yellow Card, Roli Chawal"
RK517,"Small Yellow Cushion, Mere Bhaiyya crystal studded rakhi, Silver Almunium Round Tray diameter 11 inches, Cashewsnuts 250gms, Peda 500gms, Two small golden boxes of Roli Chawal"
RK582,"Brown Flat Tray 9x11, Coconut Cookies 180gms, Kaju Burfi 500gms, 2 Orange and white beads rakhis, Small yellow cushion, Roli Chawal"
RK955,"Cushion 12x12, Nike Fission Natural Spray Women 100ml, Pink Candle 3 inches height"
RK63,contrasting beads of Rakhi with a crystal in the centre with Roli and Chawal.
RK663,"Crystal studded ganesha rakhi with Pearls in the string, Roli Chawal, Small yellow cushion, Panjeeri 500gms"
RK67,red & white turtle Rakhi with Roli chawal
RK722,"Rectangular red stoned Rakhi, Small Yellow Cushion, De Miami Truffles set of Four, De Miami Fudge set of Six, De Miami Truffles set of Nine, Roli Chawal"
RK737,"Mere Bhaiyya crystal studded rakhi, Roli Chawal, Small yellow cushion, Copper colored Ganesha door soans, Tin Gulab Jamun 1000gms"
RK773,"Small yellow cushion, Red stone rakhi, Roli Chawal with small card, Cadbury Celebrations Rich Dry Fruit 177gms, Ram Door Soans"
RK846,"Red & Green Beads Rakhi, Small yellow cushion, Complimentary Roli Chawal, Greeting Card, Haldiram Patisa 200gms"
RK918,White Mug with Print
RK928,12x12 Cushion
RK957,"Soan Papdi 250gms, Sunfeast Delishus nut Cookies 60gms, White Mug with Print"
RK960,"Loreal Kajal Magique Black 35gms, Maybelline Lipstick 110 Fuchsia Flare, Cheeky Glow maybelline 7gms, Cushion 12x12"
RK961,"Boat Shape Wooden Basket 9X6.50, De Miami Rocher 105gms, L'Oreal Kajal Magique Black 35gms, White Mug with Print"
RK965,"Cushion 12x12,Temptations Rum Raisins 72gms,Temptations Cashew Appeal 72gms"
