Cat ID,URL,SKU,Sequencing
492,personalized,GIFTSFNP2052,1
492,personalized,GIFTSFNP2050,2
492,personalized,GIFTSFNP4467,3
492,personalized,GIFTSFNP2534,4
492,personalized,GIFTSFNP570,5
492,personalized,VG8,6
492,personalized,GIFTSFNP4595,7
492,personalized,GIFTSFNP1930,8
492,personalized,GIFTSFNP2532,9
492,personalized,GIFTSFNP1913,10
492,personalized,GIFTSFNP4598,11
492,personalized,GIFTSFNP4466,12
492,personalized,GIFTSFNP4714,13
492,personalized,GIFTSFNP2533,14
492,personalized,GIFTSFNP4408,15
492,personalized,GIFTSFNP4564,16
492,personalized,GIFTSFNP4455,17
492,personalized,GIFTSFNP1104,18
492,personalized,GIFTSFNP2048,19
492,personalized,GIFTSFNP2027,20
492,personalized,GIFTSFNP4716,21
492,personalized,GIFTSFNP1113,22
492,personalized,GIFTSFNP1114,23
492,personalized,GIFTSFNP250,24
492,personalized,GIFTSFNP2011,25
492,personalized,GIFTSFNP1920,26
492,personalized,GIFTSFNP2130,27
492,personalized,GIFTSFNP1098,28
492,personalized,GIFTSFNP1109,29
492,personalized,VG28,30
492,personalized,VG53,31
492,personalized,VG61,32
492,personalized,VG84,33
492,personalized,VG94,34
492,personalized,VG121,35
492,personalized,VG166,36
492,personalized,VG169,37
492,personalized,VG204,38
492,personalized,VG340,39
492,personalized,GIFTSFNP4409,40
492,personalized,GIFTSFNP4584,41
492,personalized,GIFTSFNP4586,42
492,personalized,GIFTSFNP4599,43
492,personalized,GIFTSFNP4688,44
492,personalized,GIFTSFNP4689,45
492,personalized,GIFTSFNP4690,46
492,personalized,GIFTSFNP4712,47
492,personalized,GIFTSFNP4713,48
492,personalized,GIFTSFNP4715,49
492,personalized,GIFTSFNP4718,50
492,personalized,VG507,51
492,personalized,VG511,52
492,personalized,GIFTSFNP4468,53
492,personalized,GIFTSFNP2012,54
492,personalized,VG295,55
492,personalized,GIFTSFNP4469,56
492,personalized,GIFTSFNP2016,57
492,personalized,GIFTSFNP4567,58
492,personalized,GIFTSFNP4568,59
492,personalized,GIFTSFNP4571,60
492,personalized,GIFTSFNP4572,61
492,personalized,GIFTSFNP4574,62
492,personalized,GIFTSFNP4581,63
492,personalized,GIFTSFNP4580,64
492,personalized,GIFTSFNP4694,65
492,personalized,GIFTSFNP4695,66
492,personalized,GIFTSFNP4696,67
492,personalized,GIFTSFNP4698,68
492,personalized,GIFTSFNP4576,69
492,personalized,GIFTSFNP4699,70
492,personalized,GIFTSFNP4606,71
492,personalized,GIFTSFNP4601,72
492,personalized,GIFTSFNP847,73
492,personalized,MG60,74
492,personalized,GIFTSFNP4587,75
492,personalized,GIFTSFNP2094,76
492,personalized,GIFTSFNP1908,77
492,personalized,VG145,78
492,personalized,VG195,79
492,personalized,VG486,80
492,personalized,GIFTSFNP4401,81
492,personalized,GIFTSFNP4402,82
492,personalized,GIFTSFNP4435,83
492,personalized,GIFTSFNP4585,84
492,personalized,GIFTSFNP4691,85
492,personalized,GIFTSFNP4692,86
492,personalized,GIFTSFNP4725,87
492,personalized,GIFTSFNP4727,88
492,personalized,GIFTSFNP4728,89
492,personalized,GIFTSFNP4731,90
492,personalized,GIFTSFNP4735,91
492,personalized,GIFTSFNP5000,92
492,personalized,VG519,93
492,personalized,GIFTSFNP5098,94
492,personalized,GIFTSFNP5099,95
492,personalized,GIFTSFNP5100,96
492,personalized,GIFTSFNP5101,97
492,personalized,GIFTSFNP5102,98
492,personalized,GIFTSFNP5103,99
492,personalized,GIFTSFNP5117,100
492,personalized,GIFTSFNP5118,101
492,personalized,GIFTSFNP5120,102
492,personalized,GIFTSFNP5122,103
492,personalized,GIFTSFNP5124,104
492,personalized,GIFTSFNP1662,105
492,personalized,GIFTSFNP1742,106
492,personalized,GIFTSFNP62,107
492,personalized,GIFTSFNP4593,108
492,personalized,GIFTSFNP4594,109
492,personalized,GIFTSFNP4596,110
492,personalized,GIFTSFNP4597,111
492,personalized,GIFTSFNP4600,112
492,personalized,GIFTSFNP4717,113
492,personalized,GIFTSFNP4719,114
492,personalized,GIFTSFNP4720,115
492,personalized,GIFTSFNP4721,116
492,personalized,GIFTSFNP4722,117
492,personalized,GIFTSFNP4723,118
492,personalized,GIFTSFNP4730,119
492,personalized,GIFTSFNP4732,120
492,personalized,GIFTSFNP4733,121
492,personalized,GIFTSFNP4736,122
492,personalized,VG515,123
492,personalized,GIFTSFNP5031,124
492,personalized,GIFTSFNP5032,125
492,personalized,GIFTSFNP5033,126
492,personalized,GIFTSFNP5034,127
492,personalized,GIFTSFNP5035,128
492,personalized,GIFTSFNP5036,129
492,personalized,GIFTSFNP5037,130
492,personalized,GIFTSFNP5038,131
492,personalized,GIFTSFNP5093,132
492,personalized,GIFTSFNP5094,133
492,personalized,GIFTSFNP5095,134
492,personalized,GIFTSFNP5096,135
492,personalized,GIFTSFNP5097,136
492,personalized,GIFTSFNP5105,137
492,personalized,GIFTSFNP5106,138
492,personalized,GIFTSFNP5108,139
492,personalized,GIFTSFNP5113,140
492,personalized,GIFTSFNP5114,141
492,personalized,GIFTSFNP5115,142
492,personalized,GIFTSFNP5116,143
492,personalized,GIFTSFNP5119,144
492,personalized,GIFTSFNP5121,145
492,personalized,GIFTSFNP5123,146
492,personalized,GIFTSFNP5125,147
492,personalized,GIFTSFNP5126,148
492,personalized,GIFTSFNP5128,149
492,personalized,GIFTSFNP5129,150
492,personalized,GIFTSFNP5130,151
492,personalized,GIFTSFNP4725,152
492,personalized,GIFTSFNP4727,153
492,personalized,GIFTSFNP4728,154
492,personalized,GIFTSFNP4731,155
492,personalized,GIFTSFNP4735,156
492,personalized,GIFTSFNP5000,157
492,personalized,VG519,158
492,personalized,GIFTSFNP5098,159
492,personalized,GIFTSFNP5099,160
492,personalized,GIFTSFNP5100,161
492,personalized,GIFTSFNP5101,162
492,personalized,GIFTSFNP5102,163
492,personalized,GIFTSFNP5103,164
492,personalized,GIFTSFNP5117,165
492,personalized,GIFTSFNP5118,166
492,personalized,GIFTSFNP5120,167
492,personalized,GIFTSFNP5122,168
492,personalized,GIFTSFNP5124,169
492,personalized,VG57,170
492,personalized,GIFTSFNP5087,171
492,personalized,GIFTSFNP5134,172
492,personalized,GIFTSFNP5135,173
492,personalized,GIFTSFNP1661,174
492,personalized,GIFTSFNP4602,175
492,personalized,GIFTSFNP4603,176
492,personalized,GIFTSFNP4604,177
492,personalized,GIFTSFNP4605,178
492,personalized,GIFTSFNP4724,179
492,personalized,GIFTSFNP4726,180
492,personalized,GIFTSFNP4729,181
492,personalized,GIFTSFNP4734,182
492,personalized,GIFTSFNP4737,183
492,personalized,GIFTSFNP4738,184
492,personalized,GIFTSFNP5083,185
492,personalized,GIFTSFNP5084,186
492,personalized,GIFTSFNP5085,187
492,personalized,GIFTSFNP5086,188
492,personalized,GIFTSFNP5088,189
492,personalized,GIFTSFNP5089,190
492,personalized,GIFTSFNP5090,191
492,personalized,GIFTSFNP5091,192
492,personalized,GIFTSFNP5092,193
492,personalized,GIFTSFNP5109,194
492,personalized,GIFTSFNP5127,195
492,personalized,GIFTSFNP5131,196
492,personalized,GIFTSFNP5132,197
492,personalized,GIFTSFNP5133,198
492,personalized,GIFTSFNP2372,199
492,personalized,GIFTSFNP4740,200
492,personalized,GIFTSFNP4742,201
492,personalized,GIFTSFNP4743,202
492,personalized,GIFTSFNP4746,203
492,personalized,GIFTSFNP5139,204
492,personalized,GIFTSFNP5140,205
492,personalized,GIFTSFNP5141,206
492,personalized,GIFTSFNP5142,207
492,personalized,GIFTSFNP5134,208
492,personalized,GIFTSFNP5135,209
492,personalized,GIFTSFNP1661,210
492,personalized,GIFTSFNP4602,211
492,personalized,GIFTSFNP4603,212
492,personalized,GIFTSFNP4604,213
492,personalized,GIFTSFNP4605,214
492,personalized,GIFTSFNP4724,215
492,personalized,GIFTSFNP4726,216
492,personalized,GIFTSFNP4729,217
492,personalized,GIFTSFNP4734,218
492,personalized,GIFTSFNP4737,219
492,personalized,GIFTSFNP4738,220
492,personalized,GIFTSFNP5083,221
492,personalized,GIFTSFNP5084,222
492,personalized,GIFTSFNP5085,223
492,personalized,GIFTSFNP5086,224
492,personalized,GIFTSFNP5088,225
492,personalized,GIFTSFNP5089,226
492,personalized,GIFTSFNP5090,227
492,personalized,GIFTSFNP5091,228
492,personalized,GIFTSFNP5092,229
492,personalized,GIFTSFNP5109,230
492,personalized,GIFTSFNP5127,231
492,personalized,GIFTSFNP5131,232
492,personalized,GIFTSFNP5132,233
492,personalized,GIFTSFNP5133,234
492,personalized,GIFTSFNP2372,235
492,personalized,GIFTSFNP4740,236
492,personalized,GIFTSFNP4742,237
492,personalized,GIFTSFNP4743,238
492,personalized,GIFTSFNP4746,239
492,personalized,GIFTSFNP5139,240
492,personalized,GIFTSFNP5140,241
492,personalized,GIFTSFNP5141,242
492,personalized,GIFTSFNP5142,243
493,personalized,GIFTSFNP2052,244
493,personalized,GIFTSFNP2050,245
493,personalized,GIFTSFNP4467,246
493,personalized,GIFTSFNP2534,247
493,personalized,GIFTSFNP570,248
493,personalized,VG8,249
493,personalized,GIFTSFNP4595,250
493,personalized,GIFTSFNP1930,251
493,personalized,GIFTSFNP2532,252
493,personalized,GIFTSFNP4598,253
493,personalized,GIFTSFNP4466,254
493,personalized,GIFTSFNP4714,255
493,personalized,GIFTSFNP2533,256
493,personalized,GIFTSFNP4408,257
493,personalized,GIFTSFNP4455,258
493,personalized,GIFTSFNP1104,259
493,personalized,GIFTSFNP2048,260
493,personalized,GIFTSFNP2027,261
493,personalized,GIFTSFNP4716,262
493,personalized,GIFTSFNP1113,263
493,personalized,GIFTSFNP1114,264
493,personalized,GIFTSFNP250,265
493,personalized,GIFTSFNP1098,266
493,personalized,GIFTSFNP1109,267
493,personalized,VG28,268
493,personalized,VG53,269
493,personalized,VG61,270
493,personalized,VG84,271
493,personalized,VG94,272
493,personalized,VG121,273
493,personalized,VG166,274
493,personalized,VG169,275
493,personalized,VG204,276
493,personalized,VG340,277
493,personalized,GIFTSFNP4409,278
493,personalized,GIFTSFNP4584,279
493,personalized,GIFTSFNP4586,280
493,personalized,GIFTSFNP4599,281
493,personalized,GIFTSFNP4688,282
493,personalized,GIFTSFNP4689,283
493,personalized,GIFTSFNP4690,284
493,personalized,GIFTSFNP4712,285
493,personalized,GIFTSFNP4713,286
493,personalized,GIFTSFNP4715,287
493,personalized,GIFTSFNP4718,288
493,personalized,VG507,289
493,personalized,VG511,290
493,personalized,GIFTSFNP4468,291
493,personalized,GIFTSFNP2022,292
493,personalized,VG295,293
493,personalized,GIFTSFNP4469,294
493,personalized,GIFTSFNP1931,295
493,personalized,GIFTSFNP4567,296
493,personalized,GIFTSFNP4568,297
493,personalized,GIFTSFNP4571,298
493,personalized,GIFTSFNP4581,299
493,personalized,GIFTSFNP4694,300
493,personalized,GIFTSFNP4695,301
493,personalized,GIFTSFNP4696,302
493,personalized,GIFTSFNP4698,303
493,personalized,GIFTSFNP4576,304
493,personalized,GIFTSFNP4699,305
493,personalized,GIFTSFNP4606,306
493,personalized,GIFTSFNP4601,307
493,personalized,GIFTSFNP1514,308
493,personalized,GIFTSFNP4587,309
493,personalized,FG3,310
493,personalized,GIFTSFNP2094,311
493,personalized,GIFTSFNP1722,312
493,personalized,VG145,313
493,personalized,VG195,314
493,personalized,VG486,315
493,personalized,GIFTSFNP4401,316
493,personalized,GIFTSFNP4402,317
493,personalized,GIFTSFNP4435,318
493,personalized,GIFTSFNP4691,319
493,personalized,GIFTSFNP4692,320
493,personalized,GIFTSFNP1662,321
493,personalized,GIFTSFNP1742,322
493,personalized,GIFTSFNP4725,323
493,personalized,GIFTSFNP4727,324
493,personalized,GIFTSFNP4728,325
493,personalized,GIFTSFNP4731,326
493,personalized,GIFTSFNP4735,327
493,personalized,GIFTSFNP5000,328
493,personalized,VG519,329
493,personalized,GIFTSFNP5098,330
493,personalized,GIFTSFNP5099,331
493,personalized,GIFTSFNP5100,332
493,personalized,GIFTSFNP5101,333
493,personalized,GIFTSFNP5102,334
493,personalized,GIFTSFNP5103,335
493,personalized,GIFTSFNP5117,336
493,personalized,GIFTSFNP5118,337
493,personalized,GIFTSFNP5120,338
493,personalized,GIFTSFNP5122,339
493,personalized,GIFTSFNP5124,340
493,personalized,VG57,341
493,personalized,GIFTSFNP5087,342
493,personalized,GIFTSFNP5134,343
493,personalized,GIFTSFNP5135,344
493,personalized,GIFTSFNP1661,345
493,personalized,GIFTSFNP4602,346
493,personalized,GIFTSFNP4603,347
493,personalized,GIFTSFNP4604,348
493,personalized,GIFTSFNP4605,349
493,personalized,GIFTSFNP4724,350
493,personalized,GIFTSFNP4726,351
493,personalized,GIFTSFNP4729,352
493,personalized,GIFTSFNP4734,353
493,personalized,GIFTSFNP4737,354
493,personalized,GIFTSFNP4738,355
493,personalized,GIFTSFNP5083,356
493,personalized,GIFTSFNP5084,357
493,personalized,GIFTSFNP5085,358
493,personalized,GIFTSFNP5086,359
493,personalized,GIFTSFNP5088,360
493,personalized,GIFTSFNP5089,361
493,personalized,GIFTSFNP5090,362
493,personalized,GIFTSFNP5091,363
493,personalized,GIFTSFNP5092,364
493,personalized,GIFTSFNP5109,365
493,personalized,GIFTSFNP5127,366
493,personalized,GIFTSFNP5131,367
493,personalized,GIFTSFNP5132,368
493,personalized,GIFTSFNP5133,369
493,personalized,GIFTSFNP2372,370
493,personalized,GIFTSFNP4740,371
493,personalized,GIFTSFNP4742,372
493,personalized,GIFTSFNP4743,373
493,personalized,GIFTSFNP4746,374
493,personalized,GIFTSFNP5139,375
493,personalized,GIFTSFNP5140,376
493,personalized,GIFTSFNP5141,377
493,personalized,GIFTSFNP5142,378
494,personalized,GIFTSFNP2052,379
494,personalized,GIFTSFNP2050,380
494,personalized,GIFTSFNP4467,381
494,personalized,GIFTSFNP2534,382
494,personalized,GIFTSFNP570,383
494,personalized,VG8,384
494,personalized,GIFTSFNP4595,385
494,personalized,GIFTSFNP1930,386
494,personalized,GIFTSFNP2532,387
494,personalized,GIFTSFNP4598,388
494,personalized,GIFTSFNP4466,389
494,personalized,GIFTSFNP4714,390
494,personalized,GIFTSFNP2533,391
494,personalized,GIFTSFNP4408,392
494,personalized,GIFTSFNP4455,393
494,personalized,GIFTSFNP1104,394
494,personalized,GIFTSFNP2048,395
494,personalized,GIFTSFNP2027,396
494,personalized,GIFTSFNP4716,397
494,personalized,GIFTSFNP1113,398
494,personalized,GIFTSFNP1114,399
494,personalized,GIFTSFNP250,400
494,personalized,GIFTSFNP1098,401
494,personalized,GIFTSFNP1109,402
494,personalized,VG28,403
494,personalized,VG53,404
494,personalized,VG61,405
494,personalized,VG84,406
494,personalized,VG94,407
494,personalized,VG121,408
494,personalized,VG166,409
494,personalized,VG169,410
494,personalized,VG204,411
494,personalized,VG340,412
494,personalized,GIFTSFNP4409,413
494,personalized,GIFTSFNP4584,414
494,personalized,GIFTSFNP4586,415
494,personalized,GIFTSFNP4599,416
494,personalized,GIFTSFNP4688,417
494,personalized,GIFTSFNP4689,418
494,personalized,GIFTSFNP4690,419
494,personalized,GIFTSFNP4712,420
494,personalized,GIFTSFNP4713,421
494,personalized,GIFTSFNP4715,422
494,personalized,GIFTSFNP4718,423
494,personalized,VG507,424
494,personalized,VG511,425
494,personalized,GIFTSFNP4468,426
494,personalized,VG295,427
494,personalized,GIFTSFNP4469,428
494,personalized,GIFTSFNP4567,429
494,personalized,GIFTSFNP4568,430
494,personalized,GIFTSFNP4571,431
494,personalized,GIFTSFNP4581,432
494,personalized,GIFTSFNP4694,433
494,personalized,GIFTSFNP4695,434
494,personalized,GIFTSFNP4696,435
494,personalized,GIFTSFNP4698,436
494,personalized,GIFTSFNP4576,437
494,personalized,GIFTSFNP4699,438
494,personalized,GIFTSFNP4606,439
494,personalized,GIFTSFNP4601,440
494,personalized,GIFTSFNP4587,441
494,personalized,VG145,442
494,personalized,VG195,443
494,personalized,VG486,444
494,personalized,GIFTSFNP4401,445
494,personalized,GIFTSFNP4402,446
494,personalized,GIFTSFNP4435,447
494,personalized,GIFTSFNP4691,448
494,personalized,GIFTSFNP4692,449
494,personalized,GIFTSFNP1662,450
494,personalized,GIFTSFNP1742,451
494,personalized,GIFTSFNP4725,452
494,personalized,GIFTSFNP4727,453
494,personalized,GIFTSFNP4728,454
494,personalized,GIFTSFNP4731,455
494,personalized,GIFTSFNP4735,456
494,personalized,GIFTSFNP5000,457
494,personalized,VG519,458
494,personalized,GIFTSFNP5098,459
494,personalized,GIFTSFNP5099,460
494,personalized,GIFTSFNP5100,461
494,personalized,GIFTSFNP5101,462
494,personalized,GIFTSFNP5102,463
494,personalized,GIFTSFNP5103,464
494,personalized,GIFTSFNP5117,465
494,personalized,GIFTSFNP5118,466
494,personalized,GIFTSFNP5120,467
494,personalized,GIFTSFNP5122,468
494,personalized,GIFTSFNP5124,469
494,personalized,VG57,470
494,personalized,GIFTSFNP5087,471
494,personalized,GIFTSFNP5134,472
494,personalized,GIFTSFNP5135,473
494,personalized,GIFTSFNP1661,474
494,personalized,GIFTSFNP4602,475
494,personalized,GIFTSFNP4603,476
494,personalized,GIFTSFNP4604,477
494,personalized,GIFTSFNP4605,478
494,personalized,GIFTSFNP4724,479
494,personalized,GIFTSFNP4726,480
494,personalized,GIFTSFNP4729,481
494,personalized,GIFTSFNP4734,482
494,personalized,GIFTSFNP4737,483
494,personalized,GIFTSFNP4738,484
494,personalized,GIFTSFNP5083,485
494,personalized,GIFTSFNP5084,486
494,personalized,GIFTSFNP5085,487
494,personalized,GIFTSFNP5086,488
494,personalized,GIFTSFNP5088,489
494,personalized,GIFTSFNP5089,490
494,personalized,GIFTSFNP5090,491
494,personalized,GIFTSFNP5091,492
494,personalized,GIFTSFNP5092,493
494,personalized,GIFTSFNP5109,494
494,personalized,GIFTSFNP5127,495
494,personalized,GIFTSFNP5131,496
494,personalized,GIFTSFNP5132,497
494,personalized,GIFTSFNP5133,498
494,personalized,GIFTSFNP2372,499
494,personalized,GIFTSFNP4740,500
494,personalized,GIFTSFNP4742,501
494,personalized,GIFTSFNP4743,502
494,personalized,GIFTSFNP4746,503
494,personalized,GIFTSFNP5139,504
494,personalized,GIFTSFNP5140,505
494,personalized,GIFTSFNP5141,506
494,personalized,GIFTSFNP5142,507
495,personalized,GIFTSFNP2052,508
495,personalized,GIFTSFNP2050,509
495,personalized,GIFTSFNP4467,510
495,personalized,GIFTSFNP2534,511
495,personalized,GIFTSFNP570,512
495,personalized,VG8,513
495,personalized,GIFTSFNP4595,514
495,personalized,GIFTSFNP1930,515
495,personalized,GIFTSFNP2532,516
495,personalized,GIFTSFNP4598,517
495,personalized,GIFTSFNP4466,518
495,personalized,GIFTSFNP4714,519
495,personalized,GIFTSFNP2533,520
495,personalized,GIFTSFNP4408,521
495,personalized,GIFTSFNP4455,522
495,personalized,GIFTSFNP1104,523
495,personalized,GIFTSFNP2048,524
495,personalized,GIFTSFNP2027,525
495,personalized,GIFTSFNP4716,526
495,personalized,GIFTSFNP1113,527
495,personalized,GIFTSFNP1114,528
495,personalized,GIFTSFNP250,529
495,personalized,GIFTSFNP1098,530
495,personalized,GIFTSFNP1109,531
495,personalized,VG28,532
495,personalized,VG53,533
495,personalized,VG61,534
495,personalized,VG84,535
495,personalized,VG94,536
495,personalized,VG121,537
495,personalized,VG166,538
495,personalized,VG169,539
495,personalized,VG204,540
495,personalized,VG340,541
495,personalized,GIFTSFNP4409,542
495,personalized,GIFTSFNP4584,543
495,personalized,GIFTSFNP4586,544
495,personalized,GIFTSFNP4599,545
495,personalized,GIFTSFNP4688,546
495,personalized,GIFTSFNP4689,547
495,personalized,GIFTSFNP4690,548
495,personalized,GIFTSFNP4712,549
495,personalized,GIFTSFNP4713,550
495,personalized,GIFTSFNP4715,551
495,personalized,GIFTSFNP4718,552
495,personalized,VG507,553
495,personalized,VG511,554
495,personalized,GIFTSFNP4468,555
495,personalized,VG295,556
495,personalized,GIFTSFNP4469,557
495,personalized,GIFTSFNP4567,558
495,personalized,GIFTSFNP4568,559
495,personalized,GIFTSFNP4571,560
495,personalized,GIFTSFNP4572,561
495,personalized,GIFTSFNP4574,562
495,personalized,GIFTSFNP4581,563
495,personalized,GIFTSFNP4694,564
495,personalized,GIFTSFNP4695,565
495,personalized,GIFTSFNP4696,566
495,personalized,GIFTSFNP4698,567
495,personalized,GIFTSFNP4576,568
495,personalized,GIFTSFNP4699,569
495,personalized,GIFTSFNP4606,570
495,personalized,GIFTSFNP4601,571
495,personalized,GIFTSFNP4587,572
495,personalized,VG145,573
495,personalized,VG195,574
495,personalized,VG486,575
495,personalized,GIFTSFNP4401,576
495,personalized,GIFTSFNP4402,577
495,personalized,GIFTSFNP4435,578
495,personalized,GIFTSFNP4691,579
495,personalized,GIFTSFNP4692,580
495,personalized,GIFTSFNP467,581
495,personalized,GIFTSFNP589,582
495,personalized,GIFTSFNP32,583
495,personalized,GIFTSFNP270,584
495,personalized,GIFTSFNP346,585
495,personalized,GIFTSFNP436,586
495,personalized,GIFTSFNP2430,587
495,personalized,GIFTSFNP2436,588
495,personalized,GIFTSFNP629,589
495,personalized,GIFTSFNP4807,590
495,personalized,GIFTSFNP486,591
495,personalized,GIFTSFNP4802,592
495,personalized,GIFTSFNP35,593
495,personalized,GIFTSFNP382,594
495,personalized,GIFTSFNP4812,595
495,personalized,GIFTSFNP4776,596
495,personalized,GIFTSFNP484,597
495,personalized,GIFTSFNP521,598
495,personalized,GIFTSFNP312,599
495,personalized,GIFTSFNP314,600
495,personalized,GIFTSFNP426,601
495,personalized,GIFTSFNP1080,602
495,personalized,GIFTSFNP4806,603
495,personalized,MG22,604
495,personalized,VG495,605
495,personalized,GIFTSFNP1237,606
495,personalized,GIFTSFNP310,607
495,personalized,GIFTSFNP411,608
495,personalized,VG218,609
495,personalized,VG17,610
495,personalized,VG22,611
495,personalized,VG34,612
495,personalized,VG35,613
495,personalized,VG282,614
495,personalized,VG298,615
495,personalized,VG206,616
495,personalized,GIFTSFNP4575,617
495,personalized,VG112,618
495,personalized,GIFTSFNP1662,619
495,personalized,GIFTSFNP1742,620
495,personalized,GIFTSFNP4725,621
495,personalized,GIFTSFNP4727,622
495,personalized,GIFTSFNP4728,623
495,personalized,GIFTSFNP4731,624
495,personalized,GIFTSFNP4735,625
495,personalized,GIFTSFNP5000,626
495,personalized,VG519,627
495,personalized,GIFTSFNP5098,628
495,personalized,GIFTSFNP5099,629
495,personalized,GIFTSFNP5100,630
495,personalized,GIFTSFNP5101,631
495,personalized,GIFTSFNP5102,632
495,personalized,GIFTSFNP5103,633
495,personalized,GIFTSFNP5117,634
495,personalized,GIFTSFNP5118,635
495,personalized,GIFTSFNP5120,636
495,personalized,GIFTSFNP5122,637
495,personalized,GIFTSFNP5124,638
495,personalized,VG57,639
495,personalized,GIFTSFNP5087,640
495,personalized,GIFTSFNP5134,641
495,personalized,GIFTSFNP5135,642
495,personalized,GIFTSFNP1661,643
495,personalized,GIFTSFNP4602,644
495,personalized,GIFTSFNP4603,645
495,personalized,GIFTSFNP4604,646
495,personalized,GIFTSFNP4605,647
495,personalized,GIFTSFNP4724,648
495,personalized,GIFTSFNP4726,649
495,personalized,GIFTSFNP4729,650
495,personalized,GIFTSFNP4734,651
495,personalized,GIFTSFNP4737,652
495,personalized,GIFTSFNP4738,653
495,personalized,GIFTSFNP5083,654
495,personalized,GIFTSFNP5084,655
495,personalized,GIFTSFNP5085,656
495,personalized,GIFTSFNP5086,657
495,personalized,GIFTSFNP5088,658
495,personalized,GIFTSFNP5089,659
495,personalized,GIFTSFNP5090,660
495,personalized,GIFTSFNP5091,661
495,personalized,GIFTSFNP5092,662
495,personalized,GIFTSFNP5109,663
495,personalized,GIFTSFNP5127,664
495,personalized,GIFTSFNP5131,665
495,personalized,GIFTSFNP5132,666
495,personalized,GIFTSFNP5133,667
495,personalized,GIFTSFNP2372,668
495,personalized,GIFTSFNP4740,669
495,personalized,GIFTSFNP4742,670
495,personalized,GIFTSFNP4743,671
495,personalized,GIFTSFNP4746,672
495,personalized,GIFTSFNP5139,673
495,personalized,GIFTSFNP5140,674
495,personalized,GIFTSFNP5141,675
495,personalized,GIFTSFNP5142,676
496,personalized,GIFTSFNP2052,677
496,personalized,GIFTSFNP2050,678
496,personalized,GIFTSFNP4467,679
496,personalized,GIFTSFNP2534,680
496,personalized,GIFTSFNP570,681
496,personalized,VG8,682
496,personalized,GIFTSFNP4595,683
496,personalized,GIFTSFNP1930,684
496,personalized,GIFTSFNP2532,685
496,personalized,GIFTSFNP4598,686
496,personalized,GIFTSFNP4466,687
496,personalized,GIFTSFNP4714,688
496,personalized,GIFTSFNP2533,689
496,personalized,GIFTSFNP4408,690
496,personalized,GIFTSFNP4455,691
496,personalized,GIFTSFNP1104,692
496,personalized,GIFTSFNP2048,693
496,personalized,GIFTSFNP2027,694
496,personalized,GIFTSFNP4716,695
496,personalized,GIFTSFNP1113,696
496,personalized,GIFTSFNP1114,697
496,personalized,GIFTSFNP250,698
496,personalized,GIFTSFNP1098,699
496,personalized,GIFTSFNP1109,700
496,personalized,VG28,701
496,personalized,VG53,702
496,personalized,VG61,703
496,personalized,VG84,704
496,personalized,VG94,705
496,personalized,VG121,706
496,personalized,VG166,707
496,personalized,VG169,708
496,personalized,VG204,709
496,personalized,VG340,710
496,personalized,GIFTSFNP4409,711
496,personalized,GIFTSFNP4584,712
496,personalized,GIFTSFNP4586,713
496,personalized,GIFTSFNP4599,714
496,personalized,GIFTSFNP4688,715
496,personalized,GIFTSFNP4689,716
496,personalized,GIFTSFNP4690,717
496,personalized,GIFTSFNP4712,718
496,personalized,GIFTSFNP4713,719
496,personalized,GIFTSFNP4715,720
496,personalized,GIFTSFNP4718,721
496,personalized,VG507,722
496,personalized,VG511,723
496,personalized,GIFTSFNP4468,724
496,personalized,VG295,725
496,personalized,GIFTSFNP4469,726
496,personalized,GIFTSFNP4567,727
496,personalized,GIFTSFNP4568,728
496,personalized,GIFTSFNP4571,729
496,personalized,GIFTSFNP4581,730
496,personalized,GIFTSFNP4694,731
496,personalized,GIFTSFNP4695,732
496,personalized,GIFTSFNP4696,733
496,personalized,GIFTSFNP4698,734
496,personalized,GIFTSFNP4576,735
496,personalized,GIFTSFNP4699,736
496,personalized,GIFTSFNP4606,737
496,personalized,GIFTSFNP4601,738
496,personalized,GIFTSFNP4587,739
496,personalized,VG145,740
496,personalized,VG195,741
496,personalized,VG486,742
496,personalized,GIFTSFNP4401,743
496,personalized,GIFTSFNP4402,744
496,personalized,GIFTSFNP4435,745
496,personalized,GIFTSFNP4691,746
496,personalized,GIFTSFNP4692,747
496,personalized,GIFTSFNP1662,748
496,personalized,GIFTSFNP1742,749
496,personalized,GIFTSFNP4725,750
496,personalized,GIFTSFNP4727,751
496,personalized,GIFTSFNP4728,752
496,personalized,GIFTSFNP4731,753
496,personalized,GIFTSFNP4735,754
496,personalized,GIFTSFNP5000,755
496,personalized,VG519,756
496,personalized,GIFTSFNP5098,757
496,personalized,GIFTSFNP5099,758
496,personalized,GIFTSFNP5100,759
496,personalized,GIFTSFNP5101,760
496,personalized,GIFTSFNP5102,761
496,personalized,GIFTSFNP5103,762
496,personalized,GIFTSFNP5117,763
496,personalized,GIFTSFNP5118,764
496,personalized,GIFTSFNP5120,765
496,personalized,GIFTSFNP5122,766
496,personalized,GIFTSFNP5124,767
496,personalized,VG57,768
496,personalized,GIFTSFNP5087,769
496,personalized,GIFTSFNP5134,770
496,personalized,GIFTSFNP5135,771
496,personalized,GIFTSFNP1661,772
496,personalized,GIFTSFNP4602,773
496,personalized,GIFTSFNP4603,774
496,personalized,GIFTSFNP4604,775
496,personalized,GIFTSFNP4605,776
496,personalized,GIFTSFNP4724,777
496,personalized,GIFTSFNP4726,778
496,personalized,GIFTSFNP4729,779
496,personalized,GIFTSFNP4734,780
496,personalized,GIFTSFNP4737,781
496,personalized,GIFTSFNP4738,782
496,personalized,GIFTSFNP5083,783
496,personalized,GIFTSFNP5084,784
496,personalized,GIFTSFNP5085,785
496,personalized,GIFTSFNP5086,786
496,personalized,GIFTSFNP5088,787
496,personalized,GIFTSFNP5089,788
496,personalized,GIFTSFNP5090,789
496,personalized,GIFTSFNP5091,790
496,personalized,GIFTSFNP5092,791
496,personalized,GIFTSFNP5109,792
496,personalized,GIFTSFNP5127,793
496,personalized,GIFTSFNP5131,794
496,personalized,GIFTSFNP5132,795
496,personalized,GIFTSFNP5133,796
496,personalized,GIFTSFNP2372,797
496,personalized,GIFTSFNP4740,798
496,personalized,GIFTSFNP4742,799
496,personalized,GIFTSFNP4743,800
496,personalized,GIFTSFNP4746,801
496,personalized,GIFTSFNP5139,802
496,personalized,GIFTSFNP5140,803
496,personalized,GIFTSFNP5141,804
496,personalized,GIFTSFNP5142,805
497,personalized,GIFTSFNP2052,806
497,personalized,GIFTSFNP2050,807
497,personalized,GIFTSFNP4467,808
497,personalized,GIFTSFNP2534,809
497,personalized,GIFTSFNP570,810
497,personalized,VG8,811
497,personalized,GIFTSFNP4595,812
497,personalized,GIFTSFNP1930,813
497,personalized,GIFTSFNP2532,814
497,personalized,GIFTSFNP4598,815
497,personalized,GIFTSFNP4466,816
497,personalized,GIFTSFNP4714,817
497,personalized,GIFTSFNP2533,818
497,personalized,GIFTSFNP4408,819
497,personalized,GIFTSFNP4455,820
497,personalized,GIFTSFNP1104,821
497,personalized,GIFTSFNP2048,822
497,personalized,GIFTSFNP2027,823
497,personalized,GIFTSFNP4716,824
497,personalized,GIFTSFNP1113,825
497,personalized,GIFTSFNP1114,826
497,personalized,GIFTSFNP250,827
497,personalized,GIFTSFNP1098,828
497,personalized,GIFTSFNP1109,829
497,personalized,VG28,830
497,personalized,VG53,831
497,personalized,VG61,832
497,personalized,VG84,833
497,personalized,VG94,834
497,personalized,VG121,835
497,personalized,VG166,836
497,personalized,VG169,837
497,personalized,VG204,838
497,personalized,VG340,839
497,personalized,GIFTSFNP4409,840
497,personalized,GIFTSFNP4584,841
497,personalized,GIFTSFNP4586,842
497,personalized,GIFTSFNP4599,843
497,personalized,GIFTSFNP4688,844
497,personalized,GIFTSFNP4689,845
497,personalized,GIFTSFNP4690,846
497,personalized,GIFTSFNP4712,847
497,personalized,GIFTSFNP4713,848
497,personalized,GIFTSFNP4715,849
497,personalized,GIFTSFNP4718,850
497,personalized,VG507,851
497,personalized,VG511,852
497,personalized,GIFTSFNP4468,853
497,personalized,VG295,854
497,personalized,GIFTSFNP4469,855
497,personalized,GIFTSFNP4567,856
497,personalized,GIFTSFNP4568,857
497,personalized,GIFTSFNP4571,858
497,personalized,GIFTSFNP4572,859
497,personalized,GIFTSFNP4574,860
497,personalized,GIFTSFNP4581,861
497,personalized,GIFTSFNP4694,862
497,personalized,GIFTSFNP4695,863
497,personalized,GIFTSFNP4696,864
497,personalized,GIFTSFNP4698,865
497,personalized,GIFTSFNP4576,866
497,personalized,GIFTSFNP4699,867
497,personalized,GIFTSFNP4606,868
497,personalized,GIFTSFNP4601,869
497,personalized,GIFTSFNP4587,870
497,personalized,VG145,871
497,personalized,VG195,872
497,personalized,VG486,873
497,personalized,GIFTSFNP4401,874
497,personalized,GIFTSFNP4402,875
497,personalized,GIFTSFNP4435,876
497,personalized,GIFTSFNP4691,877
497,personalized,GIFTSFNP4692,878
497,personalized,GIFTSFNP1662,879
497,personalized,GIFTSFNP1742,880
497,personalized,GIFTSFNP4725,881
497,personalized,GIFTSFNP4727,882
497,personalized,GIFTSFNP4728,883
497,personalized,GIFTSFNP4731,884
497,personalized,GIFTSFNP4735,885
497,personalized,GIFTSFNP5000,886
497,personalized,VG519,887
497,personalized,GIFTSFNP5098,888
497,personalized,GIFTSFNP5099,889
497,personalized,GIFTSFNP5100,890
497,personalized,GIFTSFNP5101,891
497,personalized,GIFTSFNP5102,892
497,personalized,GIFTSFNP5103,893
497,personalized,GIFTSFNP5117,894
497,personalized,GIFTSFNP5118,895
497,personalized,GIFTSFNP5120,896
497,personalized,GIFTSFNP5122,897
497,personalized,GIFTSFNP5124,898
497,personalized,VG57,899
497,personalized,GIFTSFNP5087,900
497,personalized,GIFTSFNP5134,901
497,personalized,GIFTSFNP5135,902
497,personalized,GIFTSFNP1661,903
497,personalized,GIFTSFNP4602,904
497,personalized,GIFTSFNP4603,905
497,personalized,GIFTSFNP4604,906
497,personalized,GIFTSFNP4605,907
497,personalized,GIFTSFNP4724,908
497,personalized,GIFTSFNP4726,909
497,personalized,GIFTSFNP4729,910
497,personalized,GIFTSFNP4734,911
497,personalized,GIFTSFNP4737,912
497,personalized,GIFTSFNP4738,913
497,personalized,GIFTSFNP5083,914
497,personalized,GIFTSFNP5084,915
497,personalized,GIFTSFNP5085,916
497,personalized,GIFTSFNP5086,917
497,personalized,GIFTSFNP5088,918
497,personalized,GIFTSFNP5089,919
497,personalized,GIFTSFNP5090,920
497,personalized,GIFTSFNP5091,921
497,personalized,GIFTSFNP5092,922
497,personalized,GIFTSFNP5109,923
497,personalized,GIFTSFNP5127,924
497,personalized,GIFTSFNP5131,925
497,personalized,GIFTSFNP5132,926
497,personalized,GIFTSFNP5133,927
497,personalized,GIFTSFNP2372,928
497,personalized,GIFTSFNP4740,929
497,personalized,GIFTSFNP4742,930
497,personalized,GIFTSFNP4743,931
497,personalized,GIFTSFNP4746,932
497,personalized,GIFTSFNP5139,933
497,personalized,GIFTSFNP5140,934
497,personalized,GIFTSFNP5141,935
497,personalized,GIFTSFNP5142,936
498,personalized,GIFTSFNP2052,937
498,personalized,GIFTSFNP2050,938
498,personalized,GIFTSFNP4467,939
498,personalized,GIFTSFNP2534,940
498,personalized,GIFTSFNP570,941
498,personalized,VG8,942
498,personalized,GIFTSFNP4595,943
498,personalized,GIFTSFNP1930,944
498,personalized,GIFTSFNP2532,945
498,personalized,GIFTSFNP4598,946
498,personalized,GIFTSFNP4466,947
498,personalized,GIFTSFNP4714,948
498,personalized,GIFTSFNP2533,949
498,personalized,GIFTSFNP4408,950
498,personalized,GIFTSFNP4455,951
498,personalized,GIFTSFNP1104,952
498,personalized,GIFTSFNP2048,953
498,personalized,GIFTSFNP2027,954
498,personalized,GIFTSFNP4716,955
498,personalized,GIFTSFNP1494,956
498,personalized,GIFTSFNP1113,957
498,personalized,GIFTSFNP1114,958
498,personalized,GIFTSFNP250,959
498,personalized,FG1,960
498,personalized,GIFTSFNP1493,961
498,personalized,GIFTSFNP1098,962
498,personalized,GIFTSFNP1109,963
498,personalized,VG28,964
498,personalized,VG53,965
498,personalized,VG61,966
498,personalized,VG84,967
498,personalized,VG94,968
498,personalized,VG121,969
498,personalized,VG166,970
498,personalized,VG169,971
498,personalized,VG204,972
498,personalized,VG340,973
498,personalized,GIFTSFNP4409,974
498,personalized,GIFTSFNP4584,975
498,personalized,GIFTSFNP4586,976
498,personalized,GIFTSFNP4599,977
498,personalized,GIFTSFNP4688,978
498,personalized,GIFTSFNP4689,979
498,personalized,GIFTSFNP4690,980
498,personalized,GIFTSFNP4712,981
498,personalized,GIFTSFNP4713,982
498,personalized,GIFTSFNP4715,983
498,personalized,GIFTSFNP4718,984
498,personalized,VG507,985
498,personalized,VG511,986
498,personalized,GIFTSFNP4468,987
498,personalized,VG295,988
498,personalized,GIFTSFNP4469,989
498,personalized,FG75,990
498,personalized,GIFTSFNP4567,991
498,personalized,GIFTSFNP4568,992
498,personalized,GIFTSFNP4571,993
498,personalized,GIFTSFNP4581,994
498,personalized,GIFTSFNP4694,995
498,personalized,GIFTSFNP4695,996
498,personalized,GIFTSFNP4696,997
498,personalized,GIFTSFNP4698,998
498,personalized,GIFTSFNP4576,999
498,personalized,GIFTSFNP4699,1000
498,personalized,GIFTSFNP1514,1001
498,personalized,GIFTSFNP4587,1002
498,personalized,FG3,1003
498,personalized,GIFTSFNP2094,1004
498,personalized,GIFTSFNP1722,1005
498,personalized,GIFTSFNP4401,1006
498,personalized,GIFTSFNP4402,1007
498,personalized,GIFTSFNP4435,1008
498,personalized,GIFTSFNP4691,1009
498,personalized,GIFTSFNP4692,1010
498,personalized,GIFTSFNP4725,1011
498,personalized,GIFTSFNP4727,1012
498,personalized,GIFTSFNP4728,1013
498,personalized,GIFTSFNP4731,1014
498,personalized,GIFTSFNP4735,1015
498,personalized,GIFTSFNP5000,1016
498,personalized,VG519,1017
498,personalized,GIFTSFNP5098,1018
498,personalized,GIFTSFNP5099,1019
498,personalized,GIFTSFNP5100,1020
498,personalized,GIFTSFNP5101,1021
498,personalized,GIFTSFNP5102,1022
498,personalized,GIFTSFNP5103,1023
498,personalized,GIFTSFNP5117,1024
498,personalized,GIFTSFNP5118,1025
498,personalized,GIFTSFNP5120,1026
498,personalized,GIFTSFNP5122,1027
498,personalized,GIFTSFNP5124,1028
498,personalized,GIFTSFNP5134,1029
498,personalized,GIFTSFNP5135,1030
498,personalized,GIFTSFNP1661,1031
498,personalized,GIFTSFNP4602,1032
498,personalized,GIFTSFNP4603,1033
498,personalized,GIFTSFNP4604,1034
498,personalized,GIFTSFNP4605,1035
498,personalized,GIFTSFNP4724,1036
498,personalized,GIFTSFNP4726,1037
498,personalized,GIFTSFNP4729,1038
498,personalized,GIFTSFNP4734,1039
498,personalized,GIFTSFNP4737,1040
498,personalized,GIFTSFNP4738,1041
498,personalized,GIFTSFNP5083,1042
498,personalized,GIFTSFNP5084,1043
498,personalized,GIFTSFNP5085,1044
498,personalized,GIFTSFNP5086,1045
498,personalized,GIFTSFNP5088,1046
498,personalized,GIFTSFNP5089,1047
498,personalized,GIFTSFNP5090,1048
498,personalized,GIFTSFNP5091,1049
498,personalized,GIFTSFNP5092,1050
498,personalized,GIFTSFNP5109,1051
498,personalized,GIFTSFNP5127,1052
498,personalized,GIFTSFNP5131,1053
498,personalized,GIFTSFNP5132,1054
498,personalized,GIFTSFNP5133,1055
498,personalized,GIFTSFNP2372,1056
498,personalized,GIFTSFNP4740,1057
498,personalized,GIFTSFNP4742,1058
498,personalized,GIFTSFNP4743,1059
498,personalized,GIFTSFNP4746,1060
498,personalized,GIFTSFNP5139,1061
498,personalized,GIFTSFNP5140,1062
498,personalized,GIFTSFNP5141,1063
498,personalized,GIFTSFNP5142,1064
499,personalized,GIFTSFNP2052,1065
499,personalized,GIFTSFNP2050,1066
499,personalized,GIFTSFNP4467,1067
499,personalized,GIFTSFNP4595,1068
499,personalized,GIFTSFNP1930,1069
499,personalized,GIFTSFNP2532,1070
499,personalized,GIFTSFNP4598,1071
499,personalized,GIFTSFNP4466,1072
499,personalized,GIFTSFNP4714,1073
499,personalized,MG43,1074
499,personalized,GIFTSFNP1326,1075
499,personalized,GIFTSFNP4408,1076
499,personalized,GIFTSFNP4455,1077
499,personalized,GIFTSFNP1104,1078
499,personalized,MG243,1079
499,personalized,GIFTSFNP2048,1080
499,personalized,GIFTSFNP2027,1081
499,personalized,GIFTSFNP1320,1082
499,personalized,GIFTSFNP4716,1083
499,personalized,GIFTSFNP250,1084
499,personalized,GIFTSFNP1314,1085
499,personalized,GIFTSFNP2091,1086
499,personalized,VG166,1087
499,personalized,VG340,1088
499,personalized,GIFTSFNP4409,1089
499,personalized,GIFTSFNP4584,1090
499,personalized,GIFTSFNP4586,1091
499,personalized,GIFTSFNP4599,1092
499,personalized,GIFTSFNP4688,1093
499,personalized,GIFTSFNP4689,1094
499,personalized,GIFTSFNP4690,1095
499,personalized,GIFTSFNP4712,1096
499,personalized,GIFTSFNP4713,1097
499,personalized,GIFTSFNP4715,1098
499,personalized,GIFTSFNP4718,1099
499,personalized,VG507,1100
499,personalized,VG511,1101
499,personalized,GIFTSFNP869,1102
499,personalized,MG74,1103
499,personalized,GIFTSFNP4468,1104
499,personalized,GIFTSFNP4567,1105
499,personalized,GIFTSFNP4568,1106
499,personalized,GIFTSFNP4571,1107
499,personalized,GIFTSFNP4581,1108
499,personalized,GIFTSFNP4694,1109
499,personalized,GIFTSFNP4695,1110
499,personalized,GIFTSFNP4696,1111
499,personalized,GIFTSFNP4698,1112
499,personalized,GIFTSFNP4576,1113
499,personalized,GIFTSFNP4699,1114
499,personalized,GIFTSFNP847,1115
499,personalized,MG60,1116
499,personalized,GIFTSFNP4587,1117
499,personalized,GIFTSFNP2094,1118
499,personalized,GIFTSFNP4401,1119
499,personalized,GIFTSFNP4402,1120
499,personalized,GIFTSFNP4435,1121
499,personalized,GIFTSFNP4691,1122
499,personalized,GIFTSFNP4692,1123
499,personalized,GIFTSFNP1662,1124
499,personalized,GIFTSFNP1742,1125
499,personalized,GIFTSFNP4725,1126
499,personalized,GIFTSFNP4727,1127
499,personalized,GIFTSFNP4728,1128
499,personalized,GIFTSFNP4731,1129
499,personalized,GIFTSFNP4735,1130
499,personalized,GIFTSFNP5000,1131
499,personalized,VG519,1132
499,personalized,GIFTSFNP5098,1133
499,personalized,GIFTSFNP5099,1134
499,personalized,GIFTSFNP5100,1135
499,personalized,GIFTSFNP5101,1136
499,personalized,GIFTSFNP5102,1137
499,personalized,GIFTSFNP5103,1138
499,personalized,GIFTSFNP5117,1139
499,personalized,GIFTSFNP5118,1140
499,personalized,GIFTSFNP5120,1141
499,personalized,GIFTSFNP5122,1142
499,personalized,GIFTSFNP5124,1143
499,personalized,VG57,1144
499,personalized,GIFTSFNP5087,1145
499,personalized,GIFTSFNP5134,1146
499,personalized,GIFTSFNP5135,1147
499,personalized,GIFTSFNP1661,1148
499,personalized,GIFTSFNP4602,1149
499,personalized,GIFTSFNP4603,1150
499,personalized,GIFTSFNP4604,1151
499,personalized,GIFTSFNP4605,1152
499,personalized,GIFTSFNP4724,1153
499,personalized,GIFTSFNP4726,1154
499,personalized,GIFTSFNP4729,1155
499,personalized,GIFTSFNP4734,1156
499,personalized,GIFTSFNP4737,1157
499,personalized,GIFTSFNP4738,1158
499,personalized,GIFTSFNP5083,1159
499,personalized,GIFTSFNP5084,1160
499,personalized,GIFTSFNP5085,1161
499,personalized,GIFTSFNP5086,1162
499,personalized,GIFTSFNP5088,1163
499,personalized,GIFTSFNP5089,1164
499,personalized,GIFTSFNP5090,1165
499,personalized,GIFTSFNP5091,1166
499,personalized,GIFTSFNP5092,1167
499,personalized,GIFTSFNP5109,1168
499,personalized,GIFTSFNP5127,1169
499,personalized,GIFTSFNP5131,1170
499,personalized,GIFTSFNP5132,1171
499,personalized,GIFTSFNP5133,1172
499,personalized,GIFTSFNP2372,1173
499,personalized,GIFTSFNP4740,1174
499,personalized,GIFTSFNP4742,1175
499,personalized,GIFTSFNP4743,1176
499,personalized,GIFTSFNP4746,1177
499,personalized,GIFTSFNP5139,1178
499,personalized,GIFTSFNP5140,1179
499,personalized,GIFTSFNP5141,1180
499,personalized,GIFTSFNP5142,1181
500,personalized,GIFTSFNP2052,1182
500,personalized,GIFTSFNP2050,1183
500,personalized,GIFTSFNP4467,1184
500,personalized,GIFTSFNP4595,1185
500,personalized,GIFTSFNP1930,1186
500,personalized,GIFTSFNP2532,1187
500,personalized,GIFTSFNP4598,1188
500,personalized,GIFTSFNP4466,1189
500,personalized,GIFTSFNP4714,1190
500,personalized,GIFTSFNP4408,1191
500,personalized,GIFTSFNP4455,1192
500,personalized,GIFTSFNP1104,1193
500,personalized,GIFTSFNP2048,1194
500,personalized,GIFTSFNP2027,1195
500,personalized,GIFTSFNP4716,1196
500,personalized,GIFTSFNP250,1197
500,personalized,VG166,1198
500,personalized,VG340,1199
500,personalized,GIFTSFNP4409,1200
500,personalized,GIFTSFNP4584,1201
500,personalized,GIFTSFNP4586,1202
500,personalized,GIFTSFNP4599,1203
500,personalized,GIFTSFNP4688,1204
500,personalized,GIFTSFNP4689,1205
500,personalized,GIFTSFNP4690,1206
500,personalized,GIFTSFNP4712,1207
500,personalized,GIFTSFNP4713,1208
500,personalized,GIFTSFNP4715,1209
500,personalized,GIFTSFNP4718,1210
500,personalized,VG507,1211
500,personalized,VG511,1212
500,personalized,GIFTSFNP4468,1213
500,personalized,GIFTSFNP2022,1214
500,personalized,GIFTSFNP1931,1215
500,personalized,GIFTSFNP4567,1216
500,personalized,GIFTSFNP4568,1217
500,personalized,GIFTSFNP4571,1218
500,personalized,GIFTSFNP4581,1219
500,personalized,GIFTSFNP4694,1220
500,personalized,GIFTSFNP4695,1221
500,personalized,GIFTSFNP4696,1222
500,personalized,GIFTSFNP4698,1223
500,personalized,GIFTSFNP4576,1224
500,personalized,GIFTSFNP4699,1225
500,personalized,GIFTSFNP4587,1226
500,personalized,GIFTSFNP4401,1227
500,personalized,GIFTSFNP4402,1228
500,personalized,GIFTSFNP4435,1229
500,personalized,GIFTSFNP4691,1230
500,personalized,GIFTSFNP4692,1231
500,personalized,GIFTSFNP467,1232
500,personalized,GIFTSFNP589,1233
500,personalized,GIFTSFNP32,1234
500,personalized,GIFTSFNP270,1235
500,personalized,GIFTSFNP346,1236
500,personalized,GIFTSFNP436,1237
500,personalized,GIFTSFNP2430,1238
500,personalized,GIFTSFNP2436,1239
500,personalized,GIFTSFNP629,1240
500,personalized,GIFTSFNP4807,1241
500,personalized,GIFTSFNP486,1242
500,personalized,GIFTSFNP4802,1243
500,personalized,GIFTSFNP35,1244
500,personalized,GIFTSFNP382,1245
500,personalized,GIFTSFNP4812,1246
500,personalized,GIFTSFNP4776,1247
500,personalized,GIFTSFNP484,1248
500,personalized,GIFTSFNP521,1249
500,personalized,GIFTSFNP312,1250
500,personalized,GIFTSFNP314,1251
500,personalized,GIFTSFNP426,1252
500,personalized,GIFTSFNP1080,1253
500,personalized,GIFTSFNP4806,1254
500,personalized,MG22,1255
500,personalized,VG495,1256
500,personalized,GIFTSFNP1237,1257
500,personalized,GIFTSFNP310,1258
500,personalized,GIFTSFNP411,1259
500,personalized,VG218,1260
500,personalized,VG17,1261
500,personalized,VG22,1262
500,personalized,VG34,1263
500,personalized,VG35,1264
500,personalized,VG282,1265
500,personalized,VG298,1266
500,personalized,VG206,1267
500,personalized,GIFTSFNP4575,1268
500,personalized,VG112,1269
500,personalized,GIFTSFNP4725,1270
500,personalized,GIFTSFNP4727,1271
500,personalized,GIFTSFNP4728,1272
500,personalized,GIFTSFNP4731,1273
500,personalized,GIFTSFNP4735,1274
500,personalized,GIFTSFNP5000,1275
500,personalized,VG519,1276
500,personalized,GIFTSFNP5098,1277
500,personalized,GIFTSFNP5099,1278
500,personalized,GIFTSFNP5100,1279
500,personalized,GIFTSFNP5101,1280
500,personalized,GIFTSFNP5102,1281
500,personalized,GIFTSFNP5103,1282
500,personalized,GIFTSFNP5117,1283
500,personalized,GIFTSFNP5118,1284
500,personalized,GIFTSFNP5120,1285
500,personalized,GIFTSFNP5122,1286
500,personalized,GIFTSFNP5124,1287
500,personalized,GIFTSFNP5134,1288
500,personalized,GIFTSFNP5135,1289
500,personalized,GIFTSFNP1661,1290
500,personalized,GIFTSFNP4602,1291
500,personalized,GIFTSFNP4603,1292
500,personalized,GIFTSFNP4604,1293
500,personalized,GIFTSFNP4605,1294
500,personalized,GIFTSFNP4724,1295
500,personalized,GIFTSFNP4726,1296
500,personalized,GIFTSFNP4729,1297
500,personalized,GIFTSFNP4734,1298
500,personalized,GIFTSFNP4737,1299
500,personalized,GIFTSFNP4738,1300
500,personalized,GIFTSFNP5083,1301
500,personalized,GIFTSFNP5084,1302
500,personalized,GIFTSFNP5085,1303
500,personalized,GIFTSFNP5086,1304
500,personalized,GIFTSFNP5088,1305
500,personalized,GIFTSFNP5089,1306
500,personalized,GIFTSFNP5090,1307
500,personalized,GIFTSFNP5091,1308
500,personalized,GIFTSFNP5092,1309
500,personalized,GIFTSFNP5109,1310
500,personalized,GIFTSFNP5127,1311
500,personalized,GIFTSFNP5131,1312
500,personalized,GIFTSFNP5132,1313
500,personalized,GIFTSFNP5133,1314
500,personalized,GIFTSFNP2372,1315
500,personalized,GIFTSFNP4740,1316
500,personalized,GIFTSFNP4742,1317
500,personalized,GIFTSFNP4743,1318
500,personalized,GIFTSFNP4746,1319
500,personalized,GIFTSFNP5139,1320
500,personalized,GIFTSFNP5140,1321
500,personalized,GIFTSFNP5141,1322
500,personalized,GIFTSFNP5142,1323
501,personalized,GIFTSFNP2052,1324
501,personalized,GIFTSFNP2050,1325
501,personalized,GIFTSFNP4467,1326
501,personalized,GIFTSFNP4595,1327
501,personalized,GIFTSFNP1930,1328
501,personalized,GIFTSFNP2532,1329
501,personalized,GIFTSFNP1913,1330
501,personalized,GIFTSFNP4598,1331
501,personalized,GIFTSFNP4466,1332
501,personalized,GIFTSFNP4714,1333
501,personalized,GIFTSFNP4408,1334
501,personalized,GIFTSFNP4564,1335
501,personalized,GIFTSFNP4455,1336
501,personalized,GIFTSFNP1104,1337
501,personalized,GIFTSFNP2048,1338
501,personalized,GIFTSFNP2027,1339
501,personalized,GIFTSFNP4716,1340
501,personalized,GIFTSFNP250,1341
501,personalized,GIFTSFNP2011,1342
501,personalized,GIFTSFNP1920,1343
501,personalized,GIFTSFNP2130,1344
501,personalized,VG166,1345
501,personalized,VG340,1346
501,personalized,GIFTSFNP4409,1347
501,personalized,GIFTSFNP4584,1348
501,personalized,GIFTSFNP4586,1349
501,personalized,GIFTSFNP4599,1350
501,personalized,GIFTSFNP4688,1351
501,personalized,GIFTSFNP4689,1352
501,personalized,GIFTSFNP4690,1353
501,personalized,GIFTSFNP4712,1354
501,personalized,GIFTSFNP4713,1355
501,personalized,GIFTSFNP4715,1356
501,personalized,GIFTSFNP4718,1357
501,personalized,VG507,1358
501,personalized,VG511,1359
501,personalized,GIFTSFNP4468,1360
501,personalized,GIFTSFNP2012,1361
501,personalized,GIFTSFNP2016,1362
501,personalized,GIFTSFNP4567,1363
501,personalized,GIFTSFNP4568,1364
501,personalized,GIFTSFNP4571,1365
501,personalized,GIFTSFNP4572,1366
501,personalized,GIFTSFNP4574,1367
501,personalized,GIFTSFNP4581,1368
501,personalized,GIFTSFNP4580,1369
501,personalized,GIFTSFNP4694,1370
501,personalized,GIFTSFNP4695,1371
501,personalized,GIFTSFNP4696,1372
501,personalized,GIFTSFNP4698,1373
501,personalized,GIFTSFNP4576,1374
501,personalized,GIFTSFNP4699,1375
501,personalized,GIFTSFNP4587,1376
501,personalized,GIFTSFNP1908,1377
501,personalized,GIFTSFNP4401,1378
501,personalized,GIFTSFNP4402,1379
501,personalized,GIFTSFNP4435,1380
501,personalized,GIFTSFNP4585,1381
501,personalized,GIFTSFNP4691,1382
501,personalized,GIFTSFNP4692,1383
501,personalized,GIFTSFNP467,1384
501,personalized,GIFTSFNP589,1385
501,personalized,GIFTSFNP32,1386
501,personalized,GIFTSFNP270,1387
501,personalized,GIFTSFNP346,1388
501,personalized,GIFTSFNP436,1389
501,personalized,GIFTSFNP2430,1390
501,personalized,GIFTSFNP2436,1391
501,personalized,GIFTSFNP629,1392
501,personalized,GIFTSFNP4807,1393
501,personalized,GIFTSFNP486,1394
501,personalized,GIFTSFNP4802,1395
501,personalized,GIFTSFNP35,1396
501,personalized,GIFTSFNP382,1397
501,personalized,GIFTSFNP4812,1398
501,personalized,GIFTSFNP4776,1399
501,personalized,GIFTSFNP484,1400
501,personalized,GIFTSFNP521,1401
501,personalized,GIFTSFNP312,1402
501,personalized,GIFTSFNP314,1403
501,personalized,GIFTSFNP426,1404
501,personalized,GIFTSFNP1080,1405
501,personalized,GIFTSFNP4806,1406
501,personalized,MG22,1407
501,personalized,VG495,1408
501,personalized,GIFTSFNP1237,1409
501,personalized,GIFTSFNP310,1410
501,personalized,GIFTSFNP411,1411
501,personalized,VG218,1412
501,personalized,VG17,1413
501,personalized,VG22,1414
501,personalized,VG34,1415
501,personalized,VG35,1416
501,personalized,VG282,1417
501,personalized,VG298,1418
501,personalized,VG206,1419
501,personalized,GIFTSFNP4575,1420
501,personalized,VG112,1421
501,personalized,GIFTSFNP4725,1422
501,personalized,GIFTSFNP4727,1423
501,personalized,GIFTSFNP4728,1424
501,personalized,GIFTSFNP4731,1425
501,personalized,GIFTSFNP4735,1426
501,personalized,GIFTSFNP5000,1427
501,personalized,VG519,1428
501,personalized,GIFTSFNP5098,1429
501,personalized,GIFTSFNP5099,1430
501,personalized,GIFTSFNP5100,1431
501,personalized,GIFTSFNP5101,1432
501,personalized,GIFTSFNP5102,1433
501,personalized,GIFTSFNP5103,1434
501,personalized,GIFTSFNP5117,1435
501,personalized,GIFTSFNP5118,1436
501,personalized,GIFTSFNP5120,1437
501,personalized,GIFTSFNP5122,1438
501,personalized,GIFTSFNP5124,1439
501,personalized,GIFTSFNP5134,1440
501,personalized,GIFTSFNP5135,1441
501,personalized,GIFTSFNP1661,1442
501,personalized,GIFTSFNP4602,1443
501,personalized,GIFTSFNP4603,1444
501,personalized,GIFTSFNP4604,1445
501,personalized,GIFTSFNP4605,1446
501,personalized,GIFTSFNP4724,1447
501,personalized,GIFTSFNP4726,1448
501,personalized,GIFTSFNP4729,1449
501,personalized,GIFTSFNP4734,1450
501,personalized,GIFTSFNP4737,1451
501,personalized,GIFTSFNP4738,1452
501,personalized,GIFTSFNP5083,1453
501,personalized,GIFTSFNP5084,1454
501,personalized,GIFTSFNP5085,1455
501,personalized,GIFTSFNP5086,1456
501,personalized,GIFTSFNP5088,1457
501,personalized,GIFTSFNP5089,1458
501,personalized,GIFTSFNP5090,1459
501,personalized,GIFTSFNP5091,1460
501,personalized,GIFTSFNP5092,1461
501,personalized,GIFTSFNP5109,1462
501,personalized,GIFTSFNP5127,1463
501,personalized,GIFTSFNP5131,1464
501,personalized,GIFTSFNP5132,1465
501,personalized,GIFTSFNP5133,1466
501,personalized,GIFTSFNP2372,1467
501,personalized,GIFTSFNP4740,1468
501,personalized,GIFTSFNP4742,1469
501,personalized,GIFTSFNP4743,1470
501,personalized,GIFTSFNP4746,1471
501,personalized,GIFTSFNP5139,1472
501,personalized,GIFTSFNP5140,1473
501,personalized,GIFTSFNP5141,1474
501,personalized,GIFTSFNP5142,1475
