Category ID,URL,SKU,Sort Order
167,gifts-for-her,CAKECHOH004,1
167,gifts-for-her,CAKEBLFTH019,2
167,gifts-for-her,PLANT8,3
167,gifts-for-her,F17-EXDFNP61,4
167,gifts-for-her,VG234,5
167,gifts-for-her,MG43,6
167,gifts-for-her,MG620,7
167,gifts-for-her,F17-EXDFNP564,8
167,gifts-for-her,F17-EXDFNP461,9
167,gifts-for-her,RK960,10
167,gifts-for-her,GIFTSFNP4521,11
167,gifts-for-her,RK919,12
167,gifts-for-her,GIFTSFNP1331,13
167,gifts-for-her,RK956,14
167,gifts-for-her,GIFTSFNP2051,15
167,gifts-for-her,F17-EXFNP41,16
167,gifts-for-her,F17-EXDFNP2006,17
167,gifts-for-her,RK1692,18
167,gifts-for-her,RK927,19
167,gifts-for-her,MG520,20
167,gifts-for-her,GIFTSFNP608,21
167,gifts-for-her,RK955,22
167,gifts-for-her,MG350,23
167,gifts-for-her,F17-EXDFNP443,24
167,gifts-for-her,F17-EXDFNP570,25
167,gifts-for-her,F17-EXDFNP143,26
167,gifts-for-her,F17-EXDFNP2017,27
167,gifts-for-her,GIFTSFNP4925,28
167,gifts-for-her,GIFTSFNP1510,29
167,gifts-for-her,MG109,30
167,gifts-for-her,GIFTSFNP599,31
167,gifts-for-her,GIFTSFNP1190,32
167,gifts-for-her,MG607,33
167,gifts-for-her,GIFTSFNP968,34
167,gifts-for-her,GIFTSFNP1362,35
167,gifts-for-her,GIFTSFNP1918,36
167,gifts-for-her,GIFTSFNP1348,37
167,gifts-for-her,F17-EXDFNP492,38
167,gifts-for-her,F17-EXDFNP2016,39
167,gifts-for-her,F17-EXDFNP1028,40
167,gifts-for-her,MG546,41
167,gifts-for-her,GIFTSFNP1858,42
167,gifts-for-her,NBB9,43
167,gifts-for-her,NBB8,44
167,gifts-for-her,GIFTSFNP4669,45
167,gifts-for-her,GIFTSFNP5471,46
167,gifts-for-her,GIFTSFNP5516,47
167,gifts-for-her,GIFTSFNP4622,48
167,gifts-for-her,PLANT74,49
167,gifts-for-her,GIFTSFNP5478,50
167,gifts-for-her,EXFNP220_CHOCO_BOQ,51
167,gifts-for-her,EXDPLANT2,52
167,gifts-for-her,EXFNP204_CHOCO_BOQ,53
167,gifts-for-her,EXFNP29,54
167,gifts-for-her,EXFNP29,55
167,gifts-for-her,F17-VRTEXFNP183,56
167,gifts-for-her,F17-VRTEXFNP182,57
167,gifts-for-her,F17-VRTEXFNP184,58
167,gifts-for-her,EXDPLANT41,59
167,gifts-for-her,VRTEXDFNP2012-1,60
167,gifts-for-her,VRTEXFNP14-1,61
167,gifts-for-her,EXDPLANT49,62
167,gifts-for-her,VRTEXFNP181-8,63
167,gifts-for-her,VRTEXFNP181-20,64
167,gifts-for-her,EXFNP255_CHOCO_BOQ,65
167,gifts-for-her,VRTEXFNP10-1,66
167,gifts-for-her,EXDRYFRUITS27,67
167,gifts-for-her,EXDSWEETS38,68
167,gifts-for-her,F17-VRTEXFNP181,69
167,gifts-for-her,EXDSWEETS19,70
167,gifts-for-her,EXDSWEETS11,71
167,gifts-for-her,EXDRYFRUITS28,72
167,gifts-for-her,EXDSWEETS51,73
167,gifts-for-her,EXDCHOCO15,74
167,gifts-for-her,GIFTSFNP62,75
167,gifts-for-her,GIFTSFNP2723,76
167,gifts-for-her,GIFTSFNP1953,77
167,gifts-for-her,GIFTSFNP4596,78
167,gifts-for-her,GIFTSFNP1952,79
167,gifts-for-her,GIFTSFNP2364,80
167,gifts-for-her,F17-EXFNP37,81
167,gifts-for-her,F17-EXFNP221-D,82
167,gifts-for-her,GIFTSFNP4599,83
167,gifts-for-her,MG508,84
167,gifts-for-her,MG570,85
167,gifts-for-her,MG507,86
167,gifts-for-her,MG531,87
167,gifts-for-her,MG31,88
167,gifts-for-her,EXDPLANT192,89
167,gifts-for-her,F17-EXDFNP579,90
167,gifts-for-her,F17-EXDFNP2007,91
167,gifts-for-her,F17-EXP173,92
167,gifts-for-her,MG639,93
167,gifts-for-her,RK2202,94
167,gifts-for-her,EXDPLANT189,95
167,gifts-for-her,CAKECHOH004,96
167,gifts-for-her,CAKEBLFTH019,97
167,gifts-for-her,PLANT8,98
167,gifts-for-her,GIFTSFNP4521,99
166,gifts-for-him,M-83,1
166,gifts-for-him,GIFTSFNP5592,2
166,gifts-for-him,F17-EXFNP39,3
166,gifts-for-him,F17-EXFNP45,4
166,gifts-for-him,GIFTSFNP2106,5
166,gifts-for-him,GIFTSFNP749,6
166,gifts-for-him,FG98,7
166,gifts-for-him,FG7,8
166,gifts-for-him,FG26,9
166,gifts-for-him,FG161,10
166,gifts-for-him,FG5,11
166,gifts-for-him,RK939,12
166,gifts-for-him,F17-EXDFNP2025,13
166,gifts-for-him,F17-EXDFNP70,14
166,gifts-for-him,F17-EXDFNP552,15
166,gifts-for-him,RK934,16
166,gifts-for-him,FG163,17
166,gifts-for-him,FG208,18
166,gifts-for-him,FG3,19
166,gifts-for-him,FG55,20
166,gifts-for-him,RK1012,21
166,gifts-for-him,FG220,22
166,gifts-for-him,F17-EXDFNP71,23
166,gifts-for-him,F17-EXDFNP125,24
166,gifts-for-him,RK940,25
166,gifts-for-him,GIFTSFNP1519,26
166,gifts-for-him,FG51,27
166,gifts-for-him,FG11,28
166,gifts-for-him,F17-EXDFNP477,29
166,gifts-for-him,F17-EXDFNP130,30
166,gifts-for-him,F17-EXDFNP531,31
166,gifts-for-him,F17-EXFNP215,32
166,gifts-for-him,FG209,33
166,gifts-for-him,FG170,34
166,gifts-for-him,FG47,35
166,gifts-for-him,GIFTSFNP2021,36
166,gifts-for-him,FG24,37
166,gifts-for-him,FG28,38
166,gifts-for-him,F17-EXDFNP470,39
166,gifts-for-him,F17-EXDFNP541,40
166,gifts-for-him,F17-EXDFNP532,41
166,gifts-for-him,F17-EXDFNP522,42
166,gifts-for-him,RK1910,43
166,gifts-for-him,FG35,44
166,gifts-for-him,GIFTSFNP4925,45
166,gifts-for-him,GIFTSFNP1510,46
166,gifts-for-him,GIFTSFNP5045,47
166,gifts-for-him,FG8,48
166,gifts-for-him,GIFTSFNP1187,49
166,gifts-for-him,F17-EXDFNP403,50
166,gifts-for-him,F17-EXDFNP538,51
166,gifts-for-him,F17-EXDFNP125,52
166,gifts-for-him,FG69,53
166,gifts-for-him,FG133,54
166,gifts-for-him,GIFTSFNP1858,55
166,gifts-for-him,GIFTSFNP4669,56
166,gifts-for-him,FG22,57
166,gifts-for-him,GIFTSFNP5471,58
166,gifts-for-him,GIFTSFNP5516,59
166,gifts-for-him,GIFTSFNP5466,60
166,gifts-for-him,PLANT74,61
166,gifts-for-him,GIFTSFNP1462,62
166,gifts-for-him,GIFTSFNP5478,63
166,gifts-for-him,EXDPLANT2,64
166,gifts-for-him,EXFNP29,65
166,gifts-for-him,EXDPLANT41,66
166,gifts-for-him,VRTEXFNP14-1,67
166,gifts-for-him,VRTEXDFNP1034-1,68
166,gifts-for-him,EXDPLANT49,69
166,gifts-for-him,VRTEXFNP181-8,70
166,gifts-for-him,VRTEXFNP181-20,71
166,gifts-for-him,EXDFNP1009,72
166,gifts-for-him,VRTEXFNP10-1,73
166,gifts-for-him,EXDRYFRUITS27,74
166,gifts-for-him,EXDSWEETS38,75
166,gifts-for-him,EXDSWEETS19,76
166,gifts-for-him,EXDSWEETS11,77
166,gifts-for-him,EXDRYFRUITS28,78
166,gifts-for-him,GIFTSFNP62,79
166,gifts-for-him,GIFTSFNP2723,80
166,gifts-for-him,GIFTSFNP1953,81
166,gifts-for-him,GIFTSFNP1952,82
166,gifts-for-him,GIFTSFNP2364,83
166,gifts-for-him,MG507,84
166,gifts-for-him,MG531,85
166,gifts-for-him,FG184,86
166,gifts-for-him,FG241,87
166,gifts-for-him,FG236,88
166,gifts-for-him,FG243,89
166,gifts-for-him,FG235,90
166,gifts-for-him,FG238,91
166,gifts-for-him,EXDPLANT189,92
166,gifts-for-him,FG233,93
28,birthday/gifts-for-him,M-83,1
28,birthday/gifts-for-him,GIFTSFNP5592,2
28,birthday/gifts-for-him,F17-EXFNP39,3
28,birthday/gifts-for-him,F17-EXFNP45,4
28,birthday/gifts-for-him,GIFTSFNP2106,5
28,birthday/gifts-for-him,GIFTSFNP749,6
28,birthday/gifts-for-him,FG98,7
28,birthday/gifts-for-him,FG7,8
28,birthday/gifts-for-him,FG26,9
28,birthday/gifts-for-him,FG161,10
28,birthday/gifts-for-him,FG5,11
28,birthday/gifts-for-him,RK939,12
28,birthday/gifts-for-him,F17-EXDFNP2025,13
28,birthday/gifts-for-him,F17-EXDFNP70,14
28,birthday/gifts-for-him,F17-EXDFNP552,15
28,birthday/gifts-for-him,RK934,16
28,birthday/gifts-for-him,FG163,17
28,birthday/gifts-for-him,FG208,18
28,birthday/gifts-for-him,FG3,19
28,birthday/gifts-for-him,FG55,20
28,birthday/gifts-for-him,RK1012,21
28,birthday/gifts-for-him,FG220,22
28,birthday/gifts-for-him,F17-EXDFNP71,23
28,birthday/gifts-for-him,F17-EXDFNP125,24
28,birthday/gifts-for-him,RK940,25
28,birthday/gifts-for-him,GIFTSFNP1519,26
28,birthday/gifts-for-him,FG51,27
28,birthday/gifts-for-him,FG11,28
28,birthday/gifts-for-him,F17-EXDFNP477,29
28,birthday/gifts-for-him,F17-EXDFNP130,30
28,birthday/gifts-for-him,F17-EXDFNP531,31
28,birthday/gifts-for-him,F17-EXFNP215,32
28,birthday/gifts-for-him,FG209,33
28,birthday/gifts-for-him,FG170,34
28,birthday/gifts-for-him,FG47,35
28,birthday/gifts-for-him,GIFTSFNP2021,36
28,birthday/gifts-for-him,FG24,37
28,birthday/gifts-for-him,FG28,38
28,birthday/gifts-for-him,F17-EXDFNP470,39
28,birthday/gifts-for-him,F17-EXDFNP541,40
28,birthday/gifts-for-him,F17-EXDFNP532,41
28,birthday/gifts-for-him,F17-EXDFNP522,42
28,birthday/gifts-for-him,RK1910,43
28,birthday/gifts-for-him,FG35,44
28,birthday/gifts-for-him,GIFTSFNP4925,45
28,birthday/gifts-for-him,GIFTSFNP1510,46
28,birthday/gifts-for-him,GIFTSFNP5045,47
28,birthday/gifts-for-him,FG8,48
28,birthday/gifts-for-him,GIFTSFNP1187,49
28,birthday/gifts-for-him,F17-EXDFNP403,50
28,birthday/gifts-for-him,F17-EXDFNP538,51
28,birthday/gifts-for-him,F17-EXDFNP125,52
28,birthday/gifts-for-him,FG69,53
28,birthday/gifts-for-him,FG133,54
28,birthday/gifts-for-him,GIFTSFNP1858,55
28,birthday/gifts-for-him,GIFTSFNP4669,56
28,birthday/gifts-for-him,FG22,57
28,birthday/gifts-for-him,GIFTSFNP5471,58
28,birthday/gifts-for-him,GIFTSFNP5516,59
28,birthday/gifts-for-him,GIFTSFNP5466,60
28,birthday/gifts-for-him,PLANT74,61
28,birthday/gifts-for-him,GIFTSFNP1462,62
28,birthday/gifts-for-him,GIFTSFNP5478,63
28,birthday/gifts-for-him,EXDPLANT2,64
28,birthday/gifts-for-him,EXFNP29,65
28,birthday/gifts-for-him,EXDPLANT41,66
28,birthday/gifts-for-him,VRTEXFNP14-1,67
28,birthday/gifts-for-him,VRTEXDFNP1034-1,68
28,birthday/gifts-for-him,EXDPLANT49,69
28,birthday/gifts-for-him,VRTEXFNP181-8,70
28,birthday/gifts-for-him,VRTEXFNP181-20,71
28,birthday/gifts-for-him,EXDFNP1009,72
28,birthday/gifts-for-him,VRTEXFNP10-1,73
28,birthday/gifts-for-him,EXDRYFRUITS27,74
28,birthday/gifts-for-him,EXDSWEETS38,75
28,birthday/gifts-for-him,EXDSWEETS19,76
28,birthday/gifts-for-him,EXDSWEETS11,77
28,birthday/gifts-for-him,EXDRYFRUITS28,78
28,birthday/gifts-for-him,GIFTSFNP62,79
28,birthday/gifts-for-him,GIFTSFNP2723,80
28,birthday/gifts-for-him,GIFTSFNP1953,81
28,birthday/gifts-for-him,GIFTSFNP1952,82
28,birthday/gifts-for-him,GIFTSFNP2364,83
28,birthday/gifts-for-him,MG507,84
28,birthday/gifts-for-him,MG531,85
28,birthday/gifts-for-him,FG184,86
28,birthday/gifts-for-him,FG241,87
28,birthday/gifts-for-him,FG236,88
28,birthday/gifts-for-him,FG243,89
28,birthday/gifts-for-him,FG235,90
28,birthday/gifts-for-him,FG238,91
28,birthday/gifts-for-him,EXDPLANT189,92
28,birthday/gifts-for-him,FG233,93
29,birthday/gifts-for-her,CAKECHOH004,1
29,birthday/gifts-for-her,CAKEBLFTH019,2
29,birthday/gifts-for-her,PLANT8,3
29,birthday/gifts-for-her,F17-EXDFNP61,4
29,birthday/gifts-for-her,VG234,5
29,birthday/gifts-for-her,MG43,6
29,birthday/gifts-for-her,MG620,7
29,birthday/gifts-for-her,F17-EXDFNP564,8
29,birthday/gifts-for-her,F17-EXDFNP461,9
29,birthday/gifts-for-her,RK960,10
29,birthday/gifts-for-her,GIFTSFNP4521,11
29,birthday/gifts-for-her,RK919,12
29,birthday/gifts-for-her,GIFTSFNP1331,13
29,birthday/gifts-for-her,RK956,14
29,birthday/gifts-for-her,GIFTSFNP2051,15
29,birthday/gifts-for-her,F17-EXFNP41,16
29,birthday/gifts-for-her,F17-EXDFNP2006,17
29,birthday/gifts-for-her,RK1692,18
29,birthday/gifts-for-her,RK927,19
29,birthday/gifts-for-her,MG520,20
29,birthday/gifts-for-her,GIFTSFNP608,21
29,birthday/gifts-for-her,RK955,22
29,birthday/gifts-for-her,MG350,23
29,birthday/gifts-for-her,F17-EXDFNP443,24
29,birthday/gifts-for-her,F17-EXDFNP570,25
29,birthday/gifts-for-her,F17-EXDFNP143,26
29,birthday/gifts-for-her,F17-EXDFNP2017,27
29,birthday/gifts-for-her,GIFTSFNP4925,28
29,birthday/gifts-for-her,GIFTSFNP1510,29
29,birthday/gifts-for-her,MG109,30
29,birthday/gifts-for-her,GIFTSFNP599,31
29,birthday/gifts-for-her,GIFTSFNP1190,32
29,birthday/gifts-for-her,MG607,33
29,birthday/gifts-for-her,GIFTSFNP968,34
29,birthday/gifts-for-her,GIFTSFNP1362,35
29,birthday/gifts-for-her,GIFTSFNP1918,36
29,birthday/gifts-for-her,GIFTSFNP1348,37
29,birthday/gifts-for-her,F17-EXDFNP492,38
29,birthday/gifts-for-her,F17-EXDFNP2016,39
29,birthday/gifts-for-her,F17-EXDFNP1028,40
29,birthday/gifts-for-her,MG546,41
29,birthday/gifts-for-her,GIFTSFNP1858,42
29,birthday/gifts-for-her,NBB9,43
29,birthday/gifts-for-her,NBB8,44
29,birthday/gifts-for-her,GIFTSFNP4669,45
29,birthday/gifts-for-her,GIFTSFNP5471,46
29,birthday/gifts-for-her,GIFTSFNP5516,47
29,birthday/gifts-for-her,GIFTSFNP4622,48
29,birthday/gifts-for-her,PLANT74,49
29,birthday/gifts-for-her,GIFTSFNP5478,50
29,birthday/gifts-for-her,EXFNP220_CHOCO_BOQ,51
29,birthday/gifts-for-her,EXDPLANT2,52
29,birthday/gifts-for-her,EXFNP204_CHOCO_BOQ,53
29,birthday/gifts-for-her,EXFNP29,54
29,birthday/gifts-for-her,EXFNP29,55
29,birthday/gifts-for-her,F17-VRTEXFNP183,56
29,birthday/gifts-for-her,F17-VRTEXFNP182,57
29,birthday/gifts-for-her,F17-VRTEXFNP184,58
29,birthday/gifts-for-her,EXDPLANT41,59
29,birthday/gifts-for-her,VRTEXDFNP2012-1,60
29,birthday/gifts-for-her,VRTEXFNP14-1,61
29,birthday/gifts-for-her,EXDPLANT49,62
29,birthday/gifts-for-her,VRTEXFNP181-8,63
29,birthday/gifts-for-her,VRTEXFNP181-20,64
29,birthday/gifts-for-her,EXFNP255_CHOCO_BOQ,65
29,birthday/gifts-for-her,VRTEXFNP10-1,66
29,birthday/gifts-for-her,EXDRYFRUITS27,67
29,birthday/gifts-for-her,EXDSWEETS38,68
29,birthday/gifts-for-her,F17-VRTEXFNP181,69
29,birthday/gifts-for-her,EXDSWEETS19,70
29,birthday/gifts-for-her,EXDSWEETS11,71
29,birthday/gifts-for-her,EXDRYFRUITS28,72
29,birthday/gifts-for-her,EXDSWEETS51,73
29,birthday/gifts-for-her,EXDCHOCO15,74
29,birthday/gifts-for-her,GIFTSFNP62,75
29,birthday/gifts-for-her,GIFTSFNP2723,76
29,birthday/gifts-for-her,GIFTSFNP1953,77
29,birthday/gifts-for-her,GIFTSFNP4596,78
29,birthday/gifts-for-her,GIFTSFNP1952,79
29,birthday/gifts-for-her,GIFTSFNP2364,80
29,birthday/gifts-for-her,F17-EXFNP37,81
29,birthday/gifts-for-her,F17-EXFNP221-D,82
29,birthday/gifts-for-her,GIFTSFNP4599,83
29,birthday/gifts-for-her,MG508,84
29,birthday/gifts-for-her,MG570,85
29,birthday/gifts-for-her,MG507,86
29,birthday/gifts-for-her,MG531,87
29,birthday/gifts-for-her,MG31,88
29,birthday/gifts-for-her,EXDPLANT192,89
29,birthday/gifts-for-her,F17-EXDFNP579,90
29,birthday/gifts-for-her,F17-EXDFNP2007,91
29,birthday/gifts-for-her,F17-EXP173,92
29,birthday/gifts-for-her,MG639,93
29,birthday/gifts-for-her,RK2202,94
29,birthday/gifts-for-her,EXDPLANT189,95
29,birthday/gifts-for-her,CAKECHOH004,96
29,birthday/gifts-for-her,CAKEBLFTH019,97
29,birthday/gifts-for-her,PLANT8,98
29,birthday/gifts-for-her,GIFTSFNP4521,99
29,birthday/gifts-for-her,M-83,100
29,birthday/gifts-for-her,GIFTSFNP5592,101
29,birthday/gifts-for-her,F17-EXFNP39,102
29,birthday/gifts-for-her,F17-EXFNP45,103
29,birthday/gifts-for-her,GIFTSFNP2106,104
29,birthday/gifts-for-her,GIFTSFNP749,105
29,birthday/gifts-for-her,FG98,106
29,birthday/gifts-for-her,FG7,107
29,birthday/gifts-for-her,FG26,108
29,birthday/gifts-for-her,FG161,109
29,birthday/gifts-for-her,FG5,110
29,birthday/gifts-for-her,RK939,111
29,birthday/gifts-for-her,F17-EXDFNP2025,112
29,birthday/gifts-for-her,F17-EXDFNP70,113
29,birthday/gifts-for-her,F17-EXDFNP552,114
29,birthday/gifts-for-her,RK934,115
29,birthday/gifts-for-her,FG163,116
29,birthday/gifts-for-her,FG208,117
29,birthday/gifts-for-her,FG3,118
29,birthday/gifts-for-her,FG55,119
29,birthday/gifts-for-her,RK1012,120
29,birthday/gifts-for-her,FG220,121
29,birthday/gifts-for-her,F17-EXDFNP71,122
29,birthday/gifts-for-her,F17-EXDFNP125,123
29,birthday/gifts-for-her,RK940,124
29,birthday/gifts-for-her,GIFTSFNP1519,125
29,birthday/gifts-for-her,FG51,126
29,birthday/gifts-for-her,FG11,127
29,birthday/gifts-for-her,F17-EXDFNP477,128
29,birthday/gifts-for-her,F17-EXDFNP130,129
29,birthday/gifts-for-her,F17-EXDFNP531,130
29,birthday/gifts-for-her,F17-EXFNP215,131
29,birthday/gifts-for-her,FG209,132
29,birthday/gifts-for-her,FG170,133
29,birthday/gifts-for-her,FG47,134
29,birthday/gifts-for-her,GIFTSFNP2021,135
29,birthday/gifts-for-her,FG24,136
29,birthday/gifts-for-her,FG28,137
29,birthday/gifts-for-her,F17-EXDFNP470,138
29,birthday/gifts-for-her,F17-EXDFNP541,139
29,birthday/gifts-for-her,F17-EXDFNP532,140
29,birthday/gifts-for-her,F17-EXDFNP522,141
29,birthday/gifts-for-her,RK1910,142
29,birthday/gifts-for-her,FG35,143
29,birthday/gifts-for-her,GIFTSFNP4925,144
29,birthday/gifts-for-her,GIFTSFNP1510,145
29,birthday/gifts-for-her,GIFTSFNP5045,146
29,birthday/gifts-for-her,FG8,147
29,birthday/gifts-for-her,GIFTSFNP1187,148
29,birthday/gifts-for-her,F17-EXDFNP403,149
29,birthday/gifts-for-her,F17-EXDFNP538,150
29,birthday/gifts-for-her,F17-EXDFNP125,151
29,birthday/gifts-for-her,FG69,152
29,birthday/gifts-for-her,FG133,153
29,birthday/gifts-for-her,GIFTSFNP1858,154
29,birthday/gifts-for-her,GIFTSFNP4669,155
29,birthday/gifts-for-her,FG22,156
29,birthday/gifts-for-her,GIFTSFNP5471,157
29,birthday/gifts-for-her,GIFTSFNP5516,158
29,birthday/gifts-for-her,GIFTSFNP5466,159
29,birthday/gifts-for-her,PLANT74,160
29,birthday/gifts-for-her,GIFTSFNP1462,161
29,birthday/gifts-for-her,GIFTSFNP5478,162
29,birthday/gifts-for-her,EXDPLANT2,163
29,birthday/gifts-for-her,EXFNP29,164
29,birthday/gifts-for-her,EXDPLANT41,165
29,birthday/gifts-for-her,VRTEXFNP14-1,166
29,birthday/gifts-for-her,VRTEXDFNP1034-1,167
29,birthday/gifts-for-her,EXDPLANT49,168
29,birthday/gifts-for-her,VRTEXFNP181-8,169
29,birthday/gifts-for-her,VRTEXFNP181-20,170
29,birthday/gifts-for-her,EXDFNP1009,171
29,birthday/gifts-for-her,VRTEXFNP10-1,172
29,birthday/gifts-for-her,EXDRYFRUITS27,173
29,birthday/gifts-for-her,EXDSWEETS38,174
29,birthday/gifts-for-her,EXDSWEETS19,175
29,birthday/gifts-for-her,EXDSWEETS11,176
29,birthday/gifts-for-her,EXDRYFRUITS28,177
29,birthday/gifts-for-her,GIFTSFNP62,178
29,birthday/gifts-for-her,GIFTSFNP2723,179
29,birthday/gifts-for-her,GIFTSFNP1953,180
29,birthday/gifts-for-her,GIFTSFNP1952,181
29,birthday/gifts-for-her,GIFTSFNP2364,182
29,birthday/gifts-for-her,MG507,183
29,birthday/gifts-for-her,MG531,184
29,birthday/gifts-for-her,FG184,185
9,birthday/gift-hampers,GIFTSFNP4925,1
9,birthday/gift-hampers,MG109,2
9,birthday/gift-hampers,FG8,3
9,birthday/gift-hampers,GIFTSFNP1187,4
9,birthday/gift-hampers,GIFTSFNP1510,5
9,birthday/gift-hampers,GIFTSFNP599,6
9,birthday/gift-hampers,GIFTSFNP1190,7
9,birthday/gift-hampers,MG607,8
9,birthday/gift-hampers,GIFTSFNP968,9
9,birthday/gift-hampers,FG69,10
9,birthday/gift-hampers,GIFTSFNP1526,11
9,birthday/gift-hampers,FG133,12
9,birthday/gift-hampers,FG37,13
9,birthday/gift-hampers,GIFTSFNP1858,14
9,birthday/gift-hampers,NBB9,15
9,birthday/gift-hampers,NBB8,16
9,birthday/gift-hampers,GIFTSFNP4669,17
9,birthday/gift-hampers,FG22,18
9,birthday/gift-hampers,GIFTSFNP5516,19
9,birthday/gift-hampers,GIFTSFNP5466,20
9,birthday/gift-hampers,GIFTSFNP4622,21
9,birthday/gift-hampers,PLANT74,22
9,birthday/gift-hampers,GIFTSFNP5464,23
9,birthday/gift-hampers,PLANT72,24
9,birthday/gift-hampers,GIFTSFNP1462,25
9,birthday/gift-hampers,GIFTSFNP5478,26
9,birthday/gift-hampers,EXDRYFRUITS3,27
9,birthday/gift-hampers,EXDRYFRUITS27,28
9,birthday/gift-hampers,EXDSWEETS38,29
9,birthday/gift-hampers,EXDRYFRUITS8,30
9,birthday/gift-hampers,EXDSWEETS19,31
9,birthday/gift-hampers,EXDSWEETS11,32
9,birthday/gift-hampers,EXDSWEETS9,33
9,birthday/gift-hampers,EXDRYFRUITS28,34
9,birthday/gift-hampers,EXDSWEETS51,35
9,birthday/gift-hampers,EXDCHOCO15,36
51,anniversary/gift-hampers,GIFTSFNP5516,1
51,anniversary/gift-hampers,GIFTSFNP5466,2
51,anniversary/gift-hampers,GIFTSFNP4622,3
51,anniversary/gift-hampers,PLANT74,4
51,anniversary/gift-hampers,GIFTSFNP5464,5
51,anniversary/gift-hampers,PLANT72,6
51,anniversary/gift-hampers,GIFTSFNP1462,7
51,anniversary/gift-hampers,GIFTSFNP5478,8
51,anniversary/gift-hampers,EXDRYFRUITS3,9
51,anniversary/gift-hampers,EXDRYFRUITS27,10
51,anniversary/gift-hampers,EXDSWEETS38,11
51,anniversary/gift-hampers,EXDRYFRUITS8,12
51,anniversary/gift-hampers,EXDSWEETS19,13
51,anniversary/gift-hampers,EXDSWEETS11,14
51,anniversary/gift-hampers,EXDSWEETS9,15
51,anniversary/gift-hampers,EXDRYFRUITS28,16
51,anniversary/gift-hampers,EXDSWEETS51,17
51,anniversary/gift-hampers,FG8,18
51,anniversary/gift-hampers,GIFTSFNP1187,19
51,anniversary/gift-hampers,GIFTSFNP1510,20
51,anniversary/gift-hampers,GIFTSFNP599,21
51,anniversary/gift-hampers,GIFTSFNP1190,22
51,anniversary/gift-hampers,MG607,23
51,anniversary/gift-hampers,GIFTSFNP968,24
51,anniversary/gift-hampers,FG69,25
51,anniversary/gift-hampers,GIFTSFNP1526,26
51,anniversary/gift-hampers,FG133,27
51,anniversary/gift-hampers,FG37,28
51,anniversary/gift-hampers,GIFTSFNP1858,29
51,anniversary/gift-hampers,NBB9,30
51,anniversary/gift-hampers,NBB8,31
51,anniversary/gift-hampers,GIFTSFNP4669,32
51,anniversary/gift-hampers,FG22,33
51,anniversary/gift-hampers,MG109,34
51,anniversary/gift-hampers,GIFTSFNP4925,35
51,anniversary/gift-hampers,EXDCHOCO15,36
53,chocolates-bouquet,EXFNP201_CHOCO_BOQ,1
53,chocolates-bouquet,EXFNP202_CHOCO_BOQ,2
53,chocolates-bouquet,EXFNP203_CHOCO_BOQ,3
53,chocolates-bouquet,EXFNP204_CHOCO_BOQ,4
53,chocolates-bouquet,EXFNP206_CHOCO_BOQ,5
53,chocolates-bouquet,EXFNP213_CHOCO_BOQ,6
53,chocolates-bouquet,EXFNP214_CHOCO_BOQ,7
53,chocolates-bouquet,EXFNP216_CHOCO_BOQ,8
53,chocolates-bouquet,EXFNP219_CHOCO_BOQ,9
53,chocolates-bouquet,EXFNP221_CHOCO_BOQ,10
53,chocolates-bouquet,EXFNP222_CHOCO_BOQ,11
53,chocolates-bouquet,EXFNP223_CHOCO_BOQ,12
53,chocolates-bouquet,EXFNP229_CHOCO_BOQ,13
53,chocolates-bouquet,EXFNP230_CHOCO_BOQ,14
53,chocolates-bouquet,EXFNP232_CHOCO_BOQ,15
53,chocolates-bouquet,EXFNP233_CHOCO_BOQ,16
53,chocolates-bouquet,EXFNP241_CHOCO_BOQ,17
53,chocolates-bouquet,EXFNP242_CHOCO_BOQ,18
53,chocolates-bouquet,EXFNP244_CHOCO_BOQ,19
53,chocolates-bouquet,EXFNP246_CHOCO_BOQ,20
53,chocolates-bouquet,EXFNP248_CHOCO_BOQ,21
53,chocolates-bouquet,EXFNP250_CHOCO_BOQ,22
53,chocolates-bouquet,EXFNP251_CHOCO_BOQ,23
53,chocolates-bouquet,EXFNP253_CHOCO_BOQ,24
53,chocolates-bouquet,EXFNP256_CHOCO_BOQ,25
53,chocolates-bouquet,EXFNP258_CHOCO_BOQ,26
11,birthday/chocolates-bouquet,EXFNP202_CHOCO_BOQ,27
11,birthday/chocolates-bouquet,EXFNP203_CHOCO_BOQ,28
11,birthday/chocolates-bouquet,EXFNP204_CHOCO_BOQ,29
11,birthday/chocolates-bouquet,EXFNP206_CHOCO_BOQ,30
11,birthday/chocolates-bouquet,EXFNP213_CHOCO_BOQ,31
11,birthday/chocolates-bouquet,EXFNP250_CHOCO_BOQ,32
11,birthday/chocolates-bouquet,EXFNP251_CHOCO_BOQ,33
11,birthday/chocolates-bouquet,EXFNP253_CHOCO_BOQ,34
11,birthday/chocolates-bouquet,EXFNP256_CHOCO_BOQ,35
11,birthday/chocolates-bouquet,EXFNP258_CHOCO_BOQ,36
11,birthday/chocolates-bouquet,EXFNP201_CHOCO_BOQ,37
11,birthday/chocolates-bouquet,EXFNP214_CHOCO_BOQ,38
11,birthday/chocolates-bouquet,EXFNP216_CHOCO_BOQ,39
11,birthday/chocolates-bouquet,EXFNP219_CHOCO_BOQ,40
11,birthday/chocolates-bouquet,EXFNP221_CHOCO_BOQ,41
11,birthday/chocolates-bouquet,EXFNP222_CHOCO_BOQ,42
11,birthday/chocolates-bouquet,EXFNP223_CHOCO_BOQ,43
11,birthday/chocolates-bouquet,EXFNP229_CHOCO_BOQ,44
11,birthday/chocolates-bouquet,EXFNP230_CHOCO_BOQ,45
11,birthday/chocolates-bouquet,EXFNP232_CHOCO_BOQ,46
11,birthday/chocolates-bouquet,EXFNP233_CHOCO_BOQ,47
11,birthday/chocolates-bouquet,EXFNP241_CHOCO_BOQ,48
11,birthday/chocolates-bouquet,EXFNP242_CHOCO_BOQ,49
11,birthday/chocolates-bouquet,EXFNP244_CHOCO_BOQ,50
11,birthday/chocolates-bouquet,EXFNP246_CHOCO_BOQ,51
87,Carnations,F17-EXDFNP463,1
87,Carnations,F17-EXDFNP531,2
87,Carnations,F17-EXFNP78,3
87,Carnations,F17-EXDFNP465,4
2,cakes,CAKE12101,1
2,cakes,CAKE11763,2
2,cakes,CAKE00115,3
2,cakes,CAKE11754,4
2,cakes,F17-EGCAKECONH1780,5
2,cakes,CAKE12104,6
2,cakes,CAKE8658,7
3,same-day-delivery,F17-VRTEXFNP182,1
3,same-day-delivery,F17-EXFNP70,2
3,same-day-delivery,EXP14123,3
3,same-day-delivery,CAKE00115,4
3,same-day-delivery,F17-VRTEXFNP184-12,5
3,same-day-delivery,F17-EXDFNPLW15,6
3,same-day-delivery,F17-EXDFNP545,7
3,same-day-delivery,F17-EXDFNP2012,8
3,same-day-delivery,F17-EXDFNP70,9
3,same-day-delivery,F17-EXDFNPLW21,10
132,chocolate-cakes,CAKE11763,1
132,chocolate-cakes,CAKE42394,2
132,chocolate-cakes,CAKE8270,3
132,chocolate-cakes,CAKE8980,4
132,chocolate-cakes,CAKE6150,5
132,chocolate-cakes,CAKE8208,6
132,chocolate-cakes,CAKE8450,7
132,chocolate-cakes,CAKE8114,8
132,chocolate-cakes,CAKE42182,9
14,birthday/chocolate-cakes,CAKE8980,1
14,birthday/chocolate-cakes,CAKE6150,2
14,birthday/chocolate-cakes,CAKE8208,3
14,birthday/chocolate-cakes,CAKE8450,4
14,birthday/chocolate-cakes,CAKE8114,5
14,birthday/chocolate-cakes,CAKE42182,6
14,birthday/chocolate-cakes,CAKE11763,7
14,birthday/chocolate-cakes,CAKE42394,8
14,birthday/chocolate-cakes,CAKE8270,9
56,anniversary/chocolate-cakes,CAKE42394,1
56,anniversary/chocolate-cakes,CAKE8208,2
56,anniversary/chocolate-cakes,CAKE42394,3
56,anniversary/chocolate-cakes,CAKE6150,4
56,anniversary/chocolate-cakes,CAKE42182,5
56,anniversary/chocolate-cakes,CAKE11763,6
56,anniversary/chocolate-cakes,CAKE8980,7
56,anniversary/chocolate-cakes,CAKE11763,8
139,eggless-cakes,CAKE10570,1
139,eggless-cakes,CAKE12101,2
139,eggless-cakes,CAKE11763,3
139,eggless-cakes,CAKE11754,4
139,eggless-cakes,CAKE12104,5
139,eggless-cakes,F17-EGGCAKEC83,6
139,eggless-cakes,CAKE12063,7
139,eggless-cakes,CAKE12094,8
21,birthday/eggless-cakes,CAKE12104,1
21,birthday/eggless-cakes,F17-EGGCAKEC83,2
21,birthday/eggless-cakes,CAKE12063,3
21,birthday/eggless-cakes,CAKE12094,4
21,birthday/eggless-cakes,CAKE10570,5
21,birthday/eggless-cakes,CAKE12101,6
21,birthday/eggless-cakes,CAKE11763,7
21,birthday/eggless-cakes,CAKE11754,8
13,birthday/cakes,CAKE10570,1
13,birthday/cakes,CAKE12101,2
13,birthday/cakes,CAKE11763,3
13,birthday/cakes,F17-EGCAKECONH1780,4
13,birthday/cakes,CAKE11754,5
13,birthday/cakes,CAKE8658,6
13,birthday/cakes,CAKE12104,7
13,birthday/cakes,CAKE00115,8
4,birthday/gifts,GIFTSFNP4601,1
4,birthday/gifts,F17-EXFNP70,2
4,birthday/gifts,F17-VRTEXFNP182,3
4,birthday/gifts,CAKE10570,4
4,birthday/gifts,F17-EXDPLANT1,5
4,birthday/gifts,GIFTSFNP2052,6
4,birthday/gifts,F17-EXDFNP437,7
4,birthday/gifts,GIFTSFNP4966,8
4,birthday/gifts,CAKE11763,9
4,birthday/gifts,F17-EXDPLANT119,10
4,birthday/gifts,GIFTSFNP2050,11
4,birthday/gifts,GIFTSFNP20,12
4,birthday/gifts,F17-EXDFNPLW13,13
4,birthday/gifts,GIFTSFNP1510,14
4,birthday/gifts,CAKE11754,15
4,birthday/gifts,GIFTSFNP4729,16
4,birthday/gifts,GIFTSFNP4598,17
4,birthday/gifts,CAKE12104,18
4,birthday/gifts,GIFTSFNP2430,19
4,birthday/gifts,F17-CAKECONTWW442,20
4,birthday/gifts,F17-PHOTOCAKES8,21
4,birthday/gifts,GIFTSFNP4736,22
4,birthday/gifts,GIFTSFNP4956,23
4,birthday/gifts,GIFTSFNP4807,24
4,birthday/gifts,MG22,25
4,birthday/gifts,GIFTSFNP32,26
12,birthday/plants,F17-EXDPLANT1,1
12,birthday/plants,F17-EXDPLANT2,2
12,birthday/plants,GIFTSFNP2424,3
12,birthday/plants,F17-EXDPLANT83,4
12,birthday/plants,F17-EXDPLANT32,5
12,birthday/plants,F17-EXDPLANT119,6
12,birthday/plants,GIFTSFNP79,7
12,birthday/plants,Ficus_microcarpa,8
12,birthday/plants,GIFTSFNP5352,9
48,anniversary/gifts,F17-PHOTOCAKES14,1
48,anniversary/gifts,GIFTSFNP1114,2
48,anniversary/gifts,GIFTSFNP4374,3
48,anniversary/gifts,F17-VRTEXFNP182,4
48,anniversary/gifts,F17-EXFNP70,5
48,anniversary/gifts,F17-EXDPLANT1,6
48,anniversary/gifts,EXP14123,7
48,anniversary/gifts,CAKE00115,8
48,anniversary/gifts,F17-VRTEXFNP184-12,9
48,anniversary/gifts,F17-EXDFNPLW15,10
48,anniversary/gifts,Ficus_microcarpa,11
48,anniversary/gifts,F17-EXDFNP545,12
48,anniversary/gifts,F17-EXDFNP2012,13
48,anniversary/gifts,GIFTSFNP4961,14
48,anniversary/gifts,F17-EXDFNP70,15
48,anniversary/gifts,VG94,16
48,anniversary/gifts,F17-EXDFNPLW21,17
48,anniversary/gifts,CAKE10570,18
48,anniversary/gifts,GIFTSFNP20,19
48,anniversary/gifts,CAKE12101,20
48,anniversary/gifts,CAKE11763,21
48,anniversary/gifts,VG84,22
48,anniversary/gifts,CAKE11754,23
48,anniversary/gifts,CAKE12104,24
48,anniversary/gifts,F17-EGGCAKEC83,25
48,anniversary/gifts,CAKE12063,26
48,anniversary/gifts,GIFTSFNP4468,27
48,anniversary/gifts,CAKE12094,28
48,anniversary/gifts,GIFTSFNP4952,29
64,anniversary/flowers,F17-EXFNP45,1
64,anniversary/flowers,F17-EXFNP13,2
64,anniversary/flowers,F17-EX004,3
64,anniversary/flowers,F17-EXDFNP409,4
64,anniversary/flowers,F17-EXP159,5
64,anniversary/flowers,F17-VRTEXD1,6
64,anniversary/flowers,F17-EXDFNP572,7
64,anniversary/flowers,F17-EXDFNP564,8
64,anniversary/flowers,F17-EXDFNP1024,9
64,anniversary/flowers,F17-EXDFNP2007,10
64,anniversary/flowers,F17-EXDFNP57,11
64,anniversary/flowers,F17-EXDFNP562,12
64,anniversary/flowers,F17-EXDFNP423,13
64,anniversary/flowers,F17-EXDFNP433,14
56,anniversary/chocolate-cakes,CAKE8980,1
56,anniversary/chocolate-cakes,CAKE11763,2
56,anniversary/chocolate-cakes,CAKE42182,3
56,anniversary/chocolate-cakes,CAKE8270,4
56,anniversary/chocolate-cakes,CAKE42394,5
56,anniversary/chocolate-cakes,CAKE6150,6
56,anniversary/chocolate-cakes,CAKE8114,7
56,anniversary/chocolate-cakes,CAKE8450,8
56,anniversary/chocolate-cakes,CAKE8208,9
50,anniversary/romantic-gifts,F17-EXDFNP630,1
50,anniversary/romantic-gifts,VG17,2
50,anniversary/romantic-gifts,VG6,3
50,anniversary/romantic-gifts,F17-VRT1EXDFNP416,4
50,anniversary/romantic-gifts,F17-CAKECONO2698,5
50,anniversary/romantic-gifts,F17-EXDFNP433,6
50,anniversary/romantic-gifts,VG96,7
50,anniversary/romantic-gifts,VG75,8
50,anniversary/romantic-gifts,VG308,9
50,anniversary/romantic-gifts,GIFTSFNP5140,10
50,anniversary/romantic-gifts,VG84,11
50,anniversary/romantic-gifts,F17-EXDFNP508,12
50,anniversary/romantic-gifts,VG35,13
50,anniversary/romantic-gifts,GIFTSFNP2533,14
50,anniversary/romantic-gifts,GIFTSFNP2372,15
50,anniversary/romantic-gifts,GIFTSFNP346,16
50,anniversary/romantic-gifts,GIFTSFNP1113,17
50,anniversary/romantic-gifts,GIFTSFNP1662,18
50,anniversary/romantic-gifts,GIFTSFNP453,19
50,anniversary/romantic-gifts,F17-CAKECON3017,20
50,anniversary/romantic-gifts,VG34,21
50,anniversary/romantic-gifts,VG274,22
50,anniversary/romantic-gifts,VG282,23
50,anniversary/romantic-gifts,F17-EXDFNP541,24
50,anniversary/romantic-gifts,VG8,25
50,anniversary/romantic-gifts,F17-EXDFNP499,26
50,anniversary/romantic-gifts,VG145,27
50,anniversary/romantic-gifts,F17-EXDFNP516,28
50,anniversary/romantic-gifts,VG195,29
50,anniversary/romantic-gifts,GIFTSFNP4722,30
50,anniversary/romantic-gifts,GIFTSFNP2534,31
50,anniversary/romantic-gifts,GIFTSFNP5037,32
50,anniversary/romantic-gifts,F17-EXDFNPLW11,33
50,anniversary/romantic-gifts,GIFTSFNP382,34
50,anniversary/romantic-gifts,GIFTSFNP1237,35
50,anniversary/romantic-gifts,VG7,36
50,anniversary/romantic-gifts,F17-EXDFNP1007,37
50,anniversary/romantic-gifts,GIFTSFNP3,38
50,anniversary/romantic-gifts,VG223,39
50,anniversary/romantic-gifts,VG223,40
49,anniversary/personalized-gifts,GIFTSFNP2372,1
49,anniversary/personalized-gifts,GIFTSFNP5140,2
49,anniversary/personalized-gifts,GIFTSFNP4605,3
49,anniversary/personalized-gifts,VG486,4
49,anniversary/personalized-gifts,GIFTSFNP4720,5
49,anniversary/personalized-gifts,GIFTSFNP1661,6
49,anniversary/personalized-gifts,GIFTSFNP5127,7
49,anniversary/personalized-gifts,GIFTSFNP5000,8
49,anniversary/personalized-gifts,VG57,9
49,anniversary/personalized-gifts,GIFTSFNP4604,10
49,anniversary/personalized-gifts,VG519,11
49,anniversary/personalized-gifts,GIFTSFNP5120,12
49,anniversary/personalized-gifts,CAKE16257,13
49,anniversary/personalized-gifts,GIFTSFNP5087,14
89,orchids,F17-EXFNP233,1
89,orchids,F17-EXFNP236,2
89,orchids,F17-EXDFNP79,3
89,orchids,F17-EXDFNP548,4
89,orchids,F17-EXDFNP1010,5
89,orchids,F17-EXDFNP2005,6
89,orchids,F17-EXDFNP445,7
89,orchids,F17-EXDFNP75,8
89,orchids,F17-EXD44,9
89,orchids,F17-EXDFNP437,10
89,orchids,F17-VAREXDFNP147,11
89,orchids,F17-EXDFNP147,12
89,orchids,F17-EXDFNP54,13
89,orchids,F17-EXFNP216-D,14
89,orchids,F17-EXFNP188,15
89,orchids,F17-EXDFNP1009,16
89,orchids,F17-XP42,17
89,orchids,F17-EXD74,18
89,orchids,F17-EXDFNP2024,19
89,orchids,F17-EXDFNP594,20
89,orchids,F17-EXFNP91,21
89,orchids,F17-XP44,22
89,orchids,F17-EXFNP185,23
89,orchids,F17-EXFNP234,24
89,orchids,F17-EXFNP235,25
89,orchids,F17-EXFNP237,26
89,orchids,F17-EXDFNP76252,27
89,orchids,F17-EXDFNP2023,28
89,orchids,F17-EXFNP94,29
89,orchids,F17-EXFNP95,30
89,orchids,F17-EXFNP96,31
89,orchids,F17-EXDFNP596,32
89,orchids,F17-EXDFNP90,33
89,orchids,F17-EXFNP181,34
89,orchids,F17-EXFNP182,35
89,orchids,F17-EXFNP183,36
89,orchids,F17-EXFNP184,37
89,orchids,F17-EXFNP125,38
89,orchids,F17-EXP173,39
89,orchids,F17-EXFNP238,40
89,orchids,F17-EXDFNP123,41
89,orchids,F17-EX0053,42
89,orchids,F17-EXDN2,43
89,orchids,F17-EX0072,44
