category id,category url,SKU,Sort
345,rakhi,RK2215,0
346,rakhi,RK2215,0
334,rakhi,RK2215,0
407,rakhi,RK2215,0
366,rakhi,RK2215,0
355,rakhi,RK2215,0
364,rakhi,RK2215,0
349,rakhi,RK2215,0
455,rakhi,RK2215,0
351,rakhi,RK2215,0
347,rakhi,RK2215,0
456,rakhi,RK2215,0
358,rakhi,RK2215,0
356,rakhi,RK2215,0
352,rakhi,RK2215,0
457,rakhi,RK2215,0
365,rakhi,RK2215,0
458,rakhi,RK2215,0
353,rakhi,RK2215,0
354,rakhi,RK2215,0
348,rakhi,RK2215,0
357,rakhi,RK2215,0
350,rakhi,RK2215,0
396,rakhi,RK2215,0
397,rakhi,RK2215,0
398,rakhi,RK2215,0
399,rakhi,RK2215,0
400,rakhi,RK2215,0
401,rakhi,RK2215,0
402,rakhi,RK2215,0
403,rakhi,RK2215,0
553,rakhi,RK2215,0
554,rakhi,RK2215,0
555,rakhi,RK2215,0
556,rakhi,RK2215,0
557,rakhi,RK2215,0
558,rakhi,RK2215,0
559,rakhi,RK2215,0
560,rakhi,RK2215,0
345,rakhi,RK2216,0
346,rakhi,RK2216,0
334,rakhi,RK2216,0
407,rakhi,RK2216,0
366,rakhi,RK2216,0
355,rakhi,RK2216,0
364,rakhi,RK2216,0
349,rakhi,RK2216,0
455,rakhi,RK2216,0
351,rakhi,RK2216,0
347,rakhi,RK2216,0
456,rakhi,RK2216,0
358,rakhi,RK2216,0
356,rakhi,RK2216,0
352,rakhi,RK2216,0
457,rakhi,RK2216,0
365,rakhi,RK2216,0
458,rakhi,RK2216,0
353,rakhi,RK2216,0
354,rakhi,RK2216,0
348,rakhi,RK2216,0
357,rakhi,RK2216,0
350,rakhi,RK2216,0
396,rakhi,RK2216,0
397,rakhi,RK2216,0
398,rakhi,RK2216,0
399,rakhi,RK2216,0
400,rakhi,RK2216,0
401,rakhi,RK2216,0
402,rakhi,RK2216,0
403,rakhi,RK2216,0
553,rakhi,RK2216,0
554,rakhi,RK2216,0
555,rakhi,RK2216,0
556,rakhi,RK2216,0
557,rakhi,RK2216,0
558,rakhi,RK2216,0
559,rakhi,RK2216,0
560,rakhi,RK2216,0
345,rakhi,RK2217,0
346,rakhi,RK2217,0
333,rakhi,RK2217,0
334,rakhi,RK2217,0
366,rakhi,RK2217,0
355,rakhi,RK2217,0
364,rakhi,RK2217,0
349,rakhi,RK2217,0
455,rakhi,RK2217,0
351,rakhi,RK2217,0
347,rakhi,RK2217,0
456,rakhi,RK2217,0
358,rakhi,RK2217,0
356,rakhi,RK2217,0
352,rakhi,RK2217,0
457,rakhi,RK2217,0
365,rakhi,RK2217,0
458,rakhi,RK2217,0
353,rakhi,RK2217,0
354,rakhi,RK2217,0
348,rakhi,RK2217,0
357,rakhi,RK2217,0
350,rakhi,RK2217,0
396,rakhi,RK2217,0
397,rakhi,RK2217,0
398,rakhi,RK2217,0
399,rakhi,RK2217,0
400,rakhi,RK2217,0
401,rakhi,RK2217,0
402,rakhi,RK2217,0
403,rakhi,RK2217,0
553,rakhi,RK2217,0
554,rakhi,RK2217,0
555,rakhi,RK2217,0
556,rakhi,RK2217,0
557,rakhi,RK2217,0
558,rakhi,RK2217,0
559,rakhi,RK2217,0
560,rakhi,RK2217,0
345,rakhi,RK2218,0
366,rakhi,RK2218,0
333,rakhi,RK2218,0
355,rakhi,RK2218,0
364,rakhi,RK2218,0
349,rakhi,RK2218,0
455,rakhi,RK2218,0
351,rakhi,RK2218,0
347,rakhi,RK2218,0
456,rakhi,RK2218,0
358,rakhi,RK2218,0
356,rakhi,RK2218,0
352,rakhi,RK2218,0
457,rakhi,RK2218,0
365,rakhi,RK2218,0
458,rakhi,RK2218,0
353,rakhi,RK2218,0
354,rakhi,RK2218,0
348,rakhi,RK2218,0
357,rakhi,RK2218,0
350,rakhi,RK2218,0
396,rakhi,RK2218,0
397,rakhi,RK2218,0
398,rakhi,RK2218,0
399,rakhi,RK2218,0
400,rakhi,RK2218,0
401,rakhi,RK2218,0
402,rakhi,RK2218,0
403,rakhi,RK2218,0
553,rakhi,RK2218,0
554,rakhi,RK2218,0
555,rakhi,RK2218,0
556,rakhi,RK2218,0
557,rakhi,RK2218,0
558,rakhi,RK2218,0
559,rakhi,RK2218,0
560,rakhi,RK2218,0
345,rakhi,RK2219,0
366,rakhi,RK2219,0
355,rakhi,RK2219,0
364,rakhi,RK2219,0
349,rakhi,RK2219,0
455,rakhi,RK2219,0
351,rakhi,RK2219,0
347,rakhi,RK2219,0
456,rakhi,RK2219,0
358,rakhi,RK2219,0
356,rakhi,RK2219,0
352,rakhi,RK2219,0
457,rakhi,RK2219,0
365,rakhi,RK2219,0
458,rakhi,RK2219,0
353,rakhi,RK2219,0
354,rakhi,RK2219,0
348,rakhi,RK2219,0
357,rakhi,RK2219,0
350,rakhi,RK2219,0
396,rakhi,RK2219,0
397,rakhi,RK2219,0
398,rakhi,RK2219,0
399,rakhi,RK2219,0
400,rakhi,RK2219,0
401,rakhi,RK2219,0
402,rakhi,RK2219,0
403,rakhi,RK2219,0
553,rakhi,RK2219,0
554,rakhi,RK2219,0
555,rakhi,RK2219,0
556,rakhi,RK2219,0
557,rakhi,RK2219,0
558,rakhi,RK2219,0
559,rakhi,RK2219,0
560,rakhi,RK2219,0
345,rakhi,RK2220,0
366,rakhi,RK2220,0
355,rakhi,RK2220,0
364,rakhi,RK2220,0
349,rakhi,RK2220,0
455,rakhi,RK2220,0
351,rakhi,RK2220,0
347,rakhi,RK2220,0
456,rakhi,RK2220,0
358,rakhi,RK2220,0
356,rakhi,RK2220,0
352,rakhi,RK2220,0
457,rakhi,RK2220,0
365,rakhi,RK2220,0
458,rakhi,RK2220,0
353,rakhi,RK2220,0
354,rakhi,RK2220,0
348,rakhi,RK2220,0
357,rakhi,RK2220,0
350,rakhi,RK2220,0
396,rakhi,RK2220,0
397,rakhi,RK2220,0
398,rakhi,RK2220,0
399,rakhi,RK2220,0
400,rakhi,RK2220,0
401,rakhi,RK2220,0
402,rakhi,RK2220,0
403,rakhi,RK2220,0
553,rakhi,RK2220,0
554,rakhi,RK2220,0
555,rakhi,RK2220,0
556,rakhi,RK2220,0
557,rakhi,RK2220,0
558,rakhi,RK2220,0
559,rakhi,RK2220,0
560,rakhi,RK2220,0
491,rakhi,RK2220,0
410,rakhi,RK2220,0
345,rakhi,RK2221,0
329,rakhi,RK2221,0
343,rakhi,RK2221,0
366,rakhi,RK2221,0
355,rakhi,RK2221,0
364,rakhi,RK2221,0
349,rakhi,RK2221,0
455,rakhi,RK2221,0
351,rakhi,RK2221,0
347,rakhi,RK2221,0
456,rakhi,RK2221,0
358,rakhi,RK2221,0
356,rakhi,RK2221,0
352,rakhi,RK2221,0
457,rakhi,RK2221,0
365,rakhi,RK2221,0
458,rakhi,RK2221,0
353,rakhi,RK2221,0
354,rakhi,RK2221,0
348,rakhi,RK2221,0
357,rakhi,RK2221,0
350,rakhi,RK2221,0
396,rakhi,RK2221,0
397,rakhi,RK2221,0
398,rakhi,RK2221,0
399,rakhi,RK2221,0
400,rakhi,RK2221,0
401,rakhi,RK2221,0
402,rakhi,RK2221,0
403,rakhi,RK2221,0
553,rakhi,RK2221,0
554,rakhi,RK2221,0
555,rakhi,RK2221,0
556,rakhi,RK2221,0
557,rakhi,RK2221,0
558,rakhi,RK2221,0
559,rakhi,RK2221,0
560,rakhi,RK2221,0
491,rakhi,RK2221,0
345,rakhi,RK2222,0
329,rakhi,RK2222,0
343,rakhi,RK2222,0
366,rakhi,RK2222,0
355,rakhi,RK2222,0
364,rakhi,RK2222,0
349,rakhi,RK2222,0
455,rakhi,RK2222,0
351,rakhi,RK2222,0
347,rakhi,RK2222,0
456,rakhi,RK2222,0
358,rakhi,RK2222,0
356,rakhi,RK2222,0
352,rakhi,RK2222,0
457,rakhi,RK2222,0
365,rakhi,RK2222,0
458,rakhi,RK2222,0
353,rakhi,RK2222,0
354,rakhi,RK2222,0
348,rakhi,RK2222,0
357,rakhi,RK2222,0
350,rakhi,RK2222,0
396,rakhi,RK2222,0
397,rakhi,RK2222,0
398,rakhi,RK2222,0
399,rakhi,RK2222,0
400,rakhi,RK2222,0
401,rakhi,RK2222,0
402,rakhi,RK2222,0
403,rakhi,RK2222,0
553,rakhi,RK2222,0
554,rakhi,RK2222,0
555,rakhi,RK2222,0
556,rakhi,RK2222,0
557,rakhi,RK2222,0
558,rakhi,RK2222,0
559,rakhi,RK2222,0
560,rakhi,RK2222,0
491,rakhi,RK2222,0
345,rakhi,RK2223,0
329,rakhi,RK2223,0
343,rakhi,RK2223,0
366,rakhi,RK2223,0
355,rakhi,RK2223,0
364,rakhi,RK2223,0
349,rakhi,RK2223,0
455,rakhi,RK2223,0
351,rakhi,RK2223,0
347,rakhi,RK2223,0
456,rakhi,RK2223,0
358,rakhi,RK2223,0
356,rakhi,RK2223,0
352,rakhi,RK2223,0
457,rakhi,RK2223,0
365,rakhi,RK2223,0
458,rakhi,RK2223,0
353,rakhi,RK2223,0
354,rakhi,RK2223,0
348,rakhi,RK2223,0
357,rakhi,RK2223,0
350,rakhi,RK2223,0
396,rakhi,RK2223,0
397,rakhi,RK2223,0
398,rakhi,RK2223,0
399,rakhi,RK2223,0
400,rakhi,RK2223,0
401,rakhi,RK2223,0
402,rakhi,RK2223,0
403,rakhi,RK2223,0
553,rakhi,RK2223,0
554,rakhi,RK2223,0
555,rakhi,RK2223,0
556,rakhi,RK2223,0
557,rakhi,RK2223,0
558,rakhi,RK2223,0
559,rakhi,RK2223,0
560,rakhi,RK2223,0
491,rakhi,RK2223,0
345,rakhi,RK2224,0
366,rakhi,RK2224,0
355,rakhi,RK2224,0
364,rakhi,RK2224,0
349,rakhi,RK2224,0
455,rakhi,RK2224,0
351,rakhi,RK2224,0
347,rakhi,RK2224,0
456,rakhi,RK2224,0
358,rakhi,RK2224,0
356,rakhi,RK2224,0
352,rakhi,RK2224,0
457,rakhi,RK2224,0
365,rakhi,RK2224,0
458,rakhi,RK2224,0
353,rakhi,RK2224,0
354,rakhi,RK2224,0
348,rakhi,RK2224,0
357,rakhi,RK2224,0
350,rakhi,RK2224,0
396,rakhi,RK2224,0
397,rakhi,RK2224,0
398,rakhi,RK2224,0
399,rakhi,RK2224,0
400,rakhi,RK2224,0
401,rakhi,RK2224,0
402,rakhi,RK2224,0
403,rakhi,RK2224,0
553,rakhi,RK2224,0
554,rakhi,RK2224,0
555,rakhi,RK2224,0
556,rakhi,RK2224,0
557,rakhi,RK2224,0
558,rakhi,RK2224,0
559,rakhi,RK2224,0
560,rakhi,RK2224,0
345,rakhi,RK2225,0
366,rakhi,RK2225,0
355,rakhi,RK2225,0
364,rakhi,RK2225,0
349,rakhi,RK2225,0
455,rakhi,RK2225,0
351,rakhi,RK2225,0
347,rakhi,RK2225,0
456,rakhi,RK2225,0
358,rakhi,RK2225,0
356,rakhi,RK2225,0
352,rakhi,RK2225,0
457,rakhi,RK2225,0
365,rakhi,RK2225,0
458,rakhi,RK2225,0
353,rakhi,RK2225,0
354,rakhi,RK2225,0
348,rakhi,RK2225,0
357,rakhi,RK2225,0
350,rakhi,RK2225,0
396,rakhi,RK2225,0
397,rakhi,RK2225,0
398,rakhi,RK2225,0
399,rakhi,RK2225,0
400,rakhi,RK2225,0
401,rakhi,RK2225,0
402,rakhi,RK2225,0
403,rakhi,RK2225,0
553,rakhi,RK2225,0
554,rakhi,RK2225,0
555,rakhi,RK2225,0
556,rakhi,RK2225,0
557,rakhi,RK2225,0
558,rakhi,RK2225,0
559,rakhi,RK2225,0
560,rakhi,RK2225,0
345,rakhi,RK2226,0
366,rakhi,RK2226,0
355,rakhi,RK2226,0
364,rakhi,RK2226,0
349,rakhi,RK2226,0
455,rakhi,RK2226,0
351,rakhi,RK2226,0
347,rakhi,RK2226,0
456,rakhi,RK2226,0
358,rakhi,RK2226,0
356,rakhi,RK2226,0
352,rakhi,RK2226,0
457,rakhi,RK2226,0
365,rakhi,RK2226,0
458,rakhi,RK2226,0
353,rakhi,RK2226,0
354,rakhi,RK2226,0
348,rakhi,RK2226,0
357,rakhi,RK2226,0
350,rakhi,RK2226,0
396,rakhi,RK2226,0
397,rakhi,RK2226,0
398,rakhi,RK2226,0
399,rakhi,RK2226,0
400,rakhi,RK2226,0
401,rakhi,RK2226,0
402,rakhi,RK2226,0
403,rakhi,RK2226,0
553,rakhi,RK2226,0
554,rakhi,RK2226,0
555,rakhi,RK2226,0
556,rakhi,RK2226,0
557,rakhi,RK2226,0
558,rakhi,RK2226,0
559,rakhi,RK2226,0
560,rakhi,RK2226,0
345,rakhi,RK2227,0
366,rakhi,RK2227,0
355,rakhi,RK2227,0
364,rakhi,RK2227,0
349,rakhi,RK2227,0
455,rakhi,RK2227,0
351,rakhi,RK2227,0
347,rakhi,RK2227,0
456,rakhi,RK2227,0
358,rakhi,RK2227,0
356,rakhi,RK2227,0
352,rakhi,RK2227,0
457,rakhi,RK2227,0
365,rakhi,RK2227,0
458,rakhi,RK2227,0
353,rakhi,RK2227,0
354,rakhi,RK2227,0
348,rakhi,RK2227,0
357,rakhi,RK2227,0
350,rakhi,RK2227,0
396,rakhi,RK2227,0
397,rakhi,RK2227,0
398,rakhi,RK2227,0
399,rakhi,RK2227,0
400,rakhi,RK2227,0
401,rakhi,RK2227,0
402,rakhi,RK2227,0
403,rakhi,RK2227,0
553,rakhi,RK2227,0
554,rakhi,RK2227,0
555,rakhi,RK2227,0
556,rakhi,RK2227,0
557,rakhi,RK2227,0
558,rakhi,RK2227,0
559,rakhi,RK2227,0
560,rakhi,RK2227,0
345,rakhi,RK2228,0
366,rakhi,RK2228,0
355,rakhi,RK2228,0
364,rakhi,RK2228,0
349,rakhi,RK2228,0
455,rakhi,RK2228,0
351,rakhi,RK2228,0
347,rakhi,RK2228,0
456,rakhi,RK2228,0
358,rakhi,RK2228,0
356,rakhi,RK2228,0
352,rakhi,RK2228,0
457,rakhi,RK2228,0
365,rakhi,RK2228,0
458,rakhi,RK2228,0
353,rakhi,RK2228,0
354,rakhi,RK2228,0
348,rakhi,RK2228,0
357,rakhi,RK2228,0
350,rakhi,RK2228,0
396,rakhi,RK2228,0
397,rakhi,RK2228,0
398,rakhi,RK2228,0
399,rakhi,RK2228,0
400,rakhi,RK2228,0
401,rakhi,RK2228,0
402,rakhi,RK2228,0
403,rakhi,RK2228,0
553,rakhi,RK2228,0
554,rakhi,RK2228,0
555,rakhi,RK2228,0
556,rakhi,RK2228,0
557,rakhi,RK2228,0
558,rakhi,RK2228,0
559,rakhi,RK2228,0
560,rakhi,RK2228,0
345,rakhi,RK2229,0
366,rakhi,RK2229,0
355,rakhi,RK2229,0
364,rakhi,RK2229,0
349,rakhi,RK2229,0
455,rakhi,RK2229,0
351,rakhi,RK2229,0
347,rakhi,RK2229,0
456,rakhi,RK2229,0
358,rakhi,RK2229,0
356,rakhi,RK2229,0
352,rakhi,RK2229,0
457,rakhi,RK2229,0
365,rakhi,RK2229,0
458,rakhi,RK2229,0
353,rakhi,RK2229,0
354,rakhi,RK2229,0
348,rakhi,RK2229,0
357,rakhi,RK2229,0
350,rakhi,RK2229,0
396,rakhi,RK2229,0
397,rakhi,RK2229,0
398,rakhi,RK2229,0
399,rakhi,RK2229,0
400,rakhi,RK2229,0
401,rakhi,RK2229,0
402,rakhi,RK2229,0
403,rakhi,RK2229,0
553,rakhi,RK2229,0
554,rakhi,RK2229,0
555,rakhi,RK2229,0
556,rakhi,RK2229,0
557,rakhi,RK2229,0
558,rakhi,RK2229,0
559,rakhi,RK2229,0
560,rakhi,RK2229,0
345,rakhi,RK2230,0
346,rakhi,RK2230,0
366,rakhi,RK2230,0
355,rakhi,RK2230,0
364,rakhi,RK2230,0
349,rakhi,RK2230,0
455,rakhi,RK2230,0
351,rakhi,RK2230,0
347,rakhi,RK2230,0
456,rakhi,RK2230,0
358,rakhi,RK2230,0
356,rakhi,RK2230,0
352,rakhi,RK2230,0
457,rakhi,RK2230,0
365,rakhi,RK2230,0
458,rakhi,RK2230,0
353,rakhi,RK2230,0
354,rakhi,RK2230,0
348,rakhi,RK2230,0
357,rakhi,RK2230,0
350,rakhi,RK2230,0
396,rakhi,RK2230,0
397,rakhi,RK2230,0
398,rakhi,RK2230,0
399,rakhi,RK2230,0
400,rakhi,RK2230,0
401,rakhi,RK2230,0
402,rakhi,RK2230,0
403,rakhi,RK2230,0
553,rakhi,RK2230,0
554,rakhi,RK2230,0
555,rakhi,RK2230,0
556,rakhi,RK2230,0
557,rakhi,RK2230,0
558,rakhi,RK2230,0
559,rakhi,RK2230,0
560,rakhi,RK2230,0
407,rakhi,RK2230,0
334,rakhi,RK2230,0
345,rakhi,RK2231,0
346,rakhi,RK2231,0
366,rakhi,RK2231,0
355,rakhi,RK2231,0
364,rakhi,RK2231,0
349,rakhi,RK2231,0
455,rakhi,RK2231,0
351,rakhi,RK2231,0
347,rakhi,RK2231,0
456,rakhi,RK2231,0
358,rakhi,RK2231,0
356,rakhi,RK2231,0
352,rakhi,RK2231,0
457,rakhi,RK2231,0
365,rakhi,RK2231,0
458,rakhi,RK2231,0
353,rakhi,RK2231,0
354,rakhi,RK2231,0
348,rakhi,RK2231,0
357,rakhi,RK2231,0
350,rakhi,RK2231,0
396,rakhi,RK2231,0
397,rakhi,RK2231,0
398,rakhi,RK2231,0
399,rakhi,RK2231,0
400,rakhi,RK2231,0
401,rakhi,RK2231,0
402,rakhi,RK2231,0
403,rakhi,RK2231,0
553,rakhi,RK2231,0
554,rakhi,RK2231,0
555,rakhi,RK2231,0
556,rakhi,RK2231,0
557,rakhi,RK2231,0
558,rakhi,RK2231,0
559,rakhi,RK2231,0
560,rakhi,RK2231,0
407,rakhi,RK2231,0
334,rakhi,RK2231,0
345,rakhi,RK2232,0
329,rakhi,RK2232,0
366,rakhi,RK2232,0
355,rakhi,RK2232,0
364,rakhi,RK2232,0
349,rakhi,RK2232,0
455,rakhi,RK2232,0
351,rakhi,RK2232,0
347,rakhi,RK2232,0
456,rakhi,RK2232,0
358,rakhi,RK2232,0
356,rakhi,RK2232,0
352,rakhi,RK2232,0
457,rakhi,RK2232,0
365,rakhi,RK2232,0
458,rakhi,RK2232,0
353,rakhi,RK2232,0
354,rakhi,RK2232,0
348,rakhi,RK2232,0
357,rakhi,RK2232,0
350,rakhi,RK2232,0
396,rakhi,RK2232,0
397,rakhi,RK2232,0
398,rakhi,RK2232,0
399,rakhi,RK2232,0
400,rakhi,RK2232,0
401,rakhi,RK2232,0
402,rakhi,RK2232,0
403,rakhi,RK2232,0
553,rakhi,RK2232,0
554,rakhi,RK2232,0
555,rakhi,RK2232,0
556,rakhi,RK2232,0
557,rakhi,RK2232,0
558,rakhi,RK2232,0
559,rakhi,RK2232,0
560,rakhi,RK2232,0
435,rakhi,RK2232,0
329,rakhi,RK2232,0
409,rakhi,RK2232,0
334,rakhi,RK2232,0
345,rakhi,RK2233,0
346,rakhi,RK2233,0
366,rakhi,RK2233,0
355,rakhi,RK2233,0
364,rakhi,RK2233,0
349,rakhi,RK2233,0
455,rakhi,RK2233,0
351,rakhi,RK2233,0
347,rakhi,RK2233,0
456,rakhi,RK2233,0
358,rakhi,RK2233,0
356,rakhi,RK2233,0
352,rakhi,RK2233,0
457,rakhi,RK2233,0
365,rakhi,RK2233,0
458,rakhi,RK2233,0
353,rakhi,RK2233,0
354,rakhi,RK2233,0
348,rakhi,RK2233,0
357,rakhi,RK2233,0
350,rakhi,RK2233,0
396,rakhi,RK2233,0
397,rakhi,RK2233,0
398,rakhi,RK2233,0
399,rakhi,RK2233,0
400,rakhi,RK2233,0
401,rakhi,RK2233,0
402,rakhi,RK2233,0
403,rakhi,RK2233,0
553,rakhi,RK2233,0
554,rakhi,RK2233,0
555,rakhi,RK2233,0
556,rakhi,RK2233,0
557,rakhi,RK2233,0
558,rakhi,RK2233,0
559,rakhi,RK2233,0
560,rakhi,RK2233,0
407,rakhi,RK2233,0
334,rakhi,RK2233,0
338,rakhi,RK2233,0
345,rakhi,RK2234,0
366,rakhi,RK2234,0
355,rakhi,RK2234,0
364,rakhi,RK2234,0
349,rakhi,RK2234,0
455,rakhi,RK2234,0
351,rakhi,RK2234,0
347,rakhi,RK2234,0
456,rakhi,RK2234,0
358,rakhi,RK2234,0
356,rakhi,RK2234,0
352,rakhi,RK2234,0
457,rakhi,RK2234,0
365,rakhi,RK2234,0
458,rakhi,RK2234,0
353,rakhi,RK2234,0
354,rakhi,RK2234,0
348,rakhi,RK2234,0
357,rakhi,RK2234,0
350,rakhi,RK2234,0
396,rakhi,RK2234,0
397,rakhi,RK2234,0
398,rakhi,RK2234,0
399,rakhi,RK2234,0
400,rakhi,RK2234,0
401,rakhi,RK2234,0
402,rakhi,RK2234,0
403,rakhi,RK2234,0
553,rakhi,RK2234,0
554,rakhi,RK2234,0
555,rakhi,RK2234,0
556,rakhi,RK2234,0
557,rakhi,RK2234,0
558,rakhi,RK2234,0
559,rakhi,RK2234,0
560,rakhi,RK2234,0
334,rakhi,RK2234,0
435,rakhi,RK2234,0
345,rakhi,RK2235,0
346,rakhi,RK2235,0
366,rakhi,RK2235,0
355,rakhi,RK2235,0
364,rakhi,RK2235,0
349,rakhi,RK2235,0
455,rakhi,RK2235,0
351,rakhi,RK2235,0
347,rakhi,RK2235,0
456,rakhi,RK2235,0
358,rakhi,RK2235,0
356,rakhi,RK2235,0
352,rakhi,RK2235,0
457,rakhi,RK2235,0
365,rakhi,RK2235,0
458,rakhi,RK2235,0
353,rakhi,RK2235,0
354,rakhi,RK2235,0
348,rakhi,RK2235,0
357,rakhi,RK2235,0
350,rakhi,RK2235,0
396,rakhi,RK2235,0
397,rakhi,RK2235,0
398,rakhi,RK2235,0
399,rakhi,RK2235,0
400,rakhi,RK2235,0
401,rakhi,RK2235,0
402,rakhi,RK2235,0
403,rakhi,RK2235,0
553,rakhi,RK2235,0
554,rakhi,RK2235,0
555,rakhi,RK2235,0
556,rakhi,RK2235,0
557,rakhi,RK2235,0
558,rakhi,RK2235,0
559,rakhi,RK2235,0
560,rakhi,RK2235,0
407,rakhi,RK2235,0
331,rakhi,RK2235,0
333,rakhi,RK2235,0
338,rakhi,RK2235,0
345,rakhi,RK2236,0
346,rakhi,RK2236,0
366,rakhi,RK2236,0
355,rakhi,RK2236,0
364,rakhi,RK2236,0
349,rakhi,RK2236,0
455,rakhi,RK2236,0
351,rakhi,RK2236,0
347,rakhi,RK2236,0
456,rakhi,RK2236,0
358,rakhi,RK2236,0
356,rakhi,RK2236,0
352,rakhi,RK2236,0
457,rakhi,RK2236,0
365,rakhi,RK2236,0
458,rakhi,RK2236,0
353,rakhi,RK2236,0
354,rakhi,RK2236,0
348,rakhi,RK2236,0
357,rakhi,RK2236,0
350,rakhi,RK2236,0
396,rakhi,RK2236,0
397,rakhi,RK2236,0
398,rakhi,RK2236,0
399,rakhi,RK2236,0
400,rakhi,RK2236,0
401,rakhi,RK2236,0
402,rakhi,RK2236,0
403,rakhi,RK2236,0
553,rakhi,RK2236,0
554,rakhi,RK2236,0
555,rakhi,RK2236,0
556,rakhi,RK2236,0
557,rakhi,RK2236,0
558,rakhi,RK2236,0
559,rakhi,RK2236,0
560,rakhi,RK2236,0
407,rakhi,RK2236,0
333,rakhi,RK2236,0
338,rakhi,RK2236,0
345,rakhi,RK2237,0
346,rakhi,RK2237,0
366,rakhi,RK2237,0
355,rakhi,RK2237,0
364,rakhi,RK2237,0
349,rakhi,RK2237,0
455,rakhi,RK2237,0
351,rakhi,RK2237,0
347,rakhi,RK2237,0
456,rakhi,RK2237,0
358,rakhi,RK2237,0
356,rakhi,RK2237,0
352,rakhi,RK2237,0
457,rakhi,RK2237,0
365,rakhi,RK2237,0
458,rakhi,RK2237,0
353,rakhi,RK2237,0
354,rakhi,RK2237,0
348,rakhi,RK2237,0
357,rakhi,RK2237,0
350,rakhi,RK2237,0
396,rakhi,RK2237,0
397,rakhi,RK2237,0
398,rakhi,RK2237,0
399,rakhi,RK2237,0
400,rakhi,RK2237,0
401,rakhi,RK2237,0
402,rakhi,RK2237,0
403,rakhi,RK2237,0
553,rakhi,RK2237,0
554,rakhi,RK2237,0
555,rakhi,RK2237,0
556,rakhi,RK2237,0
557,rakhi,RK2237,0
558,rakhi,RK2237,0
559,rakhi,RK2237,0
560,rakhi,RK2237,0
407,rakhi,RK2237,0
333,rakhi,RK2237,0
345,rakhi,RK2238,0
346,rakhi,RK2238,0
366,rakhi,RK2238,0
355,rakhi,RK2238,0
364,rakhi,RK2238,0
349,rakhi,RK2238,0
455,rakhi,RK2238,0
351,rakhi,RK2238,0
347,rakhi,RK2238,0
456,rakhi,RK2238,0
358,rakhi,RK2238,0
356,rakhi,RK2238,0
352,rakhi,RK2238,0
457,rakhi,RK2238,0
365,rakhi,RK2238,0
458,rakhi,RK2238,0
353,rakhi,RK2238,0
354,rakhi,RK2238,0
348,rakhi,RK2238,0
357,rakhi,RK2238,0
350,rakhi,RK2238,0
396,rakhi,RK2238,0
397,rakhi,RK2238,0
398,rakhi,RK2238,0
399,rakhi,RK2238,0
400,rakhi,RK2238,0
401,rakhi,RK2238,0
402,rakhi,RK2238,0
403,rakhi,RK2238,0
553,rakhi,RK2238,0
554,rakhi,RK2238,0
555,rakhi,RK2238,0
556,rakhi,RK2238,0
557,rakhi,RK2238,0
558,rakhi,RK2238,0
559,rakhi,RK2238,0
560,rakhi,RK2238,0
407,rakhi,RK2238,0
343,rakhi,RK2239,0
366,rakhi,RK2239,0
355,rakhi,RK2239,0
364,rakhi,RK2239,0
349,rakhi,RK2239,0
455,rakhi,RK2239,0
351,rakhi,RK2239,0
347,rakhi,RK2239,0
456,rakhi,RK2239,0
358,rakhi,RK2239,0
356,rakhi,RK2239,0
352,rakhi,RK2239,0
457,rakhi,RK2239,0
365,rakhi,RK2239,0
458,rakhi,RK2239,0
353,rakhi,RK2239,0
354,rakhi,RK2239,0
348,rakhi,RK2239,0
357,rakhi,RK2239,0
350,rakhi,RK2239,0
396,rakhi,RK2239,0
397,rakhi,RK2239,0
398,rakhi,RK2239,0
399,rakhi,RK2239,0
400,rakhi,RK2239,0
401,rakhi,RK2239,0
402,rakhi,RK2239,0
403,rakhi,RK2239,0
553,rakhi,RK2239,0
554,rakhi,RK2239,0
555,rakhi,RK2239,0
556,rakhi,RK2239,0
557,rakhi,RK2239,0
558,rakhi,RK2239,0
559,rakhi,RK2239,0
560,rakhi,RK2239,0
344,rakhi,RK2239,0
345,rakhi,RK2240,0
343,rakhi,RK2240,0
366,rakhi,RK2240,0
355,rakhi,RK2240,0
364,rakhi,RK2240,0
349,rakhi,RK2240,0
455,rakhi,RK2240,0
351,rakhi,RK2240,0
347,rakhi,RK2240,0
456,rakhi,RK2240,0
358,rakhi,RK2240,0
356,rakhi,RK2240,0
352,rakhi,RK2240,0
457,rakhi,RK2240,0
365,rakhi,RK2240,0
458,rakhi,RK2240,0
353,rakhi,RK2240,0
354,rakhi,RK2240,0
348,rakhi,RK2240,0
357,rakhi,RK2240,0
350,rakhi,RK2240,0
396,rakhi,RK2240,0
397,rakhi,RK2240,0
398,rakhi,RK2240,0
399,rakhi,RK2240,0
400,rakhi,RK2240,0
401,rakhi,RK2240,0
402,rakhi,RK2240,0
403,rakhi,RK2240,0
553,rakhi,RK2240,0
554,rakhi,RK2240,0
555,rakhi,RK2240,0
556,rakhi,RK2240,0
557,rakhi,RK2240,0
558,rakhi,RK2240,0
559,rakhi,RK2240,0
560,rakhi,RK2240,0
436,rakhi,RK2240,0
345,rakhi,RK2241,0
366,rakhi,RK2241,0
355,rakhi,RK2241,0
364,rakhi,RK2241,0
349,rakhi,RK2241,0
455,rakhi,RK2241,0
351,rakhi,RK2241,0
347,rakhi,RK2241,0
456,rakhi,RK2241,0
358,rakhi,RK2241,0
356,rakhi,RK2241,0
352,rakhi,RK2241,0
457,rakhi,RK2241,0
365,rakhi,RK2241,0
458,rakhi,RK2241,0
353,rakhi,RK2241,0
354,rakhi,RK2241,0
348,rakhi,RK2241,0
357,rakhi,RK2241,0
350,rakhi,RK2241,0
396,rakhi,RK2241,0
397,rakhi,RK2241,0
398,rakhi,RK2241,0
399,rakhi,RK2241,0
400,rakhi,RK2241,0
401,rakhi,RK2241,0
402,rakhi,RK2241,0
403,rakhi,RK2241,0
553,rakhi,RK2241,0
554,rakhi,RK2241,0
555,rakhi,RK2241,0
556,rakhi,RK2241,0
557,rakhi,RK2241,0
558,rakhi,RK2241,0
559,rakhi,RK2241,0
560,rakhi,RK2241,0
436,rakhi,RK2241,0
343,rakhi,RK2242,0
366,rakhi,RK2242,0
355,rakhi,RK2242,0
364,rakhi,RK2242,0
349,rakhi,RK2242,0
455,rakhi,RK2242,0
351,rakhi,RK2242,0
347,rakhi,RK2242,0
456,rakhi,RK2242,0
358,rakhi,RK2242,0
356,rakhi,RK2242,0
352,rakhi,RK2242,0
457,rakhi,RK2242,0
365,rakhi,RK2242,0
458,rakhi,RK2242,0
353,rakhi,RK2242,0
354,rakhi,RK2242,0
348,rakhi,RK2242,0
357,rakhi,RK2242,0
350,rakhi,RK2242,0
396,rakhi,RK2242,0
397,rakhi,RK2242,0
398,rakhi,RK2242,0
399,rakhi,RK2242,0
400,rakhi,RK2242,0
401,rakhi,RK2242,0
402,rakhi,RK2242,0
403,rakhi,RK2242,0
553,rakhi,RK2242,0
554,rakhi,RK2242,0
555,rakhi,RK2242,0
556,rakhi,RK2242,0
557,rakhi,RK2242,0
558,rakhi,RK2242,0
559,rakhi,RK2242,0
560,rakhi,RK2242,0
436,rakhi,RK2242,0
345,rakhi,RK2243,0
366,rakhi,RK2243,0
355,rakhi,RK2243,0
364,rakhi,RK2243,0
349,rakhi,RK2243,0
455,rakhi,RK2243,0
351,rakhi,RK2243,0
347,rakhi,RK2243,0
456,rakhi,RK2243,0
358,rakhi,RK2243,0
356,rakhi,RK2243,0
352,rakhi,RK2243,0
457,rakhi,RK2243,0
365,rakhi,RK2243,0
458,rakhi,RK2243,0
353,rakhi,RK2243,0
354,rakhi,RK2243,0
348,rakhi,RK2243,0
357,rakhi,RK2243,0
350,rakhi,RK2243,0
396,rakhi,RK2243,0
397,rakhi,RK2243,0
398,rakhi,RK2243,0
399,rakhi,RK2243,0
400,rakhi,RK2243,0
401,rakhi,RK2243,0
402,rakhi,RK2243,0
403,rakhi,RK2243,0
553,rakhi,RK2243,0
554,rakhi,RK2243,0
555,rakhi,RK2243,0
556,rakhi,RK2243,0
557,rakhi,RK2243,0
558,rakhi,RK2243,0
559,rakhi,RK2243,0
560,rakhi,RK2243,0
436,rakhi,RK2243,0
345,rakhi,RK2244,0
366,rakhi,RK2244,0
355,rakhi,RK2244,0
364,rakhi,RK2244,0
349,rakhi,RK2244,0
455,rakhi,RK2244,0
351,rakhi,RK2244,0
347,rakhi,RK2244,0
456,rakhi,RK2244,0
358,rakhi,RK2244,0
356,rakhi,RK2244,0
352,rakhi,RK2244,0
457,rakhi,RK2244,0
365,rakhi,RK2244,0
458,rakhi,RK2244,0
353,rakhi,RK2244,0
354,rakhi,RK2244,0
348,rakhi,RK2244,0
357,rakhi,RK2244,0
350,rakhi,RK2244,0
396,rakhi,RK2244,0
397,rakhi,RK2244,0
398,rakhi,RK2244,0
399,rakhi,RK2244,0
400,rakhi,RK2244,0
401,rakhi,RK2244,0
402,rakhi,RK2244,0
403,rakhi,RK2244,0
553,rakhi,RK2244,0
554,rakhi,RK2244,0
555,rakhi,RK2244,0
556,rakhi,RK2244,0
557,rakhi,RK2244,0
558,rakhi,RK2244,0
559,rakhi,RK2244,0
560,rakhi,RK2244,0
411,rakhi,RK2244,0
343,rakhi,RK2245,0
366,rakhi,RK2245,0
355,rakhi,RK2245,0
364,rakhi,RK2245,0
349,rakhi,RK2245,0
455,rakhi,RK2245,0
351,rakhi,RK2245,0
347,rakhi,RK2245,0
456,rakhi,RK2245,0
358,rakhi,RK2245,0
356,rakhi,RK2245,0
352,rakhi,RK2245,0
457,rakhi,RK2245,0
365,rakhi,RK2245,0
458,rakhi,RK2245,0
353,rakhi,RK2245,0
354,rakhi,RK2245,0
348,rakhi,RK2245,0
357,rakhi,RK2245,0
350,rakhi,RK2245,0
396,rakhi,RK2245,0
397,rakhi,RK2245,0
398,rakhi,RK2245,0
399,rakhi,RK2245,0
400,rakhi,RK2245,0
401,rakhi,RK2245,0
402,rakhi,RK2245,0
403,rakhi,RK2245,0
553,rakhi,RK2245,0
554,rakhi,RK2245,0
555,rakhi,RK2245,0
556,rakhi,RK2245,0
557,rakhi,RK2245,0
558,rakhi,RK2245,0
559,rakhi,RK2245,0
560,rakhi,RK2245,0
411,rakhi,RK2245,0
345,rakhi,RK2246,0
366,rakhi,RK2246,0
355,rakhi,RK2246,0
364,rakhi,RK2246,0
349,rakhi,RK2246,0
455,rakhi,RK2246,0
351,rakhi,RK2246,0
347,rakhi,RK2246,0
456,rakhi,RK2246,0
358,rakhi,RK2246,0
356,rakhi,RK2246,0
352,rakhi,RK2246,0
457,rakhi,RK2246,0
365,rakhi,RK2246,0
458,rakhi,RK2246,0
353,rakhi,RK2246,0
354,rakhi,RK2246,0
348,rakhi,RK2246,0
357,rakhi,RK2246,0
350,rakhi,RK2246,0
396,rakhi,RK2246,0
397,rakhi,RK2246,0
398,rakhi,RK2246,0
399,rakhi,RK2246,0
400,rakhi,RK2246,0
401,rakhi,RK2246,0
402,rakhi,RK2246,0
403,rakhi,RK2246,0
553,rakhi,RK2246,0
554,rakhi,RK2246,0
555,rakhi,RK2246,0
556,rakhi,RK2246,0
557,rakhi,RK2246,0
558,rakhi,RK2246,0
559,rakhi,RK2246,0
560,rakhi,RK2246,0
411,rakhi,RK2246,0
345,rakhi,RK2247,0
343,rakhi,RK2247,0
366,rakhi,RK2247,0
355,rakhi,RK2247,0
364,rakhi,RK2247,0
349,rakhi,RK2247,0
455,rakhi,RK2247,0
351,rakhi,RK2247,0
347,rakhi,RK2247,0
456,rakhi,RK2247,0
358,rakhi,RK2247,0
356,rakhi,RK2247,0
352,rakhi,RK2247,0
457,rakhi,RK2247,0
365,rakhi,RK2247,0
458,rakhi,RK2247,0
353,rakhi,RK2247,0
354,rakhi,RK2247,0
348,rakhi,RK2247,0
357,rakhi,RK2247,0
350,rakhi,RK2247,0
396,rakhi,RK2247,0
397,rakhi,RK2247,0
398,rakhi,RK2247,0
399,rakhi,RK2247,0
400,rakhi,RK2247,0
401,rakhi,RK2247,0
402,rakhi,RK2247,0
403,rakhi,RK2247,0
553,rakhi,RK2247,0
554,rakhi,RK2247,0
555,rakhi,RK2247,0
556,rakhi,RK2247,0
557,rakhi,RK2247,0
558,rakhi,RK2247,0
559,rakhi,RK2247,0
560,rakhi,RK2247,0
411,rakhi,RK2247,0
345,rakhi,RK2248,0
343,rakhi,RK2248,0
366,rakhi,RK2248,0
355,rakhi,RK2248,0
364,rakhi,RK2248,0
349,rakhi,RK2248,0
455,rakhi,RK2248,0
351,rakhi,RK2248,0
347,rakhi,RK2248,0
456,rakhi,RK2248,0
358,rakhi,RK2248,0
356,rakhi,RK2248,0
352,rakhi,RK2248,0
457,rakhi,RK2248,0
365,rakhi,RK2248,0
458,rakhi,RK2248,0
353,rakhi,RK2248,0
354,rakhi,RK2248,0
348,rakhi,RK2248,0
357,rakhi,RK2248,0
350,rakhi,RK2248,0
396,rakhi,RK2248,0
397,rakhi,RK2248,0
398,rakhi,RK2248,0
399,rakhi,RK2248,0
400,rakhi,RK2248,0
401,rakhi,RK2248,0
402,rakhi,RK2248,0
403,rakhi,RK2248,0
553,rakhi,RK2248,0
554,rakhi,RK2248,0
555,rakhi,RK2248,0
556,rakhi,RK2248,0
557,rakhi,RK2248,0
558,rakhi,RK2248,0
559,rakhi,RK2248,0
560,rakhi,RK2248,0
411,rakhi,RK2248,0
436,rakhi,RK2248,0
343,rakhi,RK2249,0
366,rakhi,RK2249,0
355,rakhi,RK2249,0
364,rakhi,RK2249,0
349,rakhi,RK2249,0
455,rakhi,RK2249,0
351,rakhi,RK2249,0
347,rakhi,RK2249,0
456,rakhi,RK2249,0
358,rakhi,RK2249,0
356,rakhi,RK2249,0
352,rakhi,RK2249,0
457,rakhi,RK2249,0
365,rakhi,RK2249,0
458,rakhi,RK2249,0
353,rakhi,RK2249,0
354,rakhi,RK2249,0
348,rakhi,RK2249,0
357,rakhi,RK2249,0
350,rakhi,RK2249,0
396,rakhi,RK2249,0
397,rakhi,RK2249,0
398,rakhi,RK2249,0
399,rakhi,RK2249,0
400,rakhi,RK2249,0
401,rakhi,RK2249,0
402,rakhi,RK2249,0
403,rakhi,RK2249,0
553,rakhi,RK2249,0
554,rakhi,RK2249,0
555,rakhi,RK2249,0
556,rakhi,RK2249,0
557,rakhi,RK2249,0
558,rakhi,RK2249,0
559,rakhi,RK2249,0
560,rakhi,RK2249,0
411,rakhi,RK2249,0
436,rakhi,RK2249,0
345,rakhi,RK2250,0
366,rakhi,RK2250,0
355,rakhi,RK2250,0
364,rakhi,RK2250,0
349,rakhi,RK2250,0
455,rakhi,RK2250,0
351,rakhi,RK2250,0
347,rakhi,RK2250,0
456,rakhi,RK2250,0
358,rakhi,RK2250,0
356,rakhi,RK2250,0
352,rakhi,RK2250,0
457,rakhi,RK2250,0
365,rakhi,RK2250,0
458,rakhi,RK2250,0
353,rakhi,RK2250,0
354,rakhi,RK2250,0
348,rakhi,RK2250,0
357,rakhi,RK2250,0
350,rakhi,RK2250,0
396,rakhi,RK2250,0
397,rakhi,RK2250,0
398,rakhi,RK2250,0
399,rakhi,RK2250,0
400,rakhi,RK2250,0
401,rakhi,RK2250,0
402,rakhi,RK2250,0
403,rakhi,RK2250,0
553,rakhi,RK2250,0
554,rakhi,RK2250,0
555,rakhi,RK2250,0
556,rakhi,RK2250,0
557,rakhi,RK2250,0
558,rakhi,RK2250,0
559,rakhi,RK2250,0
560,rakhi,RK2250,0
411,rakhi,RK2250,0
436,rakhi,RK2250,0
345,rakhi,RK2251,0
366,rakhi,RK2251,0
355,rakhi,RK2251,0
364,rakhi,RK2251,0
349,rakhi,RK2251,0
455,rakhi,RK2251,0
351,rakhi,RK2251,0
347,rakhi,RK2251,0
456,rakhi,RK2251,0
358,rakhi,RK2251,0
356,rakhi,RK2251,0
352,rakhi,RK2251,0
457,rakhi,RK2251,0
365,rakhi,RK2251,0
458,rakhi,RK2251,0
353,rakhi,RK2251,0
354,rakhi,RK2251,0
348,rakhi,RK2251,0
357,rakhi,RK2251,0
350,rakhi,RK2251,0
396,rakhi,RK2251,0
397,rakhi,RK2251,0
398,rakhi,RK2251,0
399,rakhi,RK2251,0
400,rakhi,RK2251,0
401,rakhi,RK2251,0
402,rakhi,RK2251,0
403,rakhi,RK2251,0
553,rakhi,RK2251,0
554,rakhi,RK2251,0
555,rakhi,RK2251,0
556,rakhi,RK2251,0
557,rakhi,RK2251,0
558,rakhi,RK2251,0
559,rakhi,RK2251,0
560,rakhi,RK2251,0
411,rakhi,RK2251,0
436,rakhi,RK2251,0
345,rakhi,RK2206,0
366,rakhi,RK2206,0
355,rakhi,RK2206,0
364,rakhi,RK2206,0
349,rakhi,RK2206,0
455,rakhi,RK2206,0
351,rakhi,RK2206,0
347,rakhi,RK2206,0
456,rakhi,RK2206,0
358,rakhi,RK2206,0
356,rakhi,RK2206,0
352,rakhi,RK2206,0
457,rakhi,RK2206,0
365,rakhi,RK2206,0
458,rakhi,RK2206,0
353,rakhi,RK2206,0
354,rakhi,RK2206,0
348,rakhi,RK2206,0
357,rakhi,RK2206,0
350,rakhi,RK2206,0
396,rakhi,RK2206,0
397,rakhi,RK2206,0
398,rakhi,RK2206,0
399,rakhi,RK2206,0
400,rakhi,RK2206,0
401,rakhi,RK2206,0
402,rakhi,RK2206,0
403,rakhi,RK2206,0
553,rakhi,RK2206,0
554,rakhi,RK2206,0
555,rakhi,RK2206,0
556,rakhi,RK2206,0
557,rakhi,RK2206,0
558,rakhi,RK2206,0
559,rakhi,RK2206,0
560,rakhi,RK2206,0
491,rakhi,RK2206,0
345,rakhi,RK2207,0
366,rakhi,RK2207,0
355,rakhi,RK2207,0
364,rakhi,RK2207,0
349,rakhi,RK2207,0
455,rakhi,RK2207,0
351,rakhi,RK2207,0
347,rakhi,RK2207,0
456,rakhi,RK2207,0
358,rakhi,RK2207,0
356,rakhi,RK2207,0
352,rakhi,RK2207,0
457,rakhi,RK2207,0
365,rakhi,RK2207,0
458,rakhi,RK2207,0
353,rakhi,RK2207,0
354,rakhi,RK2207,0
348,rakhi,RK2207,0
357,rakhi,RK2207,0
350,rakhi,RK2207,0
396,rakhi,RK2207,0
397,rakhi,RK2207,0
398,rakhi,RK2207,0
399,rakhi,RK2207,0
400,rakhi,RK2207,0
401,rakhi,RK2207,0
402,rakhi,RK2207,0
403,rakhi,RK2207,0
553,rakhi,RK2207,0
554,rakhi,RK2207,0
555,rakhi,RK2207,0
556,rakhi,RK2207,0
557,rakhi,RK2207,0
558,rakhi,RK2207,0
559,rakhi,RK2207,0
560,rakhi,RK2207,0
491,rakhi,RK2207,0
345,rakhi,RK2208,0
366,rakhi,RK2208,0
355,rakhi,RK2208,0
364,rakhi,RK2208,0
349,rakhi,RK2208,0
455,rakhi,RK2208,0
351,rakhi,RK2208,0
347,rakhi,RK2208,0
456,rakhi,RK2208,0
358,rakhi,RK2208,0
356,rakhi,RK2208,0
352,rakhi,RK2208,0
457,rakhi,RK2208,0
365,rakhi,RK2208,0
458,rakhi,RK2208,0
353,rakhi,RK2208,0
354,rakhi,RK2208,0
348,rakhi,RK2208,0
357,rakhi,RK2208,0
350,rakhi,RK2208,0
396,rakhi,RK2208,0
397,rakhi,RK2208,0
398,rakhi,RK2208,0
399,rakhi,RK2208,0
400,rakhi,RK2208,0
401,rakhi,RK2208,0
402,rakhi,RK2208,0
403,rakhi,RK2208,0
553,rakhi,RK2208,0
554,rakhi,RK2208,0
555,rakhi,RK2208,0
556,rakhi,RK2208,0
557,rakhi,RK2208,0
558,rakhi,RK2208,0
559,rakhi,RK2208,0
560,rakhi,RK2208,0
491,rakhi,RK2208,0
345,rakhi,RK2209,0
366,rakhi,RK2209,0
355,rakhi,RK2209,0
364,rakhi,RK2209,0
349,rakhi,RK2209,0
455,rakhi,RK2209,0
351,rakhi,RK2209,0
347,rakhi,RK2209,0
456,rakhi,RK2209,0
358,rakhi,RK2209,0
356,rakhi,RK2209,0
352,rakhi,RK2209,0
457,rakhi,RK2209,0
365,rakhi,RK2209,0
458,rakhi,RK2209,0
353,rakhi,RK2209,0
354,rakhi,RK2209,0
348,rakhi,RK2209,0
357,rakhi,RK2209,0
350,rakhi,RK2209,0
396,rakhi,RK2209,0
397,rakhi,RK2209,0
398,rakhi,RK2209,0
399,rakhi,RK2209,0
400,rakhi,RK2209,0
401,rakhi,RK2209,0
402,rakhi,RK2209,0
403,rakhi,RK2209,0
553,rakhi,RK2209,0
554,rakhi,RK2209,0
555,rakhi,RK2209,0
556,rakhi,RK2209,0
557,rakhi,RK2209,0
558,rakhi,RK2209,0
559,rakhi,RK2209,0
560,rakhi,RK2209,0
491,rakhi,RK2209,0
345,rakhi,RK2210,0
366,rakhi,RK2210,0
355,rakhi,RK2210,0
364,rakhi,RK2210,0
349,rakhi,RK2210,0
455,rakhi,RK2210,0
351,rakhi,RK2210,0
347,rakhi,RK2210,0
456,rakhi,RK2210,0
358,rakhi,RK2210,0
356,rakhi,RK2210,0
352,rakhi,RK2210,0
457,rakhi,RK2210,0
365,rakhi,RK2210,0
458,rakhi,RK2210,0
353,rakhi,RK2210,0
354,rakhi,RK2210,0
348,rakhi,RK2210,0
357,rakhi,RK2210,0
350,rakhi,RK2210,0
396,rakhi,RK2210,0
397,rakhi,RK2210,0
398,rakhi,RK2210,0
399,rakhi,RK2210,0
400,rakhi,RK2210,0
401,rakhi,RK2210,0
402,rakhi,RK2210,0
403,rakhi,RK2210,0
553,rakhi,RK2210,0
554,rakhi,RK2210,0
555,rakhi,RK2210,0
556,rakhi,RK2210,0
557,rakhi,RK2210,0
558,rakhi,RK2210,0
559,rakhi,RK2210,0
560,rakhi,RK2210,0
491,rakhi,RK2210,0
345,rakhi,RK2211,0
366,rakhi,RK2211,0
355,rakhi,RK2211,0
364,rakhi,RK2211,0
349,rakhi,RK2211,0
455,rakhi,RK2211,0
351,rakhi,RK2211,0
347,rakhi,RK2211,0
456,rakhi,RK2211,0
358,rakhi,RK2211,0
356,rakhi,RK2211,0
352,rakhi,RK2211,0
457,rakhi,RK2211,0
365,rakhi,RK2211,0
458,rakhi,RK2211,0
353,rakhi,RK2211,0
354,rakhi,RK2211,0
348,rakhi,RK2211,0
357,rakhi,RK2211,0
350,rakhi,RK2211,0
396,rakhi,RK2211,0
397,rakhi,RK2211,0
398,rakhi,RK2211,0
399,rakhi,RK2211,0
400,rakhi,RK2211,0
401,rakhi,RK2211,0
402,rakhi,RK2211,0
403,rakhi,RK2211,0
553,rakhi,RK2211,0
554,rakhi,RK2211,0
555,rakhi,RK2211,0
556,rakhi,RK2211,0
557,rakhi,RK2211,0
558,rakhi,RK2211,0
559,rakhi,RK2211,0
560,rakhi,RK2211,0
491,rakhi,RK2211,0
345,rakhi,RK2212,0
366,rakhi,RK2212,0
355,rakhi,RK2212,0
364,rakhi,RK2212,0
349,rakhi,RK2212,0
455,rakhi,RK2212,0
351,rakhi,RK2212,0
347,rakhi,RK2212,0
456,rakhi,RK2212,0
358,rakhi,RK2212,0
356,rakhi,RK2212,0
352,rakhi,RK2212,0
457,rakhi,RK2212,0
365,rakhi,RK2212,0
458,rakhi,RK2212,0
353,rakhi,RK2212,0
354,rakhi,RK2212,0
348,rakhi,RK2212,0
357,rakhi,RK2212,0
350,rakhi,RK2212,0
396,rakhi,RK2212,0
397,rakhi,RK2212,0
398,rakhi,RK2212,0
399,rakhi,RK2212,0
400,rakhi,RK2212,0
401,rakhi,RK2212,0
402,rakhi,RK2212,0
403,rakhi,RK2212,0
553,rakhi,RK2212,0
554,rakhi,RK2212,0
555,rakhi,RK2212,0
556,rakhi,RK2212,0
557,rakhi,RK2212,0
558,rakhi,RK2212,0
559,rakhi,RK2212,0
560,rakhi,RK2212,0
491,rakhi,RK2212,0
345,rakhi,RK2213,0
366,rakhi,RK2213,0
355,rakhi,RK2213,0
364,rakhi,RK2213,0
349,rakhi,RK2213,0
455,rakhi,RK2213,0
351,rakhi,RK2213,0
347,rakhi,RK2213,0
456,rakhi,RK2213,0
358,rakhi,RK2213,0
356,rakhi,RK2213,0
352,rakhi,RK2213,0
457,rakhi,RK2213,0
365,rakhi,RK2213,0
458,rakhi,RK2213,0
353,rakhi,RK2213,0
354,rakhi,RK2213,0
348,rakhi,RK2213,0
357,rakhi,RK2213,0
350,rakhi,RK2213,0
396,rakhi,RK2213,0
397,rakhi,RK2213,0
398,rakhi,RK2213,0
399,rakhi,RK2213,0
400,rakhi,RK2213,0
401,rakhi,RK2213,0
402,rakhi,RK2213,0
403,rakhi,RK2213,0
553,rakhi,RK2213,0
554,rakhi,RK2213,0
555,rakhi,RK2213,0
556,rakhi,RK2213,0
557,rakhi,RK2213,0
558,rakhi,RK2213,0
559,rakhi,RK2213,0
560,rakhi,RK2213,0
345,rakhi,RK2214,0
329,rakhi,RK2214,0
343,rakhi,RK2214,0
366,rakhi,RK2214,0
355,rakhi,RK2214,0
364,rakhi,RK2214,0
349,rakhi,RK2214,0
455,rakhi,RK2214,0
351,rakhi,RK2214,0
347,rakhi,RK2214,0
456,rakhi,RK2214,0
358,rakhi,RK2214,0
356,rakhi,RK2214,0
352,rakhi,RK2214,0
457,rakhi,RK2214,0
365,rakhi,RK2214,0
458,rakhi,RK2214,0
353,rakhi,RK2214,0
354,rakhi,RK2214,0
348,rakhi,RK2214,0
357,rakhi,RK2214,0
350,rakhi,RK2214,0
396,rakhi,RK2214,0
397,rakhi,RK2214,0
398,rakhi,RK2214,0
399,rakhi,RK2214,0
400,rakhi,RK2214,0
401,rakhi,RK2214,0
402,rakhi,RK2214,0
403,rakhi,RK2214,0
553,rakhi,RK2214,0
554,rakhi,RK2214,0
555,rakhi,RK2214,0
556,rakhi,RK2214,0
557,rakhi,RK2214,0
558,rakhi,RK2214,0
559,rakhi,RK2214,0
560,rakhi,RK2214,0
