Category ID,Url,SKU Code,Sequence
210,rakhi,RK1025,1
210,rakhi,RK900,2
210,rakhi,RK111,3
210,rakhi,RK680,4
210,rakhi,RK396,5
210,rakhi,RK80,6
210,rakhi,RK1850,7
210,rakhi,RK589,8
210,rakhi,RK438,9
210,rakhi,RK1148,10
210,rakhi,RK539,11
210,rakhi,RK1027,12
210,rakhi,RK1142,13
210,rakhi,RK648,14
210,rakhi,RK671,15
210,rakhi,RK1639,16
210,rakhi,RK1085,17
210,rakhi,RK808,18
210,rakhi,RK1345,19
210,rakhi,RK1119,20
210,rakhi,RK1078,21
210,rakhi,RK1126,22
210,rakhi,RK1663,23
210,rakhi,RK1389,24
210,rakhi,RK1135,25
210,rakhi,RK130,26
210,rakhi,RK1083,27
210,rakhi,RK468,28
210,rakhi,RK869,29
210,rakhi,RK131,30
210,rakhi,RK146,31
210,rakhi,RK617,32
210,rakhi,RK398,33
210,rakhi,RK1348,34
210,rakhi,RK2052,35
210,rakhi,RK433,36
210,rakhi,RK854,37
210,rakhi,RK1136,38
210,rakhi,RK1887,39
210,rakhi,RK1625,40
210,rakhi,RK81,41
210,rakhi,RK1957,42
210,rakhi,RK14,43
210,rakhi,RK201,44
210,rakhi,RK455,45
210,rakhi,RK1978,46
210,rakhi,RK110,47
210,rakhi,RK351,48
210,rakhi,RK513,49
210,rakhi,RK1340,50
210,rakhi,RK1649,51
210,rakhi,RK1669,52
210,rakhi,RK771,53
210,rakhi,RK1360,54
210,rakhi,RK493,55
210,rakhi,RK905,56
210,rakhi,RK1766,57
210,rakhi,RK1646,58
210,rakhi,RK715,59
210,rakhi,RK1040,60
210,rakhi,RK526,61
210,rakhi,RK73,62
210,rakhi,RK757,63
210,rakhi,RK1664,64
210,rakhi,RK1084,65
210,rakhi,RK1139,66
210,rakhi,RK1713,67
210,rakhi,RK234,68
210,rakhi,RK1137,69
210,rakhi,RK1636,70
210,rakhi,RK1752,71
210,rakhi,RK1774,72
210,rakhi,RK859,73
210,rakhi,RK1238,74
210,rakhi,RK83,75
210,rakhi,RK849,76
210,rakhi,RK1841,77
210,rakhi,RK474,78
210,rakhi,RK995,79
210,rakhi,RK1127,80
210,rakhi,RK1875,81
210,rakhi,RK466,82
210,rakhi,RK69,83
210,rakhi,RK860,84
210,rakhi,RK1172,85
210,rakhi,RK196,86
210,rakhi,RK1249,87
210,rakhi,RK1402,88
210,rakhi,RK1693,89
210,rakhi,RK874,90
210,rakhi,RK1933,91
210,rakhi,RK264,92
210,rakhi,RK1228,93
210,rakhi,RK1954,94
210,rakhi,RK70,95
210,rakhi,RK948,96
210,rakhi,RK1190,97
210,rakhi,RK1940,98
210,rakhi,RK434,99
210,rakhi,RK840,100
210,rakhi,RK1914,101
210,rakhi,RK1255,102
210,rakhi,RK176,103
210,rakhi,RK1826,104
210,rakhi,RK1204,105
210,rakhi,RK1670,106
210,rakhi,RK1740,107
210,rakhi,RK719,108
210,rakhi,RK889,109
210,rakhi,RK970,110
210,rakhi,RK981,111
210,rakhi,RK1341,112
210,rakhi,RK79,113
210,rakhi,RK956,114
210,rakhi,RK1203,115
210,rakhi,RK1215,116
210,rakhi,RK1236,117
210,rakhi,RK1319,118
210,rakhi,RK1621,119
210,rakhi,RK1634,120
210,rakhi,RK1742,121
210,rakhi,RK1747,122
210,rakhi,RK1802,123
210,rakhi,RK1843,124
210,rakhi,RK887,125
210,rakhi,RK1608,126
210,rakhi,RK499,127
210,rakhi,RK1066,128
210,rakhi,RK1230,129
210,rakhi,RK1787,130
210,rakhi,RK1958,131
210,rakhi,RK2033,132
210,rakhi,RK2047,133
210,rakhi,RK985,134
210,rakhi,RK1859,135
210,rakhi,RK1917,136
210,rakhi,RK1919,137
210,rakhi,RK48,138
210,rakhi,RK72,139
210,rakhi,RK834,140
210,rakhi,RK966,141
210,rakhi,RK1150,142
210,rakhi,RK1258,143
210,rakhi,RK1309,144
210,rakhi,RK1622,145
210,rakhi,RK1793,146
210,rakhi,RK1852,147
210,rakhi,RK1892,148
210,rakhi,RK2006,149
210,rakhi,RK552,150
210,rakhi,RK57,151
210,rakhi,RK673,152
210,rakhi,RK796,153
210,rakhi,RK926,154
210,rakhi,RK1247,155
210,rakhi,RK1349,156
210,rakhi,RK1845,157
210,rakhi,RK2041,158
210,rakhi,RK250,159
210,rakhi,RK272,160
210,rakhi,RK733,161
210,rakhi,RK865,162
210,rakhi,RK894,163
210,rakhi,RK919,164
210,rakhi,RK921,165
210,rakhi,RK922,166
210,rakhi,RK968,167
210,rakhi,RK1143,168
210,rakhi,RK1191,169
210,rakhi,RK1214,170
210,rakhi,RK1220,171
210,rakhi,RK1223,172
210,rakhi,RK1355,173
210,rakhi,RK1382,174
210,rakhi,RK169,175
210,rakhi,RK1758,176
210,rakhi,RK1820,177
210,rakhi,RK1905,178
210,rakhi,RK1912,179
210,rakhi,RK1920,180
210,rakhi,RK1976,181
210,rakhi,RK2031,182
210,rakhi,RK271,183
210,rakhi,RK350,184
210,rakhi,RK645,185
210,rakhi,RK767,186
210,rakhi,RK940,187
210,rakhi,RK1104,188
210,rakhi,RK1128,189
210,rakhi,RK1226,190
210,rakhi,RK1227,191
210,rakhi,RK1266,192
210,rakhi,RK1643,193
210,rakhi,RK1711,194
210,rakhi,RK1741,195
210,rakhi,RK1864,196
210,rakhi,RK1998,197
210,rakhi,RK2035,198
210,rakhi,RK2053,199
210,rakhi,RK61,200
210,rakhi,RK620,201
210,rakhi,RK639,202
210,rakhi,RK924,203
210,rakhi,RK925,204
210,rakhi,RK929,205
210,rakhi,RK954,206
210,rakhi,RK1167,207
210,rakhi,RK1171,208
210,rakhi,RK1174,209
210,rakhi,RK1271,210
210,rakhi,RK1703,211
210,rakhi,RK1705,212
210,rakhi,RK1785,213
210,rakhi,RK1803,214
210,rakhi,RK1815,215
210,rakhi,RK1884,216
210,rakhi,RK1891,217
210,rakhi,RK1895,218
210,rakhi,RK2004,219
210,rakhi,RK2042,220
210,rakhi,RK372,221
210,rakhi,RK381,222
210,rakhi,RK60,223
210,rakhi,RK664,224
210,rakhi,RK828,225
210,rakhi,RK913,226
210,rakhi,RK923,227
210,rakhi,RK927,228
210,rakhi,RK930,229
210,rakhi,RK932,230
210,rakhi,RK936,231
210,rakhi,RK958,232
210,rakhi,RK1050,233
210,rakhi,RK1213,234
210,rakhi,RK1240,235
210,rakhi,RK1241,236
210,rakhi,RK1256,237
210,rakhi,RK1281,238
210,rakhi,RK1286,239
210,rakhi,RK1601,240
210,rakhi,RK1657,241
210,rakhi,RK1692,242
210,rakhi,RK1778,243
210,rakhi,RK1781,244
210,rakhi,RK1786,245
210,rakhi,RK1789,246
210,rakhi,RK1799,247
210,rakhi,RK1807,248
210,rakhi,RK1823,249
210,rakhi,RK1890,250
210,rakhi,RK1907,251
210,rakhi,RK1909,252
210,rakhi,RK1916,253
210,rakhi,RK1949,254
210,rakhi,RK1950,255
210,rakhi,RK2003,256
210,rakhi,RK2022,257
210,rakhi,RK2023,258
210,rakhi,RK236,259
210,rakhi,RK238,260
210,rakhi,RK354,261
210,rakhi,RK357,262
210,rakhi,RK53,263
210,rakhi,RK550,264
210,rakhi,RK613,265
210,rakhi,RK665,266
210,rakhi,RK75,267
210,rakhi,RK77,268
210,rakhi,RK864,269
210,rakhi,RK891,270
210,rakhi,RK906,271
210,rakhi,RK917,272
210,rakhi,RK920,273
210,rakhi,RK931,274
210,rakhi,RK934,275
210,rakhi,RK937,276
210,rakhi,RK973,277
210,rakhi,RK1012,278
210,rakhi,RK1026,279
210,rakhi,RK1079,280
210,rakhi,RK1162,281
210,rakhi,RK1168,282
210,rakhi,RK1202,283
210,rakhi,RK1210,284
210,rakhi,RK1216,285
210,rakhi,RK1218,286
210,rakhi,RK1237,287
210,rakhi,RK1259,288
210,rakhi,RK1278,289
210,rakhi,RK1287,290
210,rakhi,RK1351,291
210,rakhi,RK1354,292
210,rakhi,RK1405,293
210,rakhi,RK1600,294
210,rakhi,RK1609,295
210,rakhi,RK1616,296
210,rakhi,RK1618,297
210,rakhi,RK1655,298
210,rakhi,RK1672,299
210,rakhi,RK1676,300
210,rakhi,RK1682,301
210,rakhi,RK1695,302
210,rakhi,RK1750,303
210,rakhi,RK1788,304
210,rakhi,RK1792,305
210,rakhi,RK1814,306
210,rakhi,RK1882,307
210,rakhi,RK1915,308
210,rakhi,RK2011,309
210,rakhi,RK2020,310
210,rakhi,RK237,311
210,rakhi,RK355,312
210,rakhi,RK554,313
210,rakhi,RK643,314
210,rakhi,RK766,315
210,rakhi,RK819,316
210,rakhi,RK833,317
210,rakhi,RK838,318
210,rakhi,RK911,319
210,rakhi,RK935,320
210,rakhi,RK939,321
210,rakhi,RK951,322
210,rakhi,RK1022,323
210,rakhi,RK1061,324
210,rakhi,RK1161,325
210,rakhi,RK1211,326
210,rakhi,RK1212,327
210,rakhi,RK1251,328
210,rakhi,RK1257,329
210,rakhi,RK1264,330
210,rakhi,RK1265,331
210,rakhi,RK1267,332
210,rakhi,RK1268,333
210,rakhi,RK1275,334
210,rakhi,RK1290,335
210,rakhi,RK1366,336
210,rakhi,RK1644,337
210,rakhi,RK1673,338
210,rakhi,RK1694,339
210,rakhi,RK1712,340
210,rakhi,RK1716,341
210,rakhi,RK1717,342
210,rakhi,RK1720,343
210,rakhi,RK1724,344
210,rakhi,RK1756,345
210,rakhi,RK1757,346
210,rakhi,RK1770,347
210,rakhi,RK1795,348
210,rakhi,RK1797,349
210,rakhi,RK1816,350
210,rakhi,RK1819,351
210,rakhi,RK1821,352
210,rakhi,RK185,353
210,rakhi,RK1861,354
210,rakhi,RK1865,355
210,rakhi,RK1874,356
210,rakhi,RK1893,357
210,rakhi,RK1894,358
210,rakhi,RK1910,359
210,rakhi,RK1925,360
210,rakhi,RK1928,361
210,rakhi,RK1947,362
210,rakhi,RK1966,363
210,rakhi,RK2043,364
210,rakhi,RK2045,365
210,rakhi,RK227,366
210,rakhi,RK229,367
210,rakhi,RK248,368
210,rakhi,RK276,369
210,rakhi,RK303,370
210,rakhi,RK304,371
210,rakhi,RK345,372
210,rakhi,RK374,373
210,rakhi,RK380,374
210,rakhi,RK412,375
210,rakhi,RK441,376
210,rakhi,RK457,377
210,rakhi,RK484,378
210,rakhi,RK517,379
210,rakhi,RK582,380
210,rakhi,RK63,381
210,rakhi,RK663,382
210,rakhi,RK67,383
210,rakhi,RK722,384
210,rakhi,RK737,385
210,rakhi,RK773,386
210,rakhi,RK846,387
210,rakhi,RK918,388
210,rakhi,RK928,389
210,rakhi,RK957,390
210,rakhi,RK960,391
210,rakhi,RK961,392
210,rakhi,RK965,393
345,rakhi,RK1025,1
345,rakhi,RK396,2
345,rakhi,RK680,3
345,rakhi,RK900,4
345,rakhi,RK438,5
345,rakhi,RK539,6
345,rakhi,RK111,7
345,rakhi,RK1850,8
345,rakhi,RK80,9
345,rakhi,RK589,10
345,rakhi,RK1148,11
345,rakhi,RK1027,12
345,rakhi,RK1142,13
345,rakhi,RK648,14
345,rakhi,RK671,15
345,rakhi,RK1639,16
345,rakhi,RK1085,17
345,rakhi,RK808,18
345,rakhi,RK1345,19
345,rakhi,RK1119,20
345,rakhi,RK1078,21
345,rakhi,RK1126,22
345,rakhi,RK1663,23
345,rakhi,RK1389,24
345,rakhi,RK1135,25
345,rakhi,RK130,26
345,rakhi,RK1083,27
345,rakhi,RK468,28
345,rakhi,RK869,29
345,rakhi,RK131,30
345,rakhi,RK146,31
345,rakhi,RK617,32
345,rakhi,RK398,33
345,rakhi,RK1348,34
345,rakhi,RK2052,35
345,rakhi,RK433,36
345,rakhi,RK854,37
345,rakhi,RK1136,38
345,rakhi,RK1887,39
345,rakhi,RK1625,40
345,rakhi,RK81,41
345,rakhi,RK1957,42
345,rakhi,RK14,43
345,rakhi,RK201,44
345,rakhi,RK455,45
345,rakhi,RK1978,46
345,rakhi,RK110,47
345,rakhi,RK351,48
345,rakhi,RK513,49
345,rakhi,RK1340,50
345,rakhi,RK1649,51
345,rakhi,RK1669,52
345,rakhi,RK771,53
345,rakhi,RK1360,54
345,rakhi,RK493,55
345,rakhi,RK905,56
345,rakhi,RK1766,57
345,rakhi,RK1646,58
345,rakhi,RK715,59
345,rakhi,RK1040,60
345,rakhi,RK526,61
345,rakhi,RK73,62
345,rakhi,RK757,63
345,rakhi,RK1664,64
345,rakhi,RK1084,65
345,rakhi,RK1139,66
345,rakhi,RK1713,67
345,rakhi,RK234,68
345,rakhi,RK1137,69
345,rakhi,RK1636,70
345,rakhi,RK1752,71
345,rakhi,RK1774,72
345,rakhi,RK859,73
345,rakhi,RK1238,74
345,rakhi,RK83,75
345,rakhi,RK849,76
345,rakhi,RK1841,77
345,rakhi,RK474,78
345,rakhi,RK995,79
345,rakhi,RK1127,80
345,rakhi,RK1875,81
345,rakhi,RK466,82
345,rakhi,RK69,83
345,rakhi,RK860,84
345,rakhi,RK1172,85
345,rakhi,RK196,86
345,rakhi,RK1249,87
345,rakhi,RK1402,88
345,rakhi,RK1693,89
345,rakhi,RK874,90
345,rakhi,RK1933,91
345,rakhi,RK264,92
345,rakhi,RK1228,93
345,rakhi,RK1954,94
345,rakhi,RK70,95
345,rakhi,RK948,96
345,rakhi,RK1190,97
345,rakhi,RK1940,98
345,rakhi,RK434,99
345,rakhi,RK840,100
345,rakhi,RK1914,101
345,rakhi,RK1255,102
345,rakhi,RK176,103
345,rakhi,RK1826,104
345,rakhi,RK1204,105
345,rakhi,RK1670,106
345,rakhi,RK1740,107
345,rakhi,RK719,108
345,rakhi,RK889,109
345,rakhi,RK970,110
345,rakhi,RK981,111
345,rakhi,RK1341,112
345,rakhi,RK79,113
345,rakhi,RK956,114
345,rakhi,RK1203,115
345,rakhi,RK1215,116
345,rakhi,RK1236,117
345,rakhi,RK1319,118
345,rakhi,RK1621,119
345,rakhi,RK1634,120
345,rakhi,RK1742,121
345,rakhi,RK1747,122
345,rakhi,RK1802,123
345,rakhi,RK1843,124
345,rakhi,RK887,125
345,rakhi,RK1608,126
345,rakhi,RK499,127
345,rakhi,RK1066,128
345,rakhi,RK1230,129
345,rakhi,RK1787,130
345,rakhi,RK1958,131
345,rakhi,RK2033,132
345,rakhi,RK2047,133
345,rakhi,RK985,134
345,rakhi,RK1859,135
345,rakhi,RK1917,136
345,rakhi,RK1919,137
345,rakhi,RK48,138
345,rakhi,RK72,139
345,rakhi,RK834,140
345,rakhi,RK966,141
345,rakhi,RK1150,142
345,rakhi,RK1258,143
345,rakhi,RK1309,144
345,rakhi,RK1622,145
345,rakhi,RK1793,146
345,rakhi,RK1852,147
345,rakhi,RK1892,148
345,rakhi,RK2006,149
345,rakhi,RK552,150
345,rakhi,RK57,151
345,rakhi,RK673,152
345,rakhi,RK796,153
345,rakhi,RK926,154
345,rakhi,RK1247,155
345,rakhi,RK1349,156
345,rakhi,RK1845,157
345,rakhi,RK2041,158
345,rakhi,RK250,159
345,rakhi,RK272,160
345,rakhi,RK733,161
345,rakhi,RK865,162
345,rakhi,RK894,163
345,rakhi,RK919,164
345,rakhi,RK921,165
345,rakhi,RK922,166
345,rakhi,RK968,167
345,rakhi,RK1143,168
345,rakhi,RK1191,169
345,rakhi,RK1214,170
345,rakhi,RK1220,171
345,rakhi,RK1223,172
345,rakhi,RK1355,173
345,rakhi,RK1382,174
345,rakhi,RK169,175
345,rakhi,RK1758,176
345,rakhi,RK1820,177
345,rakhi,RK1905,178
345,rakhi,RK1912,179
345,rakhi,RK1920,180
345,rakhi,RK1976,181
345,rakhi,RK2031,182
345,rakhi,RK271,183
345,rakhi,RK350,184
345,rakhi,RK645,185
345,rakhi,RK767,186
345,rakhi,RK940,187
345,rakhi,RK1104,188
345,rakhi,RK1128,189
345,rakhi,RK1226,190
345,rakhi,RK1227,191
345,rakhi,RK1266,192
345,rakhi,RK1643,193
345,rakhi,RK1711,194
345,rakhi,RK1741,195
345,rakhi,RK1864,196
345,rakhi,RK1998,197
345,rakhi,RK2035,198
345,rakhi,RK2053,199
345,rakhi,RK61,200
345,rakhi,RK620,201
345,rakhi,RK639,202
345,rakhi,RK924,203
345,rakhi,RK925,204
345,rakhi,RK929,205
345,rakhi,RK954,206
345,rakhi,RK1167,207
345,rakhi,RK1171,208
345,rakhi,RK1174,209
345,rakhi,RK1271,210
345,rakhi,RK1703,211
345,rakhi,RK1705,212
345,rakhi,RK1785,213
345,rakhi,RK1803,214
345,rakhi,RK1815,215
345,rakhi,RK1884,216
345,rakhi,RK1891,217
345,rakhi,RK1895,218
345,rakhi,RK2004,219
345,rakhi,RK2042,220
345,rakhi,RK372,221
345,rakhi,RK381,222
345,rakhi,RK60,223
345,rakhi,RK664,224
345,rakhi,RK828,225
345,rakhi,RK913,226
345,rakhi,RK923,227
345,rakhi,RK927,228
345,rakhi,RK930,229
345,rakhi,RK932,230
345,rakhi,RK936,231
345,rakhi,RK958,232
345,rakhi,RK1050,233
345,rakhi,RK1213,234
345,rakhi,RK1240,235
345,rakhi,RK1241,236
345,rakhi,RK1256,237
345,rakhi,RK1281,238
345,rakhi,RK1286,239
345,rakhi,RK1601,240
345,rakhi,RK1657,241
345,rakhi,RK1692,242
345,rakhi,RK1778,243
345,rakhi,RK1781,244
345,rakhi,RK1786,245
345,rakhi,RK1789,246
345,rakhi,RK1799,247
345,rakhi,RK1807,248
345,rakhi,RK1823,249
345,rakhi,RK1890,250
345,rakhi,RK1907,251
345,rakhi,RK1909,252
345,rakhi,RK1916,253
345,rakhi,RK1949,254
345,rakhi,RK1950,255
345,rakhi,RK2003,256
345,rakhi,RK2022,257
345,rakhi,RK2023,258
345,rakhi,RK236,259
345,rakhi,RK238,260
345,rakhi,RK354,261
345,rakhi,RK357,262
345,rakhi,RK53,263
345,rakhi,RK550,264
345,rakhi,RK613,265
345,rakhi,RK665,266
345,rakhi,RK75,267
345,rakhi,RK77,268
345,rakhi,RK864,269
345,rakhi,RK891,270
345,rakhi,RK906,271
345,rakhi,RK917,272
345,rakhi,RK920,273
345,rakhi,RK931,274
345,rakhi,RK934,275
345,rakhi,RK937,276
345,rakhi,RK973,277
345,rakhi,RK1012,278
345,rakhi,RK1026,279
345,rakhi,RK1079,280
345,rakhi,RK1162,281
345,rakhi,RK1168,282
345,rakhi,RK1202,283
345,rakhi,RK1210,284
345,rakhi,RK1216,285
345,rakhi,RK1218,286
345,rakhi,RK1237,287
345,rakhi,RK1259,288
345,rakhi,RK1278,289
345,rakhi,RK1287,290
345,rakhi,RK1351,291
345,rakhi,RK1354,292
345,rakhi,RK1405,293
345,rakhi,RK1600,294
345,rakhi,RK1609,295
345,rakhi,RK1616,296
345,rakhi,RK1618,297
345,rakhi,RK1655,298
345,rakhi,RK1672,299
345,rakhi,RK1676,300
345,rakhi,RK1682,301
345,rakhi,RK1695,302
345,rakhi,RK1750,303
345,rakhi,RK1788,304
345,rakhi,RK1792,305
345,rakhi,RK1814,306
345,rakhi,RK1882,307
345,rakhi,RK1915,308
345,rakhi,RK2011,309
345,rakhi,RK2020,310
345,rakhi,RK237,311
345,rakhi,RK355,312
345,rakhi,RK554,313
345,rakhi,RK643,314
345,rakhi,RK766,315
345,rakhi,RK819,316
345,rakhi,RK833,317
345,rakhi,RK838,318
345,rakhi,RK911,319
345,rakhi,RK935,320
345,rakhi,RK939,321
345,rakhi,RK951,322
345,rakhi,RK1022,323
345,rakhi,RK1061,324
345,rakhi,RK1161,325
345,rakhi,RK1211,326
345,rakhi,RK1212,327
345,rakhi,RK1251,328
345,rakhi,RK1257,329
345,rakhi,RK1264,330
345,rakhi,RK1265,331
345,rakhi,RK1267,332
345,rakhi,RK1268,333
345,rakhi,RK1275,334
345,rakhi,RK1290,335
345,rakhi,RK1366,336
345,rakhi,RK1644,337
345,rakhi,RK1673,338
345,rakhi,RK1694,339
345,rakhi,RK1712,340
345,rakhi,RK1716,341
345,rakhi,RK1717,342
345,rakhi,RK1720,343
345,rakhi,RK1724,344
345,rakhi,RK1756,345
345,rakhi,RK1757,346
345,rakhi,RK1770,347
345,rakhi,RK1795,348
345,rakhi,RK1797,349
345,rakhi,RK1816,350
345,rakhi,RK1819,351
345,rakhi,RK1821,352
345,rakhi,RK185,353
345,rakhi,RK1861,354
345,rakhi,RK1865,355
345,rakhi,RK1874,356
345,rakhi,RK1893,357
345,rakhi,RK1894,358
345,rakhi,RK1910,359
345,rakhi,RK1925,360
345,rakhi,RK1928,361
345,rakhi,RK1947,362
345,rakhi,RK1966,363
345,rakhi,RK2043,364
345,rakhi,RK2045,365
345,rakhi,RK227,366
345,rakhi,RK229,367
345,rakhi,RK248,368
345,rakhi,RK276,369
345,rakhi,RK303,370
345,rakhi,RK304,371
345,rakhi,RK345,372
345,rakhi,RK374,373
345,rakhi,RK380,374
345,rakhi,RK412,375
345,rakhi,RK441,376
345,rakhi,RK457,377
345,rakhi,RK484,378
345,rakhi,RK517,379
345,rakhi,RK582,380
345,rakhi,RK63,381
345,rakhi,RK663,382
345,rakhi,RK67,383
345,rakhi,RK722,384
345,rakhi,RK737,385
345,rakhi,RK773,386
345,rakhi,RK846,387
345,rakhi,RK918,388
345,rakhi,RK928,389
345,rakhi,RK957,390
345,rakhi,RK960,391
345,rakhi,RK961,392
345,rakhi,RK965,393
