parent,category,desc
77,82,"<h2>Online Friendship day gifts, Flower and Chocolates</h2><p>Friendship Day celebrations take place on the first Sunday of August every year. Initially created by the greeting card industry, it has now grown gradually and gained popularity. Today Friendship Day is celebrated in large number of countries including India. On this day people celebrate the bonds of friendship and spend time with their friends and express love for them.  The occasion is usually marked by the exchange of gifts like Friendship Day flowers, cards, wrist bands and chocolates.</p><p>If you are searching for the perfect gifts for friendship day then our online portal will make a fine destination. We have an amazing and varied range of exclusive items meant just for the occasion. From friendship day chocolates to unique gift combos, our selection is sure to fulfill your desires.</p> <p>Cakes compliment any occasion and they are just ideal to add an air of celebrations. Percent your friends with our faboulous Triple Chocolate Cake 1kg and make their day.  Crafted from the finest chocolates by skilled bakers, this cake is an absolute favorite. Or try the amazing <a href=""/flowers-with-chocolates"">flower combos</a> to deliver a special message. You cannot ever go wrong with the Perfect Fulfillment combo which is a bunch of 8 Pink/blue <a href=""/orchids"">orchids</a> wrapped in paper packing and it comes along with a 500gm chocolate cake.Send friendship day gifts for your best friend online and have them delivered to a destination of your choice. We offer customized delivery services, and your gifts will reach their destinations intact and on time.</p>"
132,82,"<h2>Buy Romantic Gifts online</h2><p>Some things in life can never be explained especially emotions, they are the toughest part to handle and romance is one such emotion. Bookmyflowers have added a whole new meaning to romance by coming up with an array of online romantic gifts which gives the finest meaning to the expression of love. So be it your <a href=""/valentines-day/gifts"">lovely Valentine's Day</a> or Wedding Anniversary our connoisseurs have handpicked some of the best romantic gifts to woo your loved ones.</p> </br><p>You can easily buy and send a <a href=""/romantic/gifts"">romantic gift</a> which doesn't hurt your pocket and also ensures a timely delivery at your loved one's doorstep so that they can understand the importance they have in your heart. We have ample of choices to choose from so that you find the perfect gift for your loved ones. Our online delivery of romantic gifts will ensure that your love has no limits and it will keep increasing with passage of time.</p>"
110,82,"<h2>Buy Housewarming Gifts , Flowers and Cakes Online</h2><p>You home has the perfect reel of memories which as you roll down will never fail to gift you an emotion which is so true, so pure and so sweet that it will be missed badly in the years to come. You therefore knit and celebrate this beautiful web of memories through Housewarming. Get an online Housewarming gift to give a perfect start to your new life. Send a bunch of sparkling new flowers cuddled together with a ribbon which will spread warmth, togetherness and happiness in your home. These flowers are sure to liven up your living room and fill it with an unmatched freshness. </p></br><p>Bookmyflowers is known to have been blessed with the best Housewarming <a href=""/"">gifts and flowers online</a> that will celebrate the moment in the best way possible. We can also deliver Housewarming gifts at a time specified by you. The gifts are quite thoughtfully chosen by our connoisseurs so that it can exhibit the quantum of joy that you have in your hearts. </p>"
0,92,"<h2>Best Online Gift for Mom</h2><p>Mothers are the backbone of every family.  They were there for you in the thickest of times and when you need a shoulder to cry open.  Mothers always seem to know what you need even before you asked or wished, they are special.  It is time to show your appreciation for all the sacrifices she made with a gift that conveys your gratitude and love. A gift for mom is a special one and the choices to make can be rather difficult.</p></br><p>At Bookmyflowers we have an amazing array of the perfect birthday, anniversary and <a href=""/mothers-day/gifts"">Mother's day gifts</a> for mom ranging from the prettiest bouquet of flowers to amazing gift combos of chocolates and roses. Try the special Combo which is a bunch of 12 mix color roses with green fillers in a blue paper packing with 2 Cadbury chocolates and 200gms Ferrero Rocher chocolates. This will melt her heart just like the chocolates melt in the mouth. Or you can present her with the Simplicity, a bouquet of mixed Roses with green fillers wrapped in pink ribbon. It is the perfect way of expressing an everlasting love and a classic expression of affection! </p> </br><p>When it comes to anniversaries or if you are searching for a suitable gift for Mother's day, you are sure to find the right gifts here with our <a href=""/gifts-for-her"">unique gift ideas for women</a>. Just order them online and have them delivered to any destination of your choice. Bring a smile to the most important woman in your life</p>"
0,86,"<h2>Best Online gifts for Dad</h2><p>Fathers are just wonderful in a million different ways but we do not sing their praises as often as we should. There are plenty of reasons to thank him as he's the hero you need, and for always going the extra mile for you.  And what better way to express your gratitude then with special gifts for Dad. Yes, you can make your dad happy by giving him a unique gift that will bring a big smile on his face. At Bookmyflowers, we have for you an amazing range of the most suitable gifts for dad ranging from the prettiest bouquet of flowers to exotic <a href=""/fathers-day/gifts"">Father's day gift</a> combos. We have it all.</p> </br><p>Nothing conveys your love more than flowers, and roses are the way to one's heart. So gift your dad a Divine Style, which is a lovely Bunch of 12 Yellow and 10 White Roses with green fillers. Or opt for the Assorted Roses Bunch which is an absolute favourite! This bouquet is a hand-tied bunch of twenty Mix Roses, especially created to bring a delightful smile on your father's face. When it comes to special occasions and whether you checking out <a href=""/anniversary/gifts-for-him"">anniversary gifts for him</a> or looking for a unique present for his birthday, the Candles of Joy is a perfect arrangement. Your dad deserves a special treat on this special occasion, and with our range of assorted gift ideas for him you're sure to have the ideal present for the number one man at home.</p>"
0,78,"<h2>Send Gerbera Flower Arrangement Online</h2> <p> If your friend is going through the dullest moment of her life, brighten it up with this rainbow colored Gerberas. These brightly colored Gerberas symbolizes cheerfulness and is sure to illuminate the dullest of face within a snap of the finger. You can now buy these glamorous blooms from Bookmyflowers which can be an excellent gift on occasions like, &lsquo;Get Well Soon&rsquo;, &lsquo;<a href=""/thank-you/flowers"">Thank you</a>&rsquo; and  &rsquo;Birthdays. Order a bouquet of Gerbera flowers for your dear ones and enjoy the  cheerful expression on their face.</p> </br>  <p>If you feel that your dear one is  down with some illness these brightly colored Gerbera flower is sure to cure  half of it with its warm and vibrant colors of pink, orange, red, white and  more. This glamorous <a href=""/flower-arrangements"">flower arrangement</a> has been specially done by our florists which has been hand tied with all the love and affection.</p> </br>  <p>Geographical distance cannot  deter you from sending flowers as you can send them online. This warm and  stunning look of these Gerbera flowers is going to gift them a cheerful smile  and the deepest affliction you have toward them which is completely unmatched.With the strong logistical support that we have we can send online Gerberas in Mumbai, Pune. Bangalore, Hyderabad, Delhi, Chennai to your dear ones and make them feel that you can travel thousand miles to make their occasion ‘Picture Perfect'. We also ensure that all our gifts our timely delivered so that all your friends, families and relatives can rejoice and be a part of the celebration. Get an <a href=""/"">online delivery of flowers</a> such as Gerberas and make their day to be the most memorable one in their lives. If smile is what you want to gift Gerberas can be best pick for you.</p>"
0,116,"<h2>Mixed Flower Bouquet Online</h2> <p>Make  your dear one&rsquo;s life colorful with different flowers hand tied together to form  a bunch. These vibrant set of blooms are sure to gift a cheerful smile on your  dear one&rsquo;s face. For all such occasions we have mixed bouquets. The different  color flower will be indicative of different meaning and this is surely going  to make your loved feel that you have put a great deal of thought into it. This flower bunch is freshly wrapped to give you a feel as if they have been plucked  right from the garden to be <a href=""/"">sent a gift</a> to your loved ones.</p></br> <p>At  Bookmyflowers we can make a nice bunch or a <a href=""/flower-bouquets"">bouquet</a> of mixed flowers as per your instructions. The beautiful bunch can be made by  combining different flowers like Daisies, Tulips, Lilies, Roses and <a href=""/gerberas"">Gerberas</a> which  will make them look strikingly elegant. These set of mixed bouquet can be an  excellent gift on occasions like &lsquo;Get well soon, Thank you and Birthday.</p> </br><p> We  also ensure a timely delivery of all these mixed bunch of flowers so that they reach your  loved ones well on time. If you feel that you are too tired to visit a florist  you can order it online from your home</p>"
118,81,"<h2>Mother's Day Gift Hamper</h2>  <p>Your Mother is the one who has left no stone unturned to bless you with everything which is larger than life and now it is your turn. Send a colossal Mother's Day gift Hamper from Bookmyflowers and make her feel that every tiny effort she has put in making your life is and will always be worth appreciating. The Mother's Day gift hamper has everything to make the day a perfect one for her starting from a nice <a href=""/mothers-day/flowers"">bunch of Mother's day flowers</a> making you feel as if they have been just plucked from the gardens and it is beautifully complied with a box of chocolates and handmade cake.</p> </br>  <p>You can order it online and out gift messengers will ensure that they deliver the gift with the same amount of warmth as it would have been given by you, personally. You can also leave a secret message for her saying no matter whether you are near or far she will always be the best mom of the universe.</p>  "
2,125,"<h2>Personalized wedding anniversary gifts online in India</h2><p>For married couples,wedding/marriage anniversary is that time of the year when the couple will relive the moments they have spent together. It marks a commitment that the couple will keep and spend the rest of their lives together. It is also the time you would like to shower your partner with the personalized Wedding Anniversary Gifts. After all, presents and gifts for marriage anniversary are always special.You can order these perfect personalized <a href=""/anniversary/gifts-for-wife"">wedding anniversary gifts for wife</a> or husband with home delivery services in India from our online store.</p> </br><p>We at Bookmyflowers understand this. So, we bring to you a dazzling array of anniversary gifts to choose from and send them to your significant other. In order to buy Personalized <a href=""/anniversary/gifts"">Anniversary Gifts Online</a> India, we are the first and foremost company who will deliver your gift within a stipulated time. What's more, once you have selected the marriage anniversary gifts for wife or husband online, we will also gift pack it and send them to your partner. Our prices are some of the best in the market and when you are at our website, you wouldn't be surprised to see some of the best and largest collections of Wedding Anniversary Gifts Online India.</p>"
131,204,"<h2>Colorful and traditional Rakhi sets available online</h2><p>Raksha Bandhan is the festival that celebrates the lovely companion of a brother and a sister. With rakhi sets online available with us, you can have a tension free celebration. All you have to do is login to our website to place an order and the rakhis would be at your door step enhancing your happiness.</p><br><p>A brother dearly misses his sister when she is not around to celebrate the raksha bandhan festival with him. So, for those sisters who are away from their brothers, online shopping is the best option and you can send rakhi set online using our service. Our stock of rakhis are surely going to mesmerize you. Kundan rakhi, gold and silver rakhi, pearl rakhi, beaded rakhi, and stone rakhi are our USP. And when you select these rakhi sets for your brother, his happiness is surely going to be enhanced</p><br><p>Rakhi - be it simple one or the embellished one can be identified in our website and we are glad to let you know that in our gift combo segment you would get various rakhi sets. For those sister who have more than one brother, you can check out our <a href=""/rakhi/2-rakhi-sets"">set of 2 rakhis</a> and surprise your brothers. </p><br><h2>Various rakhi sets online to illuminate Raksha Bandhan</h2><p>Rakhi is the best time to cherish with your brothers and sisters and our rakhi sets are ready to make your celebration a happier one. A brother waits with bated breath for this season of rakhi when a sister ties a band of love on his wrist. A sister blesses her brother so that prosperity and happiness prevails in his life. Get to know about our various set of rakhis in our combo section. If you have more than one brother and cousin you can have the <a href=""/rakhi/3-rakhi-sets"">set of 3 rakhis</a> and wish them on this holy day.</p><br><p>For those families that are an extended one, get a <a href=""/rakhi/5-rakhi-sets"">set of 5 rakhis</a> and keep enjoying in this season of raksha bandhan</p><h2>Buy Rakhi sets for Rakshabandhan</h2><p>As kids we all have been always fighting for the best Rakhi to be tied on our wrist. Sometimes those trivial fights went on and on taking one complete day. For all those moments <a href=""/rakhi"">send online rakhi</a> sets from Bookmyflowers which will help in building love between your brother and sister. We have innumerable online Rakhi threads and designs to choose from starting from Mauli Rakhi, Silver, Designer Rakhi, Zardosi Rakhi and many more to choose from.</p></br><p>Our online Rakhi's come in sets of 2, 5 and 3 so that there is less fight and more love between your brothers. You can <a href=""/rakhi/sweets"">send Rakhi sweets</a> along with these online rakhi sets because it is the right time to sweeten up the occasion. All our Rakhi's have been designed quite beautifully and intricately to commence a relationship of strong and meaningful promise. Make your brother believe that behind those small trivial fights was quantum of love.</p></br><p>We are just tap of a button away, all you need to do is place the order online to buy rakhi sets and we will make sure that it is being delivered at your doorstep. All the online rakhi sets are available in different price range starting from being quite reasonably priced to the higher ones. You can now send Rakhi sets online  across the country from Pune to Mumbai, Delhi, Bangalore and many more to list down.</p>"
131,211,"<h2>Online pearl Rakhi for Raksha Bhandhan </h2><p>Embellish your ordinary looking Rakhi with a pearl on top to make it look more attractive and make your rakhi a little special for your Brother. At Bookmyflowers we have Rakhis which are being quite intricately designed to make it look both attractive and beautiful. Raksha Bandhan as a festival is like the strong bond which is shared with your brother where your brother promises you to stand by you through the toughest of times. You can send these online pearl Rakhi's to your elder brother who will be best suited for it.</p> </br> <p>All these Rakhi's are available at a reasonable price so that they are a little easy on your budget. Pearl Rakhi's are too exquisite to look at and you can couple it with <a href=""/rakhi/cakes"">Rakhi Cakes</a> or flowers so that you can sink your teeth into and enjoy each and every bite of the mouthwatering cake. You can buy an exquisite piece of jewelry for your sister to woo her on Raksha Bandhan as it will be the best gift for your sister.We assure to have a timely delivery of all your <a href=""/rakhi/gifts-for-sister"">Rakhi gifts to your sister</a> and brother so that you can enjoy and celebrate the moment with your friends and family. With the expertise in the logistical support that we have you can now deliver Rakhi gifts to Mumbai, Bangalore, Delhi and Chennai just to name a few.</p>"
131,94,"<h2>Fascinating Rakhi Gifts for Sister on Raksha Bandhan</h2><p>Who says that shopping for a girl is a difficult job? When you have logged into our website, you would be really impressed with the large stock that we have. Send rakhi gifts for sister selecting from our wide range of flowers, cakes, chocolates, and personalized gift items. If your sister loves to gorge on sweet dishes, you have a wonderful opportunity to get her an assortment of laddoos, rasgulla, gulab jamun, kaju Barfi, kaju roll, and kaju Katli. She would be very happy with this alluring gift galore that you have brought for her. Rakhi comes only once a year and you also have only one sister and therefore she is the only seeker of all your love and attention. </p><br><p>On the other hand if your brother and sister-in-law is away from you, you can have <a href=""/rakhi/bhaiya-bhabhi-rakhi"">rakhi for Bhaiya bhabhi</a> from our website. Along with rakhis, pick a flower bouquet and a sweet box as a nice combination for your brother and sister-in-law. In our tradition, we tie a rakhi on wrist of our bhabhi or sister-in-law, because it is a way of acknowledging her contribution in our family.</p><br><h2>Fabulous Return Gift for Sisters available in Bookmyflowers</h2><p>Raksha Bandhan that falls in the monsoon season allows the whole family to unite under one roof and enjoy fritters with tea. Generally, people end up spending at least one week in their ancestral home on any festival. Therefore, festivals are just an excuse of rejoicing together. Rakhi is one such get together time when a sister blesses her brother with a sacred thread and the brother has to get lovely gifts for sisters. To avoid any hassle you can get Rakhi Return Gifts for Sister Online with our website. Jewelry items along with personalized stuffs like coffee mugs, lamp shades, cushion, etc. are some of the gift options that you can shower on your darling sister.</p><br><p>When a sister-in-law enters our house, she instantly becomes a loyal friend to us. And rakhi festival allows us to celebrate our deep bond with her. <a href=""/rakhi/lumba-rakhi"">Lumba Rakhi for Bhabhi </a>is another benefit that you can get from our website and see the gorgeous smile on her face. She would be thrilled with the lumba rakhi for sure because our lumba rakhis are really embellished and looks quite royal.</p><br><p>Spend a lovely season of raksha bandhan with love and affection and ordering from our website. We would never let your expectations go down be it in terms of quality or speedy delivery.</p><br><h2>Online Rakhi Gifts for Sister</h2><p>She has been always yearning for a perfect gift on Rakhi and you have always denied her with the lamest of excuse possible. But now you can order the perfect <a href=""/rakhi"">Raksha Bandhan gifts</a> for your sister from Bookmyflowers, we have shortlisted only the best gifts available in the world and have chosen what she will like and fall in love with. You have countless Raksha Bandhan gifts to choose from <a href=""/rakhi/jewelry"">Rakhi jewelry</a>, chocolates, soft toys, personalized gifts and many more which can be ordered online.</p> </br><p>Jewelry and online personalized gifts will be like the best rakhi gift for sister on this Rakhi which can woo your sister and make her love you more and more. You can also send Rakhi flowers to your sister because flowers are like any girl's best friend. You can send them Rakhi online to any part of the country be it Delhi, Bangalore, Mumbai, Chennai and many more to list down.Order online Rakhi gift for sister at an affordable price range so that you can keep your sister happy and make her feel that despite all the pulling of hair and those trivial fights you still love her and will stand by her no matter what. It is time to make Rakhi special for her like never before and let it be the best day of her life.</p>"
0,174,"<h2>Put a smile by delivering Rakhi Gifts for Kids from Bookmyflowers</h2><br><p>It is not easy to please kids, you have to come up with something really interesting to put up a smile on their face. Understanding the interest of the kids, the online portal has also come up with a popular range of cartoon rakhi which will surely a big hit amongst most kids. You can buy kids rakhi online which has specifically designed cartoon characters such as Chhota Bheem Rakhi, Doraemon rakhi, Captain America Rakhi and other popular choices that we have with our online portal. If you are still looking for some more options, you can order homemade rakhis for kids which will be truly appreciated by your loved ones.</p><br><p>The online rakhi for kids that we have are available at different price range and can be delivered to the destination of your choice. The portal has also showcased many rakhi gift options too, you can shop for chocolate or sweet hamper which will turn out to be interesting return gifts for kids. Some of the popular international chocolates comprises of Ferrero Rocher, Toblerone, Snickers, Mars and Cadbury's which will be relished by the kids truly.</p><br><p>To avoid any confusion all the rakhi gifts for the kids are meticulously checked and then dispatched to the destination of your choice without any last minute hassle. Besides featuring amazing gift options for kids, the online portal has come up with a huge collection of <a href=""/rakhi-for-brother"">rakhi gift for brother</a> too. You can shop for interesting neck tie combos, sweet hamper and personalized gift items to take the celebration to the next level.</p><br><p>The festival is not only about brothers, how about buying an interesting piece as a <a href=""/rakhi/gifts-for-sister"">Rakshabandhan gift for sister</a>. You can buy some elegant jewellery which will be much appreciated by her. If you are worried about the delivery process, fret not, you can <a href=""/rakhi-to-delhi"">send rakhi to Delhi</a> or any other destination with absolute ease.</p><h2>Online Rakhi for Kids</h2><p>Kids can be a little finicky when it comes to choosing Rakhi for them. They are looking for something which is both eye catchy and will give them a celebrity feel. This Rakhi season <a href=""/rakhi"">send Rakhi online</a> from Bookmyflowers. We have some interesting range of Rakhis to choose from starting from Bal Ganesh, Angry Bird, Doraemon and Chhota Bheem Rakhi to make your brother yearn for it. You can also send <a href=""/rakhi/gift-hampers"">Rakhi gift Hamper</a> or Rakhi with dry fruits online which will enhance the   festivity of the occasion.</p> </br><p>All our Rakhis are quite reasonably priced and are beautifully hand wrapped so that when your brother opens it   he will be excited to see these eye catchy Rakhis being tied on his wrist. All you need to do is just place the order online we will make sure that the Rakhis are   delivered at your doorstep without an inch of delay. We understand the significance of both the occasion and time so that you can rejoice the occasion with your   friends, families and relatives.If you are not around we will make sure that the Rakhis reach you on time. With the strong online rakhi delivery service we will ensure that your Rakhi's reach to any part of the country be it Mumbai, Bangalore, Delhi, Pune Hyderabad and many more to list down. Occasions are what we understand and therefore we make sure that we deliver the best.</p>"
0,179,"<h2>Send Rakhi to Chennai</h2><p>You love your brother a lot but with time you have pulled apart thereby creating distances between the two of you. You so badly miss each other's company and the small little acts that you did together. With Bookmyflowers we have minimized the distance; you can now send rakhi to Chennai on this Raksha Bandhan to your brother who might be delighted to receive the Rakhi despite the distance.</p> </br><p>We have an array of other gifts which we have specially designed for Rakhi like <a href=""/rakhi/cakes"">Rakhi Cakes</a>, flowers and Rakhi hampers which you can send it online to give your brother a sweet surprise on the day of the occasion. Raksha Bandhan is like the purest form of festival that is being shared by a brother and a sister. With Bookmyflowers you can not only send Rakhi to Chennai but Pune, Allahabad, Jaipur, Gurgaon, Agra and many more to list down.If you think that it is too difficult for you to find a perfect gift for your brother or sister you can always <a href=""/rakhi/flowers"">send Rakhi flowers</a>, Cakes, Chocolates or anything else which are the most simple gifts suiting each and every occasion. All our <a href=""/"">online gift delivery</a> are made on time so that the essence of the festival is not lost and they have been all priced in a way that it fits into everyone's budget. So this Rakhsha Bandha no matter how far you are from your brother but with us you will be a lot closer to your Brother.</p></br><p>If nostalgia hovers on you because of your Brother being far away from you on a distant land  then Bookmyflowers have come up with a range of rakhi gifts in Chennai that are not only spectacular to look but have been quite thoughtfully and delicately designed.You can choose from the endless variety of designs that we have starting from Rudraksh, Pearl, Soan, Zardosi, Pearl and recently we have also included Lumba Rakhi which has been specially been designed for Bhaiya and Bhabhi, a tradition which is prevalent in Rajasthan. These Lumba Rakhis are made using some exclusive stones, making them look beautiful and elegant.</p></br><p>Online rakhi delivery in Chennai, Rakhi threads and the likes have made it easier to send products quite effortlessly. You can also use our custom delivery option, a feature which allows you to deliver online rakhi products the <a href=""/rakhi/same-day-delivery"">same day rakhi</a> or even dot at midnight.</p>"
0,180,"<h2>Send Rakhi to Hyderabad</h2><p>Send Rakhi to Hyderabad to your Brother who might be all alone this Raksha Bandhan because he is too tied down with   work. It is time to make him feel that no matter wherever you are, near or far but you wouldn't just let him feel sad this Raksha Bandhan. With Bookmyflowers you can   send Rakhi to Hyderabad within a blink of an eye. All the <a href=""/rakhi"">rakhi gifts</a> that are available online have been designed with a thought of the deepest sentiment which the festival evokes.Rakhi flowers and Cakes are the top most pick for a festival like Raksha Bandhan which can best suit the occasion. Contrarily you can also choose to order a box full of chocolates online or <a href=""/rakhi/gift-hampers"">online Rakhi gift hampers</a> to make the occasion livelier than ever before. Our unique set of online Rakhi's is surely going to dazzle you viz. Pearl Rakhi,<a href=""/rakhi/kundan-rakhi"">Kundan Rakhi</a>,  Mauli, Feng Shui Rakhi and many more to list down. We take a little pride in laying down the extravagant varieties of Rakhi that we have in our ambit.</p><p>Sending Rakhi to Hyderabad, Chennai, Delhi, Mumbai, Jaipur, Agra and many more is only a tap away. Our gifts have the range of both the highs and lows so that we have something for everyone to suit their budget. All you need to do is just order the perfect pick and we will be honored to be a part of such a ceremonious bond by getting the online delivery done.</p>"
0,70,"<h2>Send Flowers and Cake Online</h2> <p> There are times when your dear ones are mad at you for forgetting their most important day, you start feeling that you have lost them forever and you don&rsquo;t know how to win them back. For all such tough situations, a bunch of flower is not enough to spell its magic, so you think of sending both cake and flowers. At Bookmyflowers, we have trained specialists, our florists will choose the best flowers to express the feeling of love which will help in cooling them down and on the other hand our handmade cakes are sure to win their heart with its perfect aroma and fragrance that is surely going to leave them spell bound.</p> </br> <p> Our Flowers and cakes have the perfect blend of expressing the right emotion and bringing out the sweetness you have for your loved ones in your heart. No matter how annoyed they are, mere sight of our scrumptious cake with beautiful bunch of flowers is going to make them realize that how much you care for them.With Bookmyflowers you can <a href=""/cakes"">order cakes</a> and flowers online and get it delivered at their home. Surprise your loved ones with flowers and cake so that they know that even if you have forgotten their important day but as soon as your gift is delivered online they will feel the warmth and love you have for them in your heart.No matter how maddening it becomes but you still love her and you can't do without her.</p></br><p> So no matter what it takes you still will not miss a chance to win her back with our <a href=""/gifts"">online gifts delivery</a> services. So be it her <a href=""/birthday/gifts"">Birthday</a>, Anniversary, Valentine's Day or Women's day send her a perfect combo of flowers and cake online at your comfort. Cake will sweeten up the sour memories and flowers will freshen up the love that you have in your heart. Our half kg cakes and flower combo is the most ordered one and you cannot go wrong with this one, if you want her back.</p>"
0,72,"<h2>Send Flowers and Chocolates Online</h2><p>Glamorous looking flowers are sweetened up with premium quality chocolates. They just so beautifully complement each other that they become best gifts for almost every occasion be it Birthday, Anniversary, Valentine's Day or even <a href=""/mothers-day/gifts"">Mother's Day</a>. Our florists at Bookmyflowers choose just the farm fresh flowers to form a bunch which are then combined with mouth relishing chocolates.</p> </br><p>You have the freedom to choose from a wide variety of flowers that we have such as Roses, Gerberas, Lilies and Orchids to name a few and moreover they are made available at n affordable price. The chocolates are of the best quality making it melt in your mouth. You have the freedom to choose from one of the best combos that you like the most. You can send this flowers and <a href=""/chocolates"">chocolates online</a> to your dear ones and we assure you get a timely delivery of the same.</p>"
42,212,"<h2>Buy Diwali Diyas Online at best price</h2><p>Family reunions are an important feature of the Diwali celebration where people clean each and every corner of the home and surroundings. It is a festival which marks the return of Lord Rama from exile of 14 years which is why people light up diyas and candles for the occasion. Since Diwali is also popularly known as the festival of lights, hence you will see homes decorated with traditional Diwali diyas, diwali candles, lanterns and other home decorative items. So this festive season, gift your loved ones <strong>Diwali diyas online</strong> and make their occasion brighter.</p> </br><p>Our gift experts have come up with a range of ethnic decorative items such as sticker rangolis, bandhanwars and <a href=""/diwali/god-idols"">idols of Lakshmi and Ganesha</a> among others. Every Indian festival is complemented with mouth-watery sweets, you can go for our popular hampers which comprises of Kaju Katlis, Motichoor Laddoos, Soan Papdi, Gulab Jamuns and Rasgullas among others. You can also go for a combo of diya and <a href=""/diwali/sweets"">online diwali sweets</a> which has some premium quality sweets to satiate the taste of your loved ones. Chocolates have replaced traditional sweets in every festive season and therefore, at Bookmyflowers, we have several chocolate hampers which has many international branded sweets such as Ferrero Rocher, Snickers, Cadbury's and Toblerone among others.</p> </br><p>It is the brightest Hindu festival, so <strong>buy Diwali diyas online</strong> for your friends, families and relatives. You can also add a personalized touch to your cushions, mugs and photo frames to make it a perfect memorabilia for your loved ones. Convey your wishes for Diwali with a whole new range of fresh flowers bouquets. We have been known to deliver all our <a href=""/diwali/gifts"">online Diwali gifts</a> on time and in immaculate condition. Our years of experience makes us the trusted and opted brand in the industry. We have covered both national and overseas destinations, so now geographical distances will not be a hindrance in delivering love to your loved ones.</p> <h2>Buy Diwali Candles Online </h2><p>Festivals in India are celebrated with a lot of enthusiasm and joy. Diwali is one amongst those popularly celebrated festivals of the country. It is a festival which marks the return of Lord Rama to Ayodhaya after 14 years long exile. Therefore, homes are decorated with Diwali diyas and candles. For a celebration filled with fun and joy, Bookmyflowers has come with a whole new range of Diwali candles online. We have an array of designer candles which are surely going to beautify your homes. </p></br><p>We also have some unique lamps which are surely going to add that its own charm like the glass tea lights, vibrant latta balls and designer lanterns too. Give a traditional and ethnic look to your home with our <a href=""/diwali/home-decor"">Diwali decorative items</a> which features Bandhanwar, wall hanging and door hangings among others. Since the festival commences by offering prayers to the gods and goddess, hence we have even come up with beautifully decorated <a href=""/diwali/puja-thali"">Diwali Pooja Thali</a> which can be ideal gift to convey your wishes to your loved one. </p></br><p>If you are thinking hard to come up with an appropriate Diwali gift, you can even buy Diwali candles online or else go for an exclusive combo which are surely going to be a delightful gift for your loved ones. With Bookmyflowers, you can send Diwali gifts to India and worldwide with our strong logistical support. Our on-time delivery of gifts makes us the preferred brand in the industry.</p>"
145,76,"<h2>Buy Soft toys, Teddy Bears Online on Valentine's Day</h2><p>No matter how old they grow, girls are always filled with a childlike innocence at their heart. They can never say &lsquo;No&rsquo; to a  teddy bear. These cute little <strong>soft toys</strong> have an innate magic of hitting right at their heart. We at Bookmyflowers understand this and that is why we have a huge range of valentine teddy bears and <a href=""/valentines-day/gifts"">valentine gifts online</a> to win her heart. Let this <strong>Teddy Day</strong> be one its kind which she is going to cherish and will continue to cherish day after day. All you need is not just love but a cute Valentine Teddy bear to celebrate the perfect Teddy day.</p> <p>Valentine Teddy Bear are the cutest of the lot as they showcase all the love and romance in the most innocent way possible. You can easily buy these <strong>teddy bear online</strong> at Bookmyflowers and narrate a cute little romantic story of your own. Your sweetheart is definitely going to get sold at the mere sight of it and you can also combine these valentine teddy bears with valentine heart so that the combo looks all the more lovely to your loved ones. So come this teddy day don&rsquo;t just be confused order a teddy bear online from Bookmyflowers.</p> </br><h2>Order Valentine's Day Teddy Bears Online</h2><p>If you are the shy one and finding it hard to gather both courage and strength to express your love for the one you have a crush on, gift him these valentine teddy bear which will say it all. These teddies are considered to be the cute messengers of love which will do it just right. At Bookmyflowers, we have teddy bear of different sizes and colors which makes it the most ideal treat for your girlfriend on a Valentine's day.</p></br><p>If you have missed out on the occasion and you don't know how to apologize, it is best for you to go with our biggest valentine teddy and get it delivered with our same day delivery option. If this seems too less you can even accompany it with a bunch of red roses which will melt her heart and put up a gorgeous smile on her face. Our gift experts have also come up with some different combos and hampers which are not only sweet and cute but has everything your love would be looking forward to on Valentine's Day. If you have a crush on a girl, you can go for ‘Teddy Love Message' or maybe ‘Love teddy & chocolates' which are sure to score all major points.</p> </br><p>Our experts have handpicked some of the best quality of teddy bear to be given as <a href=""/teddy-day/gifts"">teddy day gift</a>. They have even experimented with the creativity by coming up with some interesting collection of gifts too, such as the “kissing booth” and “love cart” which will surely capture the perfect ‘aww' moment for your and will be the most suitable <a href=""/valentines-day/gifts-for-girlfriend"">valentine gifts for girlfriend</a>. </p> </br><p>Our inventory consists of an unending list of romantic valentine gifts which are curated with both love and affection for your girlfriend. You can send these valentine gifts with our express delivery services which allows you to send gifts quickly. We have gained experience by serving our customers for more than 20 years. Our timely delivery of gifts with the help of skilled and efficient team makes us the most preferred brand name in the industry. </p>"
0,29," <h2>Online cake delivery in Pune</h2><p>Bridge the geographical boundaries by being a part of every occasion with Bookmyflowers. We understand how your wife feels when her Birthday is around the corner in Pune and you are out on a business tour. Buy <strong>Pune Special Cake online</strong> for her by choosing the right flavor and delivering it at her doorstep, making her feel that even though you are not around but she still matters to you. You can get online cake delivery in Pune at midnight with our mid nigh cake delivery service in Pune. </p> </br> <p>Our special cakes have been baked to the right temperature so that they are just soft enough to make your wife feel that no amount of business meetings can let him forget you. You can order both egg and <a href=""/eggless-cakes"">eggless cakes online</a> and be assured that you will be getting a timely delivery of the Cake in Pune city. You can send special cakes like Designer and Photo Cakes or you can also choose from the usual favorites of Chocolate, Vanilla and Pineapple. Book your cake now to get online cake delivery in Pune at your place.</p> </br><p>Choose the one that best suits your taste and requirements, and place an order for online cake delivery in Pune. We guarantee your cake will reach you on-time and in the most pristine of conditions. When you arrange a cake delivery online in Pune through us, you have chosen for the best services available out there. Our delivery services are a byword in the industry and we also offer custom delivery services such as same-day delivery, fixed- time delivery and midnight delivery options.</p> </br><p>Cakes are also ideal for celebrations and events; they lend an air of festivity to any occasion. In fact, when it comes to celebrations, it would indeed be incomplete without cakes. So on the occasions of a loved one or family, order them online and arrange a cake delivery in Pune through our portal. We have for you a range of occasion based cakes such as <a href=""/anniversary/cakes"">anniversary cakes</a>, wedding cakes and birthday cakes among others. Keeping in mind the huge vegetarian population of the country, we also provide eggless cakes. Check out the eggless version of your favorite cakes, they not only look the same but they taste as fabulous as the originals.</p> </br>At Bookmyflowers.com you can also complement your cake delivery in Pune with your favorite flowers. We provide <a href=""/"">fresh flowers</a> for all occasions which come in beautiful bouquets arranged by expert florists and gifts professionals. </p>"
118,100,"<h2>Send Mother's day Gifts to Delhi</h2>  <p>This Mother's Day it is time to award your multi tasking super hero - Mother, who has always been up late at night just to make sure that we are asleep, she gave up all her desires just to make sure that ours are met. This Mother's day, it is time to award that super hero for everything she has so selflessly done for us. Even if your super hero lives in Delhi and you are miles away from her, send the perfect <a href=""/mothers-day/gifts"">Mothers day online gift</a> to her from Bookmyflowers.</p>  <p>Make your Mother's day a little unusual by getting an online delivery of Mother's Day gift in Delhi when she is busy completing the usuity to celebrate her Motherhood. We understand the essence time holds for an important occasion like Mother's day, so our strong delivery links will ensure that the gift reaches on time to make you and your Mom happy.</p></br> <p>A fitting tribute to all her efforts is what is required of her. Make her believe that you truly respect for all the sacrifices she has done so far. Send Mother's Day gifts to Delhi and surprise her with the unique yet interesting gifts from us and make her feet that she is and will always be the most special women in your life. You can get an online delivery of all the gifts for Mother's day across the country be it Mumbai, Bangalore, Chennai, Ahemdabad, Gurgaon, Noida and many more to list down. We ensure a timely delivery of all your gifts right up to her doorstep.</p>"
118,105,"<h2>Send Mothers Day gifts to Mumbai</h2><p>Geographical distance can never prevent you from telling your Mom how badly you love her and miss her. So if you are in a different part of the globe send <a href=""/mothers-day/gifts"">Mothers day gift</a> to Mumbai, through Bookmyflowers. We know the place Mothers hold in your heart and therefore we are trying to build the geographical distances. We have a wide range of online Mothers Day gift starting from Personalized Mugs, frames or you can also send their favorite online <a href=""/mothers-day/flowers"">Mothers day flowers at affordable price.</a>.</p> </br><p>It is time to make all the mothers feel that no matter how far you are from them you are still very close to them. You can send specialized carved out gifts by our gift connoisseurs to make your Mother feel that you have always loved them and will continue to do the same all your life.</p> </br><p>With Bookmyflowers now sending Mother's Day gifts in Mumbai has become a lot easier and simpler by delivering them gifts, cakes and flowers online at a lightning speed. You can also pick from our Bestselling option of ‘Personalized Gifts' too. You can order <a href=""/mothers-day/photo-frames"">Personalized Photo Frame</a>, Coffee Mugs and Cushions to weave in the emotional quotient into all your Mother's Day gifts. Let this day be the day when your Mother can feel like true princess. You can do an online delivery across the city be it in Delhi, Bangalore, Chennai, Pune Hyderabad just to name a few.</p>"
118,99,"<h2>Send Mother's day gift to Chennai</h2> <p>Leaving your mom in Chennai and going for further studies has always been tough but you did it for each other's good. It is time for you to let your Mom know that no matter how hard it would have been but you still love her and have the deepest care and affection for her. <a href=""/mothers-day/gifts"">Send online Mother's Day gifts</a> to Chennai from Bookmyflowers and make her feel that you will always be close to her.</p> </br> <p>Get an online delivery of Mothers Day gift to Chennai which can range from <a href=""/mothers-day/photo-frames"">Personalized Photo Frames</a> to Mugs which can rewind the nostalgic memory that you have shared together. It is best to tell her that no matter the words might fall short but you still have innumerable ways to tell her that she is the world's best Mother by sending her <a href=""/mothers-day/flowers"">online Mother's day flowers</a>,gifts and letting her cherish this occasion in all times to come.</p></br><p>You Mother has the fear of losing the unbreakable bond that you share if you move farther from Chennai. Send Mother's Day gift to Chennai and give her the assurance that there absolutely nothing in this world which can weaken the relationship that you share. Quite effortlessly with the strong distribution network that we have sending and ordering fresh flowers, gifts and <a href=""/mothers-day/cakes"">cakes online</a> within a snap of the finger be it in Hyderabad, Bangalore, Delhi and many more places to list down. All the gifts are wallet friendly so that whenever you come to our website you should never leave empty handed.</p>"
118,102,"<h2>Send Mother's day Gifts to Hyderabad</h2>  <p>Sometimes occasions are the perfect ways to tell your Mom how much you love her. If your Mother is staying in Hyderabad it is the perfect time and occasion to let her know that you have always loved her and the best way to do it is by sending an online <a href=""/mothers-day/gift-hampers"">Mothers Day gift hamper</a> to her from Bookmyflowers. You can get to choose from a whole new variety of gifts that we have for her like bunch of fresh Roses, Carnations and the like or else you can also send personalized Mugs and frames to tell her that she has been the woman you look up to in your life.</p> <p>Your Mother will be more than happy to receive a surprise <a href=""/"">gift delivery</a> on a Mother's Day. Our strong distribution link will ensure that all the online Mothers day gifts will be delivered on time. It is the perfect day when you Mother should feel special and should be treated no less than a ‘Queen.'</p></br><p>Even though you think that ‘Mom knows everything' and you don't feel the need to tell how much you love her, sometimes showcasing love is not only important but it also makes them feel a little special. No worries, send mothers day gifts to Hyderabad and make her feel on top of the world, we have gifts ranging from sky high to bottom low so that we have products for everybody. You are going to get completely sold with the thought that we have put in behind each and every <a href=""/mothers-day/gifts"">Mothers day gift</a> of ours. We are well renowned for making all our online deliveries well on time so that you can enjoy with your Mother and make this Mother's Day to be like the biggest blast of the season.</p>"
118,96,"<h2>Send Mother's day Gifts to Ahmedabad</h2><p>It is time to spoil your Mother a little bit who is putting up in Ahmedabad, sweeten up her day with a mouth melting Cake from Bookmyflowers . It is sure to make your Mom a little nostalgic reminiscing those gold old memories which is surely going to well tears into her eyes. Send <a href=""/mothers-day/gifts"">Mother's day gifts online</a>  to her in Ahmedabad city and make her feel that life has been so wonderful with her, that you just can't stop missing her. You have options to choose from staring from some personalized Mugs and frames which is surely going to remind her of the memories attached to it.</p> <p>Get an online delivery of Mother's Day gifts to Ahmedabad her this Mother's Day to make her feel that no matter whatever be the distance you would still go an extra mile to see her happy and keep surprising her. With a strong distribution network online delivery in Ahmedabad has been a lot easier for you.</p></br><p>Being a multitasking super hero has not be an easy task so relax her senses and pamper her throughout the day. <a href=""/gifts-to-ahmedabad"">Send gifts to Ahmedabad</a> to pamper her and make her believe that life is so beautiful and is worth living because of her. Online delivery of <a href=""/mothers-day/flowers"">mothers day flowers</a> and gifts to any part of the country be it Mumbai, Chennai, Pune, Delhi and many more places is now simpler and easier with our strong logistical support that we have. Pull off her feet and ask her to feel no less than a princess this Mother's day.</p>"
118,106,"<h2>Send Mothers Day Gifts to Pune</h2>  <p>A casual phone call to your Mom in Pune on a Mother's Day where she suddenly receives a <a href=""/mothers-day/gifts"">surprise Mother's day Gift</a> from Bookmyflowers which you have sent it to her, is sure to make her emotional with a teardrop rolling down her cheeks making her realize that his son has really grown out to be not just the sweet little boy whom she used to know but a man who is responsible and truly loves her mother.</p> </br>  <p>You will have unique range of Mothers Day gift online to choose from which will make it easier for you to choose from. Send an <a href=""/mothers-day/flowers"">online Mothers Day flowers</a>, <a href=""/gifts-to-pune"">gift to Pune</a> and be rest assured that our strong distribution network is surely going to take of the delivery of the same on time. All our gifts are carefully chosen thinking of our own Mothers so that we can deliver the best and the one that perfectly suits the occasion.</p></br><p>Send Mother's Day gifts to Pune this season and make her feel completely out of the world. Let her feel that you are still close to her emotionally and she has been the best woman in his life. All our Mother's Day gifts online has cute little thoughts of a son and a daughter to make your Mom feel the warmth of the relationship that you share with her. You can also pick from the freshest range of Flowers for Mother's day which can be the best pick even when you get a little cranky in choosing something which she will absolutely fall in love with.</p>"
118,215,"<h2>Send Mother's day Gifts to Noida</h2> <p>Your Mother in Noida is wearing a dull face because you are not around; it is time to brighten it up with an <a href=""/mothers-day/gifts"">online Mother's Day Gift</a> from Bookmyflowers. We know that crafting gifts for her to win her gorgeous smile can be a little tough but emotions is what we have and what she will love to have as the perfect Mother's day gift. Send her a online <a href=""/mothers-day/personalized-mugs"">personalized mug</a> or a photo frame with the most memorable photo of you, reminding her of the beautiful times that you have spent together.</a> </br> <p>Send online Mother's Day gift to her in Noida to make her happy and be rest assured that even if you are not around our on time delivery of Mothers Day gifts will surely make her feel that you are around her and ensuring that she remains as happy as always. Pin a handwritten message card which says' You are the world's best Mom'</p></br><p>Make your mother feel that you care for her and she will always be your first and only priority. Send Mother's Day gifts to Noida, <a href=""/gifts-to-ahemdabad"">Ahemdabad</a>, Delhi, Pune, Cennai and many more to list down. Make her feel that if you have to share the deepest of your emotion she will be the first one to turn to. All our Mother's Day gifts online have been made available in an affordable price range so that you can easily buy and send it to her. Make her Mother's Day the best you can to make her feel on top of the world.</p>"
149,82,"<h2>Online Gifts and Flowers for Women's day</h2><p>At Bookmyflowers we believe in ‘Mission Possible' where we would do anything to see that gorgeous smile on their face, It is like a hard to beat feeling. So before we shower them <a href=""/mothers-day/gifts"">Mother's day gifts</a> let us celebrate her role as a woman first. This Women's Day it is time to send Women's day gifts to all those women who have been a source of inspiration for you. Send them a nice bunch of fresh Women's day flowers to let them feel the sweet fragrance they spread in our lives making us live each day as lively as we can.</p> </br><p>Send her Women's day special <a href=""/gifts"">gifts online</a> to surprise her and to let her know that that she is the special one. Therefore you can send from the Women's day special niche that we have carved out especially for her. With the strong logistical support that we have we are sure to get all the online delivery well on time to make them feel that life is worth living because we have her.</br>"
131,216,"<h2>Buy Mauli Rakhi online for brother</h2><p>Mauli Rakhi's have been in trend since time immemorial. At Bookmyflowers, we have enhanced their beauty by combining it with several stones. Our gift experts use all their creativity in making them look outstandingly beautiful by sometimes combining it with Rudraksh, Crystals and sometimes even simple silver beads would do their wonders. The brilliant colors of the Mauli is what steals the show it brings in the festivity along with the cultural bondage which is associated with the Mauli Thread. Mauli Rakhi is considered to be auspicious for the occasion of Rakshabandhan as it has spiritual symbolism too.</p> </br><p>Mauli Rakhi has been beautifully compiled with several other beautiful <a href=""/rakhi"">rakhi gifts</a> to make a lovely hamper which can be gifted to your Brother. We are sure that your Brother will be more than delighted to see such beautiful gift coming across him, this Rakhi season. It can be a handful of crispy and crunchy cookies or your brother's favourite Cadbury Dairy Milk Silk or Toblerone which he might relish on this Rakhi. You can send beautiful <a href=""/rakhi/puja-thali"">Rakhi Thalis</a> which are beautifully decorated and has roli and chawal along with it.</p> </br><p>Make this Rakshabandhan even more exciting for your Brother by sending a luscious Chocolate Cake. He is surely to love the cake more and more with every single bite. You can choose from multiple flavors that we have with us. Send an online Rakhi Cake which is sure to bring that Duchenne's smile on your brother's Face. You can get an online rakhi delivery done to all the metro cities and other international countries too. We have a widespread reach not only in terms of nationally but internationally too. Custom delivery will be an additional advantage for you as you can go for <a href=""/rakhi/same-day-delivery"">same day rakhi delivery</a> or even midnight rakhi delivery depending on your convenience. Making things easier and simpler for you is our primary motive. So, when the festival of Rakhi is around the corner, you need not worry as we will make sure that the delivery of online mauli rakhi has been done well on time.</br>"
131,217,"<h2>Shop for Designer Rakhi Online with Express Delivery Options</h2><br><p>Giving something exclusive to your brother on Rakshabandhan feels nice. How about taking your brother by surprise by dazzling him with a traditionally carved designer rakhi? Just a glance at our designer rakhis will sweep of your feet. Our in-house designers have invested both time and money to come up with something that is truly out of the world. All though these designer rakhis are classy but they are still available within budget. You can complement these designer rakhis with gift hampers to make it an appropriate festive delight for the occasion.</p><br><p>If you have plans of buying a designer rakhi for your brother, you should definitely check out the amazing range of rakhis that we have come up with for both brother and sister-in-law - <a href=""/rakhi/lumba-rakhi"">Lumba Rakhi</a>. These rakhis come in sets which has one rakhi for brother and the other for your sister-in-law which makes the bond special. Besides designer rakhi, the online portal has come up with a special range Mauli, Zardozi, Pearl and <a href=""/rakhi/kundan-rakhi"">Kundan rakhi</a> amongst others.</p><br><p>If you are looking for something special, it is best to buy rakhis online. You will get an opportunity to shop from multiple price option that are available and select the one which best fits in your budget. Designer rakhi online shopping has been made simpler and easier because of the online portal which allows to you shop for not only rakhis but several rakhi gift options which comes along with it.</p><br><p>Bookmyflowers allows you to shop from several gift options which can be delivered with utmost ease at your doorstep. You can even deliver gifts to international destinations with a click of the mouse. The impeccable delivery services that the online portal offers has allowed them to win the trust and confidence of its customers.</p><br><h2>Buy Designer Rakhis Online</h2><p>There are many legends which are entwined in almost every festival and you will find numerous such tales giving birth to a festival like Rakshabandhan. This Rakhi season Bookmyflowers have come up with some interesting rakhi designs and patterns which sets them apart from the usual. The exquisite designs is what our gift experts work on so that you have something different for your Brother this Rakhi season.Designs have beautiful inclusions of Kundan, Pearl and Rudraksh making them look both lovely and beautiful. These Designer Rakhis when compiled with Dry Fruits, Chocolates and Cookies will make the online <a href=""/rakhi/gift-hampers"">Rakhi hamper</a> look way too amazing for the recipient. You can even go for online Rakhi Thalis which have been richly decorated to make them look elegant and sophisticated and at the same time will preserve the festivity of the occasion. Order online designer Rakhi this Rakshabandhan and celebrate it like never before.</p> </br><p>A bunch of fresh Rakhi flowers can instil exuberance in them for this festival. An additional moment of delight will be a box full of mouth melting chocolates which is surely going to keep them happy and contented throughout the day. If your Brother has a weakness for sweet tooth then you can also go for your brother's favourite sweets.</p> </br><p>You can make your pick for Mauli Rakhi to Pearl and Rudraksh Rakhi which can also be a nice pick for this Rakshabandhan and as an extra bonanza of delight you can get complimentary roli and chawal along with it. Our timely delivery of all the online <a href=""/rakhi"">rakhi gifts</a> have helped in maintaining the sweetness of the relationship. They have bridged the gap between all the metro cities viz Mumbai, Bengaluru and other metro cities. They have also come up with international deliveries which has enabled you to send Rakhi gifts overseas.Customer Delight is what we aim to achieve and that is the reason why you will get a chance to choose for custom deliveries from <a href=""/rakhi/same-day-delivery"">same day rakhi</a> to dot midnight deliveries. Convenience is what is at the heart of the occasion making each and everything a lot simpler for all of our customers.</p>"
131,220,"<h2>Buy Zardosi Rakhi Online</h2><p>Zardosi is an embroidery work from the time of Rig Veda and it was once used in carving out designs which were used to make royal robes of the kings. At Bookmyflowers, our gift experts have come up with this brilliant thought of inculcating the designs in our Rakhis too which set them apart from the millions others which are available in the market.</p> </br> <p>The intricate designs of the Zardosi Rakhi is what makes them beautiful and out of the world. You can couple it up with some crunchy dry fruits like Almonds, Cashews and Pistachios to bring out the festive mood in your family. If your Brothers and Sisters are miles away, you can get an online delivery done right at their doorstep, making them feel less nostalgic.The lovely designs of the Zardosi Rakhi will put them at a different segment all together. Add a pinch of sweetness into the occasion with the help of our scrumptious sweets viz. Motichoor, Kaju Katli, Soan Papdi and many more to list down. Premium and branded sweets is what we use to gift our Brothers. You can also order <a href=""/rakhi/cakes"">online Rakhi Cakes</a> in multiple flavors viz. Chocolate, Butterscotch, Vanilla, Pineapple and many more to list down.</p> </br><p>We have not only restricted our wings just metro cities but international countries too viz. U.K, U.S.A, Germany and many other countries. We guarantee timely delivery of all our rakhi products, you can opt for our custom delivery services too which will be convenient for your dear ones as it will enable your loved ones to receive surprise rakhi delivery at dot midnight or <a href=""/rakhi/same-day-delivery"">same day rakhi</a> as well.</p>"
42,91,"<h2> Best Diwali Gifts for Husband Online</h2><p>Gifts are meant for the ones you love and they are supposed to convey your love and emotions. Gifts are an ideal way for sharing love, care, joy and other feelings and emotions. The act of gifting enforces love and care for others and it also strengthens relationships. Gifts may be presented any day and any time of the year but there are always special occasions where it necessarily calls for gifts. Festivals are one such occasion, and Diwali being the biggest festival of the country, your beloved husband will especially be delighted with a gift for you.  And for the occasion of Diwali this year, Bookmyflowers have for you a whole range of exclusive online Diwali gifts for husband. Choose from a range of premium Diwali gift items such as cakes, dry fruits perfumes and stationary items among others. We also have for you an array of luscious chocolates from renowned international brands such as Ferrero Rocher, Cadburys, Lindt and Nestle. You can also go for <a href=""/personalized-gifts"">customized gifts</a> at our portal and we have for you an assortment of gift items such as photo frames, key chains, pendants and coffee mugs which you can personalize according to your specifications. A personalized gift will make the best Diwali gift for husband as it will make him feel extra special and well loved with all the care and effort you have invested in creating a unique and one of a kind Diwali gift for husband.</p> </br><p>Our web portal is a one stop solutions store for all your gift requirements and we also offer <a href=""/diwali/gifts-for-wife"">Diwali gift for wife</a>, mother, father and other relations. Order your <a href=""/diwali/gifts"">Diwali gift items online</a> at Bookmyflowers and have them delivered to a destination of your choice. We provide delivery services to both national and domestic destinations. You can also opt for custom delivery services such as fixed time, next day and midnight delivery services.</p>"
42,93,"<h2> Online Diwali Gifts for Parents in India </h2><p>Diwali is one of the biggest occasions in the country. The festival has been celebrated for ages and it still continues to be the most popular festival of all. Diwali is celebrated to mark the return of Lord Rama to Ayodhya after 14 years of exile and the festival signify the victory of light over darkness. On the occasion of Diwali, one can see whole town and villages all over the country shining with diyas, candles and electric lights. Family reunions, feastings and exchange of gifts are popular part of festival traditions and especially on this occasion people also honor their parents and other elders with gifts. So this year, on the occasion of Diwali, convey your love and admiration for your parents with exclusive gifts from Bookmyflowers. We have brought for you an extensive range of Online Diwali Gifts for Parents. Our gift experts and connoisseurs have gone through that extra mile to bring you the Best Diwali Gifts for Parents. You can choose from a whole selection of delightful gifts which include <a href=""/diwali/candles-and-diyas"">diyas</a>, candles, perfumes, jewelry and home décor items. Our online Diwali gifts also come in exclusive combos and hampers along with other delightful gifts like <a href=""/chocolates"">chocolates</a>, sweets, cakes and dry fruits.</p> </br><p>We provide one-stop solutions for all your gift requirements and you can find gifts in different categories such as Diwali gifts for kids or <a href=""/diwali/gifts-for-friend"">Diwali gifts for friends</a>. Our portal is the preferred destination for millions of customer all around the world. And you can buy Diwali gifts for parents in India or from any other part of the world and have it delivered to a destination of your choice. We deliver to more than 350 destinations around the world and with our extensive chain of retail outlets and logistics support network, we are the preferred choice of millions of customers all around the world.</p>"
42,87,"<h2> Best Diwali gifts for Friends</h2><p>Diwali is a traditional festival of the country which has been popularly celebrated for years. The festival is celebrated in honor of Lord Rama's return after a 14 years exile and it is considered to be the biggest festival in the country. Diwali also marks the beginning of the Hindu New Year and the occasion is considered to be auspicious for buying new items and starting fresh ventures.</p> </br><p>Diwali is also an occasion for greetings, best wishes and gifts. People reach out to their family members, relatives and friends with gifts and other pleasantries.  And on the occasion of Diwali reconnect with your friends an enjoyable and prosperous Diwali with exclusive gifts from Bookmyflowers. We have for you a whole range of Diwali gifts for friends online which include such delightful items as cakes, chocolates and dry fruits. You can also choose from an array of traditional gifts such as diyas rangoli stickers, wall hangings, and idols of god and goddesses. Our gifts are also available in exclusive <a href=""/diwali/gift-hampers"">Diwali gift hampers</a> featuring two or more gifts in exciting combos such as chocolates and flowers along with Diwali greeting cards. Our combos are the best Diwali gifts for friends that you can present them on the occasion.</p> </br><p>Get your <a href=""/diwali/gifts"">Diwali shopping online</a> done at our online portal in quick and easy steps. Send Diwali gifts for friends from any part of the world with just a simple click of the mouse. Order your gifts today and have them delivered to any destination of your choice. Our delivery services cover more than 350 destinations all around the world.  Our services are quite convenient for any type of requirement as we also offer custom delivery services such as same-day delivery, next-day delivery and midnight delivery options.</p>"
42,104,"<h2>Send Diwali Gifts to Kolkata Online</h2><p>The festival of Diwali is marked by the bright lights and decorations that fill up homes and buildings all over the country. Diwali is also known as the festival of lights. On the occasion of the festival people light up their houses with diyas, candles and electric lights. People celebrate the occasion with lots of enthusiasm and joy Diwali decorations are an integral part of festival traditions and people spare no expenses in decorating and renovating their homes for the festival. And to help you celebrate the occasion with flair and style, Bookmyflowers bring for you a whole range of <a href=""/diwali/home-decor"">Diwali decoration online</a>. You can choose from an array of rangoli stickers, diyas, wall hangings and differently colored candles. No festival in the country is complete without sweets and we also bring for you a whole range of <a href=""/diwali/sweets"">Diwali Sweets Gift Pack</a> featuring traditional sweets or mithais such as kaju katli, doda burfi, Mathura peda, gulab jamuns, rasgullas and soan papdi among others.</p> </br><p>Our web portal is a one stop solutions store for all your gifting requirements and you can send Diwali gifts to Kolkata or any other destination through our portal. We also offer flowers for all occasions and you can complement your Online Diwali Gifts to Kolkata with a lovely bouquet of flowers. Bookmyflowers is the preferred choice for buying and delivering Diwali gifts online for millions of customers all over the world. Our delivery services cover more than 350destinations in India and abroad. You can also send <a href=""/diwali/gifts-to-bangalore"">Diwali Gifts to Bangalore</a>, Pune, Chennai or any other city in the country through our portal. Our international delivery services cover USA, UK, Canada, Singapore and Malaysia among other countries.</p>"
42,102,"<h2> Send Diwali Gifts to Hyderabad Online</h2><p>Diwali is a once in a year occasion and everyone in the country waits for the festival most eagerly. Diwali is considered to be the biggest festival of India and people celebrate is with lots of enthusiasm and fervor. The festival of Diwali is marks the return of the lord Rama after 14 years of exile and the celebrations signify the victory of light over darkness. Diwali time is always filled with fun and festivities, and on Diwali night people light up their homes and surroundings with diyas candles and electric lights. The lights are one of the most important features of Diwali. And on the occasion of the festival this year, Bookmyflowers has brought for you a whole range of online Diwali gifts to Hyderabad people in a bright and prosperous Diwali.  You can choose from a wide range of Diwali gifts such as chocolates, cakes, perfumes and jewelry among others. Our gifts come in exciting gifts combos and hampers such as <a href=""/diwali/dryfruits"">Diwali Dry fruit boxes</a> and Puja thalis. You can also find a selection of <a href=""/diwali/chocolates"">Diwali chocolate hampers</a> featuring premium chocolates from renowned international brands such as Ferrero Rocher, Lindt, Cadburys and Nestle among others.</p> </br><p>Order your gifts online and send Diwali gifts to Hyderabad or any other destination of your choice. We deliver to more than 350 destinations around the world and you can also send <a href=""/diwali/gifts-to-bangalore"">Diwali Gifts to Bangalore</a> within the shortest possible time. We are the most preferred choice for buying and delivering Diwali gifts in the country and you can also complement your Online Diwali Gifts to Hyderabad with a beautiful bouquet of fresh flowers at our portal. Bookmyflowers a renowned online florist with years of exceptional service in the gifts delivery business and we provide flowers for all occasions.</p>"
