Product ID,Product SKU,Egg/Eggless,Variants
1254,CAKE8644,"CAKE8644,CAKE12804","CAKE8644,CAKE8650"
1255,CAKE12804,"CAKE8644,CAKE12804","CAKE12804,CAKE12808"
1276,CAKE8700,"CAKE8700,CAKE12771","CAKE8700,CAKE8698"
1277,CAKE12771,"CAKE8700,CAKE12771","CAKE12771,CAKE12785"
1248,CAKE8639,"CAKE8639,CAKE12774","CAKE8639,CAKE8642"
1249,CAKE12774,"CAKE8639,CAKE12774","CAKE12774,CAKE12777"
1260,CAKE8658,"CAKE8658,CAKE12770","CAKE8658,CAKE8656"
1261,CAKE12770,"CAKE8658,CAKE12770","CAKE12770,CAKE12769"
1256,CAKE8650,"CAKE8650,CAKE12808","CAKE8644,CAKE8650"
1257,CAKE12808,"CAKE8650,CAKE12808","CAKE12804,CAKE12808"
1278,CAKE8698,"CAKE8698,CAKE12785","CAKE8700,CAKE8698"
1279,CAKE12785,"CAKE8698,CAKE12785","CAKE12771,CAKE12785"
1250,CAKE8642,"CAKE8642,CAKE12777","CAKE8639,CAKE8642"
1251,CAKE12777,"CAKE8642,CAKE12777","CAKE12774,CAKE12777"
1262,CAKE8656,"CAKE8656,CAKE12769","CAKE8658,CAKE8656"
1263,CAKE12769,"CAKE8656,CAKE12769","CAKE12770,CAKE12769"
1258,CAKE8648,"CAKE8648,CAKE12807","CAKE8644,CAKE8650"
1259,CAKE12807,"CAKE8648,CAKE12807","CAKE12804,CAKE12808"
1280,CAKE8692,"CAKE8692,CAKE12783","CAKE8700,CAKE8698"
1281,CAKE12783,"CAKE8692,CAKE12783","CAKE12771,CAKE12785"
1252,CAKE8654,"CAKE8654,CAKE12776","CAKE8639,CAKE8642"
1253,CAKE12776,"CAKE8654,CAKE12776","CAKE12774,CAKE12777"
1264,CAKE8696,"CAKE8696,CAKE12772","CAKE8658,CAKE8656"
1265,CAKE12772,"CAKE8696,CAKE12772","CAKE12770,CAKE12769"
1484,CAKE42308,"CAKE42308,CAKE42285","CAKE42307,CAKE42308,CAKE42306"
1485,CAKE42285,"CAKE42308,CAKE42285","CAKE42284,CAKE42285,CAKE42282"
1486,CAKE42306,"CAKE42306,CAKE42282","CAKE42307,CAKE42308,CAKE42306"
1487,CAKE42282,"CAKE42306,CAKE42282","CAKE42284,CAKE42285,CAKE42282"
1488,CAKE42307,"CAKE42307,CAKE42284","CAKE42307,CAKE42308,CAKE42306"
1489,CAKE42284,"CAKE42307,CAKE42284","CAKE42284,CAKE42285,CAKE42282"
1451,CAKE38653,"CAKE38653,CAKE38649","CAKE38653,CAKE38646"
1450,CAKE38649,"CAKE38653,CAKE38649","CAKE38649,CAKE38657"
1449,CAKE38646,"CAKE38646,CAKE38657","CAKE38653,CAKE38646"
1453,CAKE38657,"CAKE38646,CAKE38657","CAKE38649,CAKE38657"
1448,CAKE38644,"CAKE38644,CAKE38656","CAKE38653,CAKE38646"
1452,CAKE38656,"CAKE38644,CAKE38656","CAKE38649,CAKE38657"
1239,CAKE8626,"CAKE8626,CAKE12101","CAKE8626,"
1238,CAKE12101,"CAKE8626,CAKE12101","CAKE12101,"
1384,CAKE9641,"CAKE9641,CAKE12277","CAKE9649,CAKE9641,CAKE9748"
1385,CAKE12277,"CAKE9641,CAKE12277","CAKE12278,CAKE12277,CAKE12280"
1386,CAKE9748,"CAKE9748,CAKE12280","CAKE9649,CAKE9641,CAKE9748"
1387,CAKE12280,"CAKE9748,CAKE12280","CAKE12278,CAKE12277,CAKE12280"
1388,CAKE9649,"CAKE9649,CAKE12278","CAKE9649,CAKE9641,CAKE9748"
1389,CAKE12278,"CAKE9649,CAKE12278","CAKE12278,CAKE12277,CAKE12280"
1190,CAKE8108,"CAKE8108,CAKE11145","CAKE8122,CAKE8108,CAKE8106"
1191,CAKE11145,"CAKE8108,CAKE11145","CAKE11153,CAKE11145,CAKE11146"
1192,CAKE8106,"CAKE8106,CAKE11146","CAKE8122,CAKE8108,CAKE8106"
1193,CAKE11146,"CAKE8106,CAKE11146","CAKE11153,CAKE11145,CAKE11146"
1194,CAKE8122,"CAKE8122,CAKE11153","CAKE8122,CAKE8108,CAKE8106"
1195,CAKE11153,"CAKE8122,CAKE11153","CAKE11153,CAKE11145,CAKE11146"
1390,CAKE9739,"CAKE9739,CAKE12279","CAKE9739,CAKE9737"
1391,CAKE12279,"CAKE9739,CAKE12279","CAKE12279,CAKE12273"
1392,CAKE9737,"CAKE9737,CAKE12273","CAKE9739,CAKE9737"
1393,CAKE12273,"CAKE9737,CAKE12273","CAKE12279,CAKE12273"
1394,CAKE9743,"CAKE9743,CAKE12272","CAKE9739,CAKE9737"
1395,CAKE12272,"CAKE9743,CAKE12272","CAKE12279,CAKE12273"
1243,CAKE8625,"CAKE8625,CAKE12061","CAKE8625,CAKE8620"
1241,CAKE12061,"CAKE8625,CAKE12061","CAKE12061,CAKE12060"
1242,CAKE8620,"CAKE8620,CAKE12060","CAKE8625,CAKE8620"
1240,CAKE12060,"CAKE8620,CAKE12060","CAKE12061,CAKE12060"
1136,CAKE6142,"CAKE6142,CAKE12558","CAKE6144,CAKE6142,CAKE6050"
1137,CAKE12558,"CAKE6142,CAKE12558","CAKE12562,CAKE12558,CAKE12536"
1138,CAKE6050,"CAKE6050,CAKE12536","CAKE6144,CAKE6142,CAKE6050"
1139,CAKE12536,"CAKE6050,CAKE12536","CAKE12562,CAKE12558,CAKE12536"
1140,CAKE6144,"CAKE6144,CAKE12562","CAKE6144,CAKE6142,CAKE6050"
1141,CAKE12562,"CAKE6144,CAKE12562","CAKE12562,CAKE12558,CAKE12536"
1124,CAKE6055,"CAKE6055,CAKE12535","CAKE6054,CAKE6055,CAKE6052"
1125,CAKE12535,"CAKE6055,CAKE12535","CAKE12534,CAKE12535,CAKE12580"
1126,CAKE6052,"CAKE6052,CAKE12580","CAKE6054,CAKE6055,CAKE6052"
1127,CAKE12580,"CAKE6052,CAKE12580","CAKE12534,CAKE12535,CAKE12580"
1128,CAKE6054,"CAKE6054,CAKE12534","CAKE6054,CAKE6055,CAKE6052"
1129,CAKE12534,"CAKE6054,CAKE12534","CAKE12534,CAKE12535,CAKE12580"
1416,CAKE9792,"CAKE9792,CAKE11757","CAKE9796,CAKE9792,CAKE9791"
1414,CAKE11757,"CAKE9792,CAKE11757","CAKE11754,CAKE11757,CAKE11756"
1415,CAKE9791,"CAKE9791,CAKE11756","CAKE9796,CAKE9792,CAKE9791"
1413,CAKE11756,"CAKE9791,CAKE11756","CAKE11754,CAKE11757,CAKE11756"
1417,CAKE9796,"CAKE9796,CAKE11754","CAKE9796,CAKE9792,CAKE9791"
1412,CAKE11754,"CAKE9796,CAKE11754","CAKE11754,CAKE11757,CAKE11756"
1118,CAKE6049,"CAKE6049,CAKE12532","CAKE6048,CAKE6049,CAKE6056"
1119,CAKE12532,"CAKE6049,CAKE12532","CAKE12537,CAKE12532,CAKE12533"
1120,CAKE6056,"CAKE6056,CAKE12533","CAKE6048,CAKE6049,CAKE6056"
1121,CAKE12533,"CAKE6056,CAKE12533","CAKE12537,CAKE12532,CAKE12533"
1122,CAKE6048,"CAKE6048,CAKE12537","CAKE6048,CAKE6049,CAKE6056"
1123,CAKE12537,"CAKE6048,CAKE12537","CAKE12537,CAKE12532,CAKE12533"
1515,CAKE41972,"CAKE41972,CAKE41947","CAKE41971,CAKE41972,CAKE41969"
1518,CAKE41947,"CAKE41972,CAKE41947","CAKE41970,CAKE41947,CAKE41945"
1516,CAKE41969,"CAKE41969,CAKE41945","CAKE41971,CAKE41972,CAKE41969"
1519,CAKE41945,"CAKE41969,CAKE41945","CAKE41970,CAKE41947,CAKE41945"
1514,CAKE41971,"CAKE41971,CAKE41970","CAKE41971,CAKE41972,CAKE41969"
1517,CAKE41970,"CAKE41971,CAKE41970","CAKE41970,CAKE41947,CAKE41945"
1490,CAKE42332,"CAKE42332,CAKE42335","CAKE42331,CAKE42332,CAKE42329"
1491,CAKE42335,"CAKE42332,CAKE42335","CAKE42330,CAKE42335,CAKE42323"
1492,CAKE42329,"CAKE42329,CAKE42323","CAKE42331,CAKE42332,CAKE42329"
1493,CAKE42323,"CAKE42329,CAKE42323","CAKE42330,CAKE42335,CAKE42323"
1494,CAKE42331,"CAKE42331,CAKE42330","CAKE42331,CAKE42332,CAKE42329"
1495,CAKE42330,"CAKE42331,CAKE42330","CAKE42330,CAKE42335,CAKE42323"
1422,CAKE9800,"CAKE9800,CAKE11761","CAKE9801,CAKE9800,CAKE9795"
1419,CAKE11761,"CAKE9800,CAKE11761","CAKE11763,CAKE11761,CAKE11755"
1421,CAKE9795,"CAKE9795,CAKE11755","CAKE9801,CAKE9800,CAKE9795"
1418,CAKE11755,"CAKE9795,CAKE11755","CAKE11763,CAKE11761,CAKE11755"
1423,CAKE9801,"CAKE9801,CAKE11763","CAKE9801,CAKE9800,CAKE9795"
1420,CAKE11763,"CAKE9801,CAKE11763","CAKE11763,CAKE11761,CAKE11755"
1186,CAKE8126,"CAKE8126,CAKE11152","CAKE8114,CAKE8126"
1187,CAKE11152,"CAKE8126,CAKE11152","CAKE11150,CAKE11152"
1188,CAKE8114,"CAKE8114,CAKE11150","CAKE8114,CAKE8126"
1189,CAKE11150,"CAKE8114,CAKE11150","CAKE11150,CAKE11152"
1496,CAKE42371,"CAKE42371,CAKE42370","CAKE42367,CAKE42371,CAKE42372"
1497,CAKE42370,"CAKE42371,CAKE42370","CAKE42369,CAKE42370,CAKE42374"
1498,CAKE42372,"CAKE42372,CAKE42374","CAKE42367,CAKE42371,CAKE42372"
1499,CAKE42374,"CAKE42372,CAKE42374","CAKE42369,CAKE42370,CAKE42374"
1500,CAKE42367,"CAKE42367,CAKE42369","CAKE42367,CAKE42371,CAKE42372"
1501,CAKE42369,"CAKE42367,CAKE42369","CAKE42369,CAKE42370,CAKE42374"
1502,CAKE42399,"CAKE42399,CAKE42380","CAKE42394,CAKE42399,CAKE42376"
1503,CAKE42380,"CAKE42399,CAKE42380","CAKE42377,CAKE42380,CAKE42381"
1504,CAKE42376,"CAKE42376,CAKE42381","CAKE42394,CAKE42399,CAKE42376"
1505,CAKE42381,"CAKE42376,CAKE42381","CAKE42377,CAKE42380,CAKE42381"
1506,CAKE42394,"CAKE42394,CAKE42377","CAKE42394,CAKE42399,CAKE42376"
1507,CAKE42377,"CAKE42394,CAKE42377","CAKE42377,CAKE42380,CAKE42381"
1330,CAKE8984,"CAKE8984,CAKE10627","CAKE8980,CAKE8984,CAKE8975"
1331,CAKE10627,"CAKE8984,CAKE10627","CAKE10629,CAKE10627,CAKE10633"
1332,CAKE8975,"CAKE8975,CAKE10633","CAKE8980,CAKE8984,CAKE8975"
1333,CAKE10633,"CAKE8975,CAKE10633","CAKE10629,CAKE10627,CAKE10633"
1334,CAKE8980,"CAKE8980,CAKE10629","CAKE8980,CAKE8984,CAKE8975"
1335,CAKE10629,"CAKE8980,CAKE10629","CAKE10629,CAKE10627,CAKE10633"
1366,CAKE9323,"CAKE9323,CAKE10955","CAKE9320,CAKE9323,CAKE9326"
1367,CAKE10955,"CAKE9323,CAKE10955","CAKE10950,CAKE10955,CAKE10953"
1368,CAKE9326,"CAKE9326,CAKE10953","CAKE9320,CAKE9323,CAKE9326"
1369,CAKE10953,"CAKE9326,CAKE10953","CAKE10950,CAKE10955,CAKE10953"
1370,CAKE9320,"CAKE9320,CAKE10950","CAKE9320,CAKE9323,CAKE9326"
1371,CAKE10950,"CAKE9320,CAKE10950","CAKE10950,CAKE10955,CAKE10953"
1458,CAKE38758,"CAKE38758,CAKE38756","CAKE38760,CAKE38758,CAKE38752"
1457,CAKE38756,"CAKE38758,CAKE38756","CAKE38750,CAKE38756,CAKE38754"
1455,CAKE38752,"CAKE38752,CAKE38754","CAKE38760,CAKE38758,CAKE38752"
1456,CAKE38754,"CAKE38752,CAKE38754","CAKE38750,CAKE38756,CAKE38754"
1459,CAKE38760,"CAKE38760,CAKE38750","CAKE38760,CAKE38758,CAKE38752"
1454,CAKE38750,"CAKE38760,CAKE38750","CAKE38750,CAKE38756,CAKE38754"
1214,CAKE8270,"CAKE8270,CAKE11067","CAKE8270,CAKE8263"
1215,CAKE11067,"CAKE8270,CAKE11067","CAKE11067,CAKE11068"
1216,CAKE8263,"CAKE8263,CAKE11068","CAKE8270,CAKE8263"
1217,CAKE11068,"CAKE8263,CAKE11068","CAKE11067,CAKE11068"
1218,CAKE8262,"CAKE8262,CAKE11070","CAKE8270,CAKE8263"
1219,CAKE11070,"CAKE8262,CAKE11070","CAKE11067,CAKE11068"
1172,CAKE8166,"CAKE8166,CAKE11164","CAKE8169,CAKE8166,CAKE8163"
1173,CAKE11164,"CAKE8166,CAKE11164","CAKE11163,CAKE11164,CAKE11165"
1174,CAKE8163,"CAKE8163,CAKE11165","CAKE8169,CAKE8166,CAKE8163"
1175,CAKE11165,"CAKE8163,CAKE11165","CAKE11163,CAKE11164,CAKE11165"
1176,CAKE8169,"CAKE8169,CAKE11163","CAKE8169,CAKE8166,CAKE8163"
1177,CAKE11163,"CAKE8169,CAKE11163","CAKE11163,CAKE11164,CAKE11165"
1396,CAKE9756,"CAKE9756,CAKE11325","CAKE9756,CAKE9762"
1397,CAKE11325,"CAKE9756,CAKE11325","CAKE11325,CAKE11324"
1398,CAKE9762,"CAKE9762,CAKE11324","CAKE9756,CAKE9762"
1399,CAKE11324,"CAKE9762,CAKE11324","CAKE11325,CAKE11324"
1400,CAKE9760,"CAKE9760,CAKE11327","CAKE9756,CAKE9762"
1401,CAKE11327,"CAKE9760,CAKE11327","CAKE11325,CAKE11324"
1142,CAKE6164,"CAKE6164,CAKE11386","CAKE6150,CAKE6164,CAKE6161"
1143,CAKE11386,"CAKE6164,CAKE11386","CAKE11383,CAKE11386,CAKE11389"
1144,CAKE6161,"CAKE6161,CAKE11389","CAKE6150,CAKE6164,CAKE6161"
1145,CAKE11389,"CAKE6161,CAKE11389","CAKE11383,CAKE11386,CAKE11389"
1146,CAKE6150,"CAKE6150,CAKE11383","CAKE6150,CAKE6164,CAKE6161"
1147,CAKE11383,"CAKE6150,CAKE11383","CAKE11383,CAKE11386,CAKE11389"
1220,CAKE8452,"CAKE8452,CAKE10981","CAKE8450,CAKE8452,CAKE8454"
1221,CAKE10981,"CAKE8452,CAKE10981","CAKE10982,CAKE10981,CAKE10984"
1222,CAKE8454,"CAKE8454,CAKE10984","CAKE8450,CAKE8452,CAKE8454"
1223,CAKE10984,"CAKE8454,CAKE10984","CAKE10982,CAKE10981,CAKE10984"
1224,CAKE8450,"CAKE8450,CAKE10982","CAKE8450,CAKE8452,CAKE8454"
1225,CAKE10982,"CAKE8450,CAKE10982","CAKE10982,CAKE10981,CAKE10984"
1202,CAKE8249,"CAKE8249,CAKE11715","CAKE8208,CAKE8249,CAKE8247"
1203,CAKE11715,"CAKE8249,CAKE11715","CAKE11714,CAKE11715,CAKE11318"
1204,CAKE8247,"CAKE8247,CAKE11318","CAKE8208,CAKE8249,CAKE8247"
1205,CAKE11318,"CAKE8247,CAKE11318","CAKE11714,CAKE11715,CAKE11318"
1206,CAKE8208,"CAKE8208,CAKE11714","CAKE8208,CAKE8249,CAKE8247"
1207,CAKE11714,"CAKE8208,CAKE11714","CAKE11714,CAKE11715,CAKE11318"
1270,CAKE8708,"CAKE8708,CAKE12788","CAKE8708,CAKE8704"
1271,CAKE12788,"CAKE8708,CAKE12788","CAKE12788,CAKE12756"
1272,CAKE8704,"CAKE8704,CAKE12756","CAKE8708,CAKE8704"
1273,CAKE12756,"CAKE8704,CAKE12756","CAKE12788,CAKE12756"
1274,CAKE8702,"CAKE8702,CAKE12754","CAKE8708,CAKE8704"
1275,CAKE12754,"CAKE8702,CAKE12754","CAKE12788,CAKE12756"
1083,CAKE11460,"CAKE11460,CAKE11014","CAKE11462,CAKE11460,CAKE11459"
1086,CAKE11014,"CAKE11460,CAKE11014","CAKE11009,CAKE11014,CAKE11012"
1084,CAKE11459,"CAKE11459,CAKE11012","CAKE11462,CAKE11460,CAKE11459"
1087,CAKE11012,"CAKE11459,CAKE11012","CAKE11009,CAKE11014,CAKE11012"
1082,CAKE11462,"CAKE11462,CAKE11009","CAKE11462,CAKE11460,CAKE11459"
1085,CAKE11009,"CAKE11462,CAKE11009","CAKE11009,CAKE11014,CAKE11012"
1348,CAKE9249,"CAKE9249,CAKE10589","CAKE9247,CAKE9249,CAKE9241"
1349,CAKE10589,"CAKE9249,CAKE10589","CAKE10590,CAKE10589,CAKE10582"
1350,CAKE9241,"CAKE9241,CAKE10582","CAKE9247,CAKE9249,CAKE9241"
1351,CAKE10582,"CAKE9241,CAKE10582","CAKE10590,CAKE10589,CAKE10582"
1352,CAKE9247,"CAKE9247,CAKE10590","CAKE9247,CAKE9249,CAKE9241"
1353,CAKE10590,"CAKE9247,CAKE10590","CAKE10590,CAKE10589,CAKE10582"
1237,CAKE8624,"CAKE8624,CAKE12062","CAKE8621,CAKE8624,CAKE8623"
1232,CAKE12062,"CAKE8624,CAKE12062","CAKE12063,CAKE12062,CAKE12073"
1236,CAKE8623,"CAKE8623,CAKE12073","CAKE8621,CAKE8624,CAKE8623"
1234,CAKE12073,"CAKE8623,CAKE12073","CAKE12063,CAKE12062,CAKE12073"
1235,CAKE8621,"CAKE8621,CAKE12063","CAKE8621,CAKE8624,CAKE8623"
1233,CAKE12063,"CAKE8621,CAKE12063","CAKE12063,CAKE12062,CAKE12073"
1411,CAKE9789,"CAKE9789,CAKE12094","CAKE9789,CAKE9788"
1409,CAKE12094,"CAKE9789,CAKE12094","CAKE12094,CAKE12093"
1410,CAKE9788,"CAKE9788,CAKE12093","CAKE9789,CAKE9788"
1408,CAKE12093,"CAKE9788,CAKE12093","CAKE12094,CAKE12093"
1378,CAKE9340,"CAKE9340,CAKE10893","CAKE9404,CAKE9340,CAKE9376"
1379,CAKE10893,"CAKE9340,CAKE10893","CAKE10889,CAKE10893,CAKE10891"
1380,CAKE9376,"CAKE9376,CAKE10891","CAKE9404,CAKE9340,CAKE9376"
1381,CAKE10891,"CAKE9376,CAKE10891","CAKE10889,CAKE10893,CAKE10891"
1382,CAKE9404,"CAKE9404,CAKE10889","CAKE9404,CAKE9340,CAKE9376"
1383,CAKE10889,"CAKE9404,CAKE10889","CAKE10889,CAKE10893,CAKE10891"
1288,CAKE8748,"CAKE8748,CAKE11520","CAKE8746,CAKE8748,CAKE8750"
1289,CAKE11520,"CAKE8748,CAKE11520","CAKE11522,CAKE11520,CAKE11525"
1290,CAKE8750,"CAKE8750,CAKE11525","CAKE8746,CAKE8748,CAKE8750"
1291,CAKE11525,"CAKE8750,CAKE11525","CAKE11522,CAKE11520,CAKE11525"
1292,CAKE8746,"CAKE8746,CAKE11522","CAKE8746,CAKE8748,CAKE8750"
1293,CAKE11522,"CAKE8746,CAKE11522","CAKE11522,CAKE11520,CAKE11525"
1166,CAKE8045,"CAKE8045,CAKE11352","CAKE8048,CAKE8045,CAKE8043"
1167,CAKE11352,"CAKE8045,CAKE11352","CAKE11365,CAKE11352,CAKE11344"
1168,CAKE8043,"CAKE8043,CAKE11344","CAKE8048,CAKE8045,CAKE8043"
1169,CAKE11344,"CAKE8043,CAKE11344","CAKE11365,CAKE11352,CAKE11344"
1170,CAKE8048,"CAKE8048,CAKE11365","CAKE8048,CAKE8045,CAKE8043"
1171,CAKE11365,"CAKE8048,CAKE11365","CAKE11365,CAKE11352,CAKE11344"
1130,CAKE6069,"CAKE6069,CAKE11839","CAKE6071,CAKE6069,CAKE6079"
1131,CAKE11839,"CAKE6069,CAKE11839","CAKE11838,CAKE11839,CAKE11832"
1132,CAKE6079,"CAKE6079,CAKE11832","CAKE6071,CAKE6069,CAKE6079"
1133,CAKE11832,"CAKE6079,CAKE11832","CAKE11838,CAKE11839,CAKE11832"
1134,CAKE6071,"CAKE6071,CAKE11838","CAKE6071,CAKE6069,CAKE6079"
1135,CAKE11838,"CAKE6071,CAKE11838","CAKE11838,CAKE11839,CAKE11832"
1226,CAKE8577,"CAKE8577,CAKE11044","CAKE8575,CAKE8577,CAKE8579"
1227,CAKE11044,"CAKE8577,CAKE11044","CAKE11046,CAKE11044,CAKE11054"
1228,CAKE8579,"CAKE8579,CAKE11054","CAKE8575,CAKE8577,CAKE8579"
1229,CAKE11054,"CAKE8579,CAKE11054","CAKE11046,CAKE11044,CAKE11054"
1230,CAKE8575,"CAKE8575,CAKE11046","CAKE8575,CAKE8577,CAKE8579"
1231,CAKE11046,"CAKE8575,CAKE11046","CAKE11046,CAKE11044,CAKE11054"
1437,CAKE37976,"CAKE37976,CAKE37980","CAKE37976,CAKE37978"
1441,CAKE37980,"CAKE37976,CAKE37980","CAKE37980,CAKE37979"
1439,CAKE37978,"CAKE37978,CAKE37979","CAKE37976,CAKE37978"
1440,CAKE37979,"CAKE37978,CAKE37979","CAKE37980,CAKE37979"
1438,CAKE37977,"CAKE37977,CAKE37972","CAKE37976,CAKE37978"
1436,CAKE37972,"CAKE37977,CAKE37972","CAKE37980,CAKE37979"
1431,CAKE37940,"CAKE37940,CAKE37942","CAKE37940,CAKE37939"
1432,CAKE37942,"CAKE37940,CAKE37942","CAKE37942,CAKE37947"
1430,CAKE37939,"CAKE37939,CAKE37947","CAKE37940,CAKE37939"
1435,CAKE37947,"CAKE37939,CAKE37947","CAKE37942,CAKE37947"
1433,CAKE37943,"CAKE37943,CAKE37945","CAKE37940,CAKE37939"
1434,CAKE37945,"CAKE37943,CAKE37945","CAKE37942,CAKE37947"
1246,CAKE8627,"CAKE8627,CAKE12098","CAKE8627,CAKE8630"
1245,CAKE12098,"CAKE8627,CAKE12098","CAKE12098,CAKE12096"
1247,CAKE8630,"CAKE8630,CAKE12096","CAKE8627,CAKE8630"
1244,CAKE12096,"CAKE8630,CAKE12096","CAKE12098,CAKE12096"
1509,CAKE41934,"CAKE41934,CAKE41930","CAKE41936,CAKE41934,CAKE41932"
1512,CAKE41930,"CAKE41934,CAKE41930","CAKE41933,CAKE41930,CAKE41931"
1510,CAKE41932,"CAKE41932,CAKE41931","CAKE41936,CAKE41934,CAKE41932"
1513,CAKE41931,"CAKE41932,CAKE41931","CAKE41933,CAKE41930,CAKE41931"
1508,CAKE41936,"CAKE41936,CAKE41933","CAKE41936,CAKE41934,CAKE41932"
1511,CAKE41933,"CAKE41936,CAKE41933","CAKE41933,CAKE41930,CAKE41931"
1282,CAKE8717,"CAKE8717,CAKE11510","CAKE8717,CAKE8719"
1283,CAKE11510,"CAKE8717,CAKE11510","CAKE11510,CAKE11507"
1284,CAKE8719,"CAKE8719,CAKE11507","CAKE8717,CAKE8719"
1285,CAKE11507,"CAKE8719,CAKE11507","CAKE11510,CAKE11507"
1286,CAKE8734,"CAKE8734,CAKE11494","CAKE8717,CAKE8719"
1287,CAKE11494,"CAKE8734,CAKE11494","CAKE11510,CAKE11507"
1465,CAKE9082,"CAKE9082,CAKE10603","CAKE9078,CAKE9082,CAKE9055"
1460,CAKE10603,"CAKE9082,CAKE10603","CAKE10604,CAKE10603,CAKE10606"
1463,CAKE9055,"CAKE9055,CAKE10606","CAKE9078,CAKE9082,CAKE9055"
1462,CAKE10606,"CAKE9055,CAKE10606","CAKE10604,CAKE10603,CAKE10606"
1464,CAKE9078,"CAKE9078,CAKE10604","CAKE9078,CAKE9082,CAKE9055"
1461,CAKE10604,"CAKE9078,CAKE10604","CAKE10604,CAKE10603,CAKE10606"
1088,CAKE149,"CAKE149,CAKE12559","CAKE149,CAKE152"
1091,CAKE12559,"CAKE149,CAKE12559","CAKE12559,CAKE12560"
1089,CAKE152,"CAKE152,CAKE12560","CAKE149,CAKE152"
1092,CAKE12560,"CAKE152,CAKE12560","CAKE12559,CAKE12560"
1090,CAKE151,"CAKE151,CAKE12561","CAKE149,CAKE152"
1093,CAKE12561,"CAKE151,CAKE12561","CAKE12559,CAKE12560"
1094,CAKE16019,"CAKE16019,CAKE16017","CAKE16019,CAKE16022"
1097,CAKE16017,"CAKE16019,CAKE16017","CAKE16017,CAKE16016"
1095,CAKE16022,"CAKE16022,CAKE16016","CAKE16019,CAKE16022"
1098,CAKE16016,"CAKE16022,CAKE16016","CAKE16017,CAKE16016"
1096,CAKE16021,"CAKE16021,CAKE16018","CAKE16019,CAKE16022"
1099,CAKE16018,"CAKE16021,CAKE16018","CAKE16017,CAKE16016"
1100,CAKE16077,"CAKE16077,CAKE16074","CAKE16077,CAKE16072"
1103,CAKE16074,"CAKE16077,CAKE16074","CAKE16074,CAKE16075"
1101,CAKE16072,"CAKE16072,CAKE16075","CAKE16077,CAKE16072"
1104,CAKE16075,"CAKE16072,CAKE16075","CAKE16074,CAKE16075"
1102,CAKE16073,"CAKE16073,CAKE16076","CAKE16077,CAKE16072"
1105,CAKE16076,"CAKE16073,CAKE16076","CAKE16074,CAKE16075"
1112,CAKE16258,"CAKE16258,CAKE16264","CAKE16258,CAKE16260"
1115,CAKE16264,"CAKE16258,CAKE16264","CAKE16264,CAKE16266"
1113,CAKE16260,"CAKE16260,CAKE16266","CAKE16258,CAKE16260"
1116,CAKE16266,"CAKE16260,CAKE16266","CAKE16264,CAKE16266"
1114,CAKE16262,"CAKE16262,CAKE16268","CAKE16258,CAKE16260"
1117,CAKE16268,"CAKE16262,CAKE16268","CAKE16264,CAKE16266"
1106,CAKE16257,"CAKE16257,CAKE16263","CAKE16257,CAKE16259"
1109,CAKE16263,"CAKE16257,CAKE16263","CAKE16263,CAKE16265"
1107,CAKE16259,"CAKE16259,CAKE16265","CAKE16257,CAKE16259"
1110,CAKE16265,"CAKE16259,CAKE16265","CAKE16263,CAKE16265"
1108,CAKE16261,"CAKE16261,CAKE16267","CAKE16257,CAKE16259"
1111,CAKE16267,"CAKE16261,CAKE16267","CAKE16263,CAKE16265"
1447,CAKE37990,"CAKE37990,CAKE37981","CAKE37990,CAKE37989"
1442,CAKE37981,"CAKE37990,CAKE37981","CAKE37981,CAKE37984"
1446,CAKE37989,"CAKE37989,CAKE37984","CAKE37990,CAKE37989"
1445,CAKE37984,"CAKE37989,CAKE37984","CAKE37981,CAKE37984"
1443,CAKE37982,"CAKE37982,CAKE37983","CAKE37990,CAKE37989"
1444,CAKE37983,"CAKE37982,CAKE37983","CAKE37981,CAKE37984"
1405,CAKE8631,"CAKE8631,CAKE12103","CAKE8632,CAKE8631,CAKE8634"
1402,CAKE12103,"CAKE8631,CAKE12103","CAKE12104,CAKE12103,CAKE12108"
1407,CAKE8634,"CAKE8634,CAKE12108","CAKE8632,CAKE8631,CAKE8634"
1404,CAKE12108,"CAKE8634,CAKE12108","CAKE12104,CAKE12103,CAKE12108"
1406,CAKE8632,"CAKE8632,CAKE12104","CAKE8632,CAKE8631,CAKE8634"
1403,CAKE12104,"CAKE8632,CAKE12104","CAKE12104,CAKE12103,CAKE12108"
1154,CAKE6897,"CAKE6897,CAKE11230","CAKE6898,CAKE6897,CAKE6892"
1155,CAKE11230,"CAKE6897,CAKE11230","CAKE11243,CAKE11230,CAKE11277"
1156,CAKE6892,"CAKE6892,CAKE11277","CAKE6898,CAKE6897,CAKE6892"
1157,CAKE11277,"CAKE6892,CAKE11277","CAKE11243,CAKE11230,CAKE11277"
1158,CAKE6898,"CAKE6898,CAKE11243","CAKE6898,CAKE6897,CAKE6892"
1159,CAKE11243,"CAKE6898,CAKE11243","CAKE11243,CAKE11230,CAKE11277"
1427,CAKE142,"CAKE142,CAKE12728","CAKE144,CAKE142,CAKE143"
1426,CAKE12728,"CAKE142,CAKE12728","CAKE12727,CAKE12728,CAKE12722"
1428,CAKE143,"CAKE143,CAKE12722","CAKE144,CAKE142,CAKE143"
1424,CAKE12722,"CAKE143,CAKE12722","CAKE12727,CAKE12728,CAKE12722"
1429,CAKE144,"CAKE144,CAKE12727","CAKE144,CAKE142,CAKE143"
1425,CAKE12727,"CAKE144,CAKE12727","CAKE12727,CAKE12728,CAKE12722"
1342,CAKE9208,"CAKE9208,CAKE10965","CAKE9220,CAKE9208,CAKE9236"
1343,CAKE10965,"CAKE9208,CAKE10965","CAKE10966,CAKE10965,CAKE10968"
1344,CAKE9236,"CAKE9236,CAKE10968","CAKE9220,CAKE9208,CAKE9236"
1345,CAKE10968,"CAKE9236,CAKE10968","CAKE10966,CAKE10965,CAKE10968"
1346,CAKE9220,"CAKE9220,CAKE10966","CAKE9220,CAKE9208,CAKE9236"
1347,CAKE10966,"CAKE9220,CAKE10966","CAKE10966,CAKE10965,CAKE10968"
1294,CAKE8789,"CAKE8789,CAKE11121","CAKE8789,CAKE8786"
1295,CAKE11121,"CAKE8789,CAKE11121","CAKE11121,CAKE11136"
1296,CAKE8786,"CAKE8786,CAKE11136","CAKE8789,CAKE8786"
1297,CAKE11136,"CAKE8786,CAKE11136","CAKE11121,CAKE11136"
1298,CAKE8889,"CAKE8889,CAKE11134","CAKE8789,CAKE8786"
1299,CAKE11134,"CAKE8889,CAKE11134","CAKE11121,CAKE11136"
1148,CAKE6875,"CAKE6875,CAKE11228","CAKE6876,CAKE6875,CAKE6874"
1149,CAKE11228,"CAKE6875,CAKE11228","CAKE11227,CAKE11228,CAKE11220"
1150,CAKE6874,"CAKE6874,CAKE11220","CAKE6876,CAKE6875,CAKE6874"
1151,CAKE11220,"CAKE6874,CAKE11220","CAKE11227,CAKE11228,CAKE11220"
1152,CAKE6876,"CAKE6876,CAKE11227","CAKE6876,CAKE6875,CAKE6874"
1153,CAKE11227,"CAKE6876,CAKE11227","CAKE11227,CAKE11228,CAKE11220"
1266,CAKE8660,"CAKE8660,CAKE12480","CAKE8660,CAKE8661"
1267,CAKE12480,"CAKE8660,CAKE12480","CAKE12480,CAKE12478"
1268,CAKE8661,"CAKE8661,CAKE12478","CAKE8660,CAKE8661"
1269,CAKE12478,"CAKE8661,CAKE12478","CAKE12480,CAKE12478"
1178,CAKE8096,"CAKE8096,CAKE11174","CAKE8081,CAKE8096,CAKE8094"
1179,CAKE11174,"CAKE8096,CAKE11174","CAKE11144,CAKE11174,CAKE11167"
1180,CAKE8094,"CAKE8094,CAKE11167","CAKE8081,CAKE8096,CAKE8094"
1181,CAKE11167,"CAKE8094,CAKE11167","CAKE11144,CAKE11174,CAKE11167"
1182,CAKE8081,"CAKE8081,CAKE11144","CAKE8081,CAKE8096,CAKE8094"
1183,CAKE11144,"CAKE8081,CAKE11144","CAKE11144,CAKE11174,CAKE11167"
1300,CAKE8849,"CAKE8849,CAKE10664","CAKE8876,CAKE8849,CAKE8853"
1301,CAKE10664,"CAKE8849,CAKE10664","CAKE10658,CAKE10664,CAKE10662"
1302,CAKE8853,"CAKE8853,CAKE10662","CAKE8876,CAKE8849,CAKE8853"
1303,CAKE10662,"CAKE8853,CAKE10662","CAKE10658,CAKE10664,CAKE10662"
1304,CAKE8876,"CAKE8876,CAKE10658","CAKE8876,CAKE8849,CAKE8853"
1305,CAKE10658,"CAKE8876,CAKE10658","CAKE10658,CAKE10664,CAKE10662"
1196,CAKE8137,"CAKE8137,CAKE11670","CAKE8129,CAKE8137,CAKE8136"
1197,CAKE11670,"CAKE8137,CAKE11670","CAKE11678,CAKE11670,CAKE11672"
1198,CAKE8136,"CAKE8136,CAKE11672","CAKE8129,CAKE8137,CAKE8136"
1199,CAKE11672,"CAKE8136,CAKE11672","CAKE11678,CAKE11670,CAKE11672"
1200,CAKE8129,"CAKE8129,CAKE11678","CAKE8129,CAKE8137,CAKE8136"
1201,CAKE11678,"CAKE8129,CAKE11678","CAKE11678,CAKE11670,CAKE11672"
1306,CAKE8864,"CAKE8864,CAKE10668","CAKE8883,CAKE8864,CAKE8868"
1307,CAKE10668,"CAKE8864,CAKE10668","CAKE11430,CAKE10668,CAKE10660"
1308,CAKE8868,"CAKE8868,CAKE10660","CAKE8883,CAKE8864,CAKE8868"
1309,CAKE10660,"CAKE8868,CAKE10660","CAKE11430,CAKE10668,CAKE10660"
1310,CAKE8883,"CAKE8883,CAKE11430","CAKE8883,CAKE8864,CAKE8868"
1311,CAKE11430,"CAKE8883,CAKE11430","CAKE11430,CAKE10668,CAKE10660"
1354,CAKE9272,"CAKE9272,CAKE10942","CAKE9270,CAKE9272,CAKE9291"
1355,CAKE10942,"CAKE9272,CAKE10942","CAKE10944,CAKE10942,CAKE10948"
1356,CAKE9291,"CAKE9291,CAKE10948","CAKE9270,CAKE9272,CAKE9291"
1357,CAKE10948,"CAKE9291,CAKE10948","CAKE10944,CAKE10942,CAKE10948"
1358,CAKE9270,"CAKE9270,CAKE10944","CAKE9270,CAKE9272,CAKE9291"
1359,CAKE10944,"CAKE9270,CAKE10944","CAKE10944,CAKE10942,CAKE10948"
1360,CAKE9332,"CAKE9332,CAKE10940","CAKE9330,CAKE9332,CAKE9335"
1361,CAKE10940,"CAKE9332,CAKE10940","CAKE10941,CAKE10940,CAKE10952"
1362,CAKE9335,"CAKE9335,CAKE10952","CAKE9330,CAKE9332,CAKE9335"
1363,CAKE10952,"CAKE9335,CAKE10952","CAKE10941,CAKE10940,CAKE10952"
1364,CAKE9330,"CAKE9330,CAKE10941","CAKE9330,CAKE9332,CAKE9335"
1365,CAKE10941,"CAKE9330,CAKE10941","CAKE10941,CAKE10940,CAKE10952"
1208,CAKE8254,"CAKE8254,CAKE11321","CAKE8256,CAKE8254,CAKE8252"
1209,CAKE11321,"CAKE8254,CAKE11321","CAKE11320,CAKE11321,CAKE11313"
1210,CAKE8252,"CAKE8252,CAKE11313","CAKE8256,CAKE8254,CAKE8252"
1211,CAKE11313,"CAKE8252,CAKE11313","CAKE11320,CAKE11321,CAKE11313"
1212,CAKE8256,"CAKE8256,CAKE11320","CAKE8256,CAKE8254,CAKE8252"
1213,CAKE11320,"CAKE8256,CAKE11320","CAKE11320,CAKE11321,CAKE11313"
1318,CAKE8902,"CAKE8902,CAKE11407","CAKE8902,Special Photo Cake 3kg"
1319,CAKE11407,"CAKE8902,CAKE11407","CAKE11407,Special Photo Cake 3kg Eggless"
1320,CAKE8906,"CAKE8906,CAKE11425","CAKE8902,Special Photo Cake 3kg"
1321,CAKE11425,"CAKE8906,CAKE11425","CAKE11407,Special Photo Cake 3kg Eggless"
1312,CAKE8933,"CAKE8933,CAKE11414","CAKE8930,CAKE8933,CAKE8910"
1313,CAKE11414,"CAKE8933,CAKE11414","CAKE11411,CAKE11414,CAKE11412"
1314,CAKE8910,"CAKE8910,CAKE11412","CAKE8930,CAKE8933,CAKE8910"
1315,CAKE11412,"CAKE8910,CAKE11412","CAKE11411,CAKE11414,CAKE11412"
1316,CAKE8930,"CAKE8930,CAKE11411","CAKE8930,CAKE8933,CAKE8910"
1317,CAKE11411,"CAKE8930,CAKE11411","CAKE11411,CAKE11414,CAKE11412"
1336,CAKE9203,"CAKE9203,CAKE11912","CAKE9207,CAKE9203,CAKE9204"
1337,CAKE11912,"CAKE9203,CAKE11912","CAKE11910,CAKE11912,CAKE11911"
1338,CAKE9204,"CAKE9204,CAKE11911","CAKE9207,CAKE9203,CAKE9204"
1339,CAKE11911,"CAKE9204,CAKE11911","CAKE11910,CAKE11912,CAKE11911"
1340,CAKE9207,"CAKE9207,CAKE11910","CAKE9207,CAKE9203,CAKE9204"
1341,CAKE11910,"CAKE9207,CAKE11910","CAKE11910,CAKE11912,CAKE11911"
1077,CAKE0091,"CAKE0091,CAKE10571","CAKE00115,CAKE0091,CAKE9799"
1080,CAKE10571,"CAKE0091,CAKE10571","CAKE10570,CAKE10571,CAKE10572"
1078,CAKE9799,"CAKE9799,CAKE10572","CAKE00115,CAKE0091,CAKE9799"
1081,CAKE10572,"CAKE9799,CAKE10572","CAKE10570,CAKE10571,CAKE10572"
1079,CAKE10570,"CAKE10570,CAKE00115","CAKE10570,CAKE10571,CAKE10572"
1076,CAKE00115,"CAKE10570,CAKE00115","CAKE00115,CAKE0091,CAKE9799"
1372,CAKE9509,"CAKE9509,CAKE12862","CAKE9471,CAKE9509,CAKE9506"
1373,CAKE12862,"CAKE9509,CAKE12862","CAKE12864,CAKE12862,CAKE12868"
1374,CAKE9506,"CAKE9506,CAKE12868","CAKE9471,CAKE9509,CAKE9506"
1375,CAKE12868,"CAKE9506,CAKE12868","CAKE12864,CAKE12862,CAKE12868"
1376,CAKE9471,"CAKE9471,CAKE12864","CAKE9471,CAKE9509,CAKE9506"
1377,CAKE12864,"CAKE9471,CAKE12864","CAKE12864,CAKE12862,CAKE12868"
1160,CAKE6926,"CAKE6926,CAKE11297","CAKE6927,CAKE6926,CAKE6925"
1161,CAKE11297,"CAKE6926,CAKE11297","CAKE11262,CAKE11297,CAKE11299"
1162,CAKE6925,"CAKE6925,CAKE11299","CAKE6927,CAKE6926,CAKE6925"
1163,CAKE11299,"CAKE6925,CAKE11299","CAKE11262,CAKE11297,CAKE11299"
1164,CAKE6927,"CAKE6927,CAKE11262","CAKE6927,CAKE6926,CAKE6925"
1165,CAKE11262,"CAKE6927,CAKE11262","CAKE11262,CAKE11297,CAKE11299"
1324,CAKE8924,"CAKE8924,CAKE11403","CAKE8919,CAKE8924,CAKE8892"
1325,CAKE11403,"CAKE8924,CAKE11403","CAKE11405,CAKE11403,CAKE11409"
1326,CAKE8892,"CAKE8892,CAKE11409","CAKE8919,CAKE8924,CAKE8892"
1327,CAKE11409,"CAKE8892,CAKE11409","CAKE11405,CAKE11403,CAKE11409"
1328,CAKE8919,"CAKE8919,CAKE11405","CAKE8919,CAKE8924,CAKE8892"
1329,CAKE11405,"CAKE8919,CAKE11405","CAKE11405,CAKE11403,CAKE11409"
1521,CAKE41978,"CAKE41978,CAKE41981","CAKE42002,CAKE41978,CAKE41979"
1524,CAKE41981,"CAKE41978,CAKE41981","CAKE41980,CAKE41981,CAKE41977"
1522,CAKE41979,"CAKE41979,CAKE41977","CAKE42002,CAKE41978,CAKE41979"
1525,CAKE41977,"CAKE41979,CAKE41977","CAKE41980,CAKE41981,CAKE41977"
1520,CAKE42002,"CAKE42002,CAKE41980","CAKE42002,CAKE41978,CAKE41979"
1523,CAKE41980,"CAKE42002,CAKE41980","CAKE41980,CAKE41981,CAKE41977"
1322,CAKE8879,"CAKE8879,CAKE11422","CAKE8902,CAKE8906,CAKE8879"
1184,CAKE8110,"CAKE8110,CAKE11151","CAKE8114,CAKE8110,CAKE8126"
1480,CAKE42194,"CAKE42194,CAKE42189","CAKE42232,CAKE42193,CAKE42194"
1479,CAKE42193,"CAKE42193,CAKE42192","CAKE42232,CAKE42193,CAKE42194"
1478,CAKE42232,"CAKE42232,CAKE42191","CAKE42232,CAKE42193,CAKE42194"
1477,CAKE42201,"CAKE42202,CAKE42201","CAKE42204,CAKE42200,CAKE42201"
1476,CAKE42200,"CAKE42206,CAKE42200","CAKE42204,CAKE42200,CAKE42201"
1475,CAKE42204,"CAKE42177,CAKE42204","CAKE42204,CAKE42200,CAKE42201"
1483,CAKE42189,"CAKE42194,CAKE42189","CAKE42191,CAKE42192,CAKE42189"
1482,CAKE42192,"CAKE42193,CAKE42192","CAKE42191,CAKE42192,CAKE42189"
1481,CAKE42191,"CAKE42232,CAKE42191","CAKE42191,CAKE42192,CAKE42189"
1466,CAKE42182,"CAKE42182,CAKE42181","CAKE42182,CAKE42183,CAKE42180"
1468,CAKE42180,"CAKE42180,CAKE42179","CAKE42182,CAKE42183,CAKE42180"
1467,CAKE42183,"CAKE42183,CAKE42178","CAKE42182,CAKE42183,CAKE42180"
1471,CAKE42179,"CAKE42180,CAKE42179","CAKE42181,CAKE42178,CAKE42179"
1469,CAKE42181,"CAKE42182,CAKE42181","CAKE42181,CAKE42178,CAKE42179"
1470,CAKE42178,"CAKE42183,CAKE42178","CAKE42181,CAKE42178,CAKE42179"
1474,CAKE42202,"CAKE42202,CAKE42201","CAKE42177,CAKE42206,CAKE42202"
1473,CAKE42206,"CAKE42206,CAKE42200","CAKE42177,CAKE42206,CAKE42202"
1472,CAKE42177,"CAKE42177,CAKE42204","CAKE42177,CAKE42206,CAKE42202"
1323,CAKE11422,"CAKE8879,CAKE11422","CAKE11407,CAKE11425,CAKE11422"
1185,CAKE11151,"CAKE8110,CAKE11151","CAKE11150,CAKE11151,CAKE11152"
138,F17-VRTEXFNP184-12,,"F17-VRTEXFNP183-12,F17-VRTEXFNP184-12,F17-EXDFNP536"
140,F17-VRTEXFNP183-12,,"F17-VRTEXFNP183-12,F17-VRTEXFNP184-12,F17-EXDFNP536"
