Categories in Header,Sub-Categories Under Non-Clickable Name,Sub-Categories,Sub-Categories URL's
Under 499,0,0,under-499
Diwali Gifts,Diwali Special Gifts,Best Diwali Gifts,diwali/gifts
,,Laxmi Ganesh Gifts,diwali/god-idols
,,Diwali Home Decor,diwali/home-decor
,,Diwali Puja Thali,diwali/puja-thali
,,Diwali Candles & Diyas,diwali/candles-and-diyas
,,Diwali Gift Hampers,diwali/gift-hampers
,,Diwali Personalized Gifts,diwali/personalized-gifts
,Sweets for Diwali,Diwali Sweets Online,diwali/sweets
,,Diwali Dry Fruits,diwali/dryfruits
,,Diwali Chocolates,diwali/chocolates
,Gifts by Recipient,Diwali Gifts for Family,diwali/gifts-for-parents
,,Diwali Gifts for Husband,diwali/gifts-for-husband
,,Diwali Gifts for Wife,diwali/gifts-for-wife
,,Diwali Gifts for Boyfriend,diwali/gifts-for-boyfriend
,,Diwali Gifts for Girlfriend,diwali/gifts-for-girlfriend
,,Diwali Gifts for Friend,diwali/gifts-for-friend
,,Diwali Gifts for Brother,diwali/gifts-for-brother
,,Diwali Gifts for Sister,diwali/gifts-for-sister
,,Diwali Gifts for Kids,diwali/gifts-for-kids
,Diwali Gifts by City,Diwali Gifts for Delhi,diwali/gifts-to-delhi
,,Diwali Gifts for Mumbai,diwali/gifts-to-mumbai
,,Diwali Gifts for Kolkata,diwali/gifts-to-kolkata
,,Diwali Gifts for Chennai,diwali/gifts-to-chennai
,,Diwali Gifts for Bangalore,diwali/gifts-to-bangalore
,,Diwali Gifts for Hyderabad,diwali/gifts-to-hyderabad
,,Diwali Gifts for Pune,diwali/gifts-to-pune
,,Diwali Gifts for Jaipur,diwali/gifts-to-jaipur
,,Diwali Gifts for Gurgaon,diwali/gifts-to-gurgaon
,Diwali International Delivery,Diwali Gifts for USA,diwali/gifts-to-usa
,,Diwali Gifts for UK,diwali/gifts-to-uk
,,Diwali Gifts for Australia,diwali/gifts-to-australia
,,Diwali Gifts for Canada,diwali/gifts-to-canada
,,Diwali Gifts for Singapore,diwali/gifts-to-singapore
,,Diwali Gifts for UAE,diwali/gifts-to-uae
Bhai Dooj Gifts,Bhai Dooj Special Gifts,Bhai Dooj Gifts,bhai-dooj/gifts
,,Bhai Dooj Sweets,bhai-dooj/sweets
,,Bhai Dooj Dryfruits,bhai-dooj/dryfruits
,,Bhai Dooj Chocolates,bhai-dooj/chocolates
,,Bhai Dooj Gift Hampers,bhai-dooj/gift-hampers
,Bhai Dooj Personalized Gifts,Bhai Dooj Personalized Gifts,bhai-dooj/personalized-gifts
,,Bhai Dooj Personalized Cushions,bhai-dooj/personalized-cushions
,,Bhai Dooj Personalized Mugs,bhai-dooj/personalized-mugs
,Gift by Recipient,Bhai Dooj Gifts for Brother,bhai-dooj/gifts-for-brother
,,Bhai Dooj Gifts for Sister,bhai-dooj/gifts-for-sister
,,Bhai Dooj Gifts for Kids,bhai-dooj/gifts-for-kids
Today Delivery,Flowers,All Flowers,flowers
,,Roses,roses
,,Carnations,carnations
,,Lilies,lilies
,,Mixed Flowers,mixed-flowers
,Cakes,All Cakes,cakes
,,Chocolate Cake,chocolate-cakes
,,Eggless cake,eggless-cakes
,Gifts,All Gifts,same-day-delivery
,,Flowers With Cake,flowers-with-cake
,,Flowers with Chocolate,flowers-with-chocolates
,,Flowers with Sweets,flowers-with-sweets
Birthday,Flowers,Birthday Flowers,birthday/flowers
,,Flowers with Cakes,birthday/flowers-with-cake
,,Flowers with Chocolates,birthday/flowers-with-chocolates
,,Flowers with Sweets,birthday/flowers-with-sweets
,Cakes,Birthday Cakes,birthday/cakes
,,Chocolate Cakes,birthday/chocolate-cakes
,,Black Forest Cakes,birthday/black-forest-cakes
,,Butterscotch Cakes,birthday/butterscoth-cakes
,,Pineapple Cakes,birthday/pineapple-cakes
,,Eggless Cakes,birthday/eggless-cakes
,Gifts,All Birthday Gifts,birthday/gifts
,,Personalized Gifts,birthday/personalized-gifts
,,Mugs & Cups,birthday/personalized-mugs
,,Cushions & Pillow,birthday/personalized-cushions
,,Soft Toys,birthday/soft-toys
,,Gift Hampers,birthday/gift-hampers
,,Chocolates,birthday/chocolates
,Plants,Plants,birthday/plants
,Gifts by Relation,Him,birthday/gifts-for-him
,,Her,birthday/gifts-for-her
,,Boyfriend,birthday/gifts-for-boyfriend
,,Girlfriend,birthday/gifts-for-girlfriend
,,Friend,birthday/gifts-for-friend
,,Brother,birthday/gifts-for-brother
,,Sister,birthday/gifts-for-sister
,,Husband,birthday/gifts-for-husband
,,Wife,birthday/gifts-for-wife
,City Special,New Delhi,birthday/gifts-to-delhi
,,Mumbai,birthday/gifts-to-mumbai
,,Bangalore,birthday/gifts-to-bangalore
,,Hyderabad,birthday/gifts-to-hyderabad
,,Chennai,birthday/gifts-to-chennai
,,Kolkata,birthday/gifts-to-kolkata
,,Ahmedabad,birthday/gifts-to-ahmedabad
,,Pune,birthday/gifts-to-pune
,,Jaipur,birthday/gifts-to-jaipur
,,Gurgaon,birthday/gifts-to-gurgaon
,,More Cities,gifts-to-all-cities
Anniversary,Flowers,Anniversary Flowers,anniversary/flowers
,,Flower Bouquets,anniversary/flower-bouquets
,,Flowers with Chocolates,anniversary/flowers-with-chocolates
,,Flowers with Cakes,anniversary/flowers-with-cake
,Cakes,Anniversary Cakes,anniversary/cakes
,,Chocolate Cakes,anniversary/chocolate-cakes
,,Black Forest Cakes,anniversary/black-forest-cakes
,,Butterscotch Cakes,anniversary/butterscoth-cakes
,,Pineapple Cakes,anniversary/pineapple-cakes
,,Eggless Cakes,anniversary/eggless-cakes
,Gifts,All Anniversary Gifts,anniversary/gifts
,,Personalized Gifts,anniversary/personalized-gifts
,,Romantic Gifts,anniversary/romantic-gifts
,,Gift Hampers,anniversary/gift-hampers
,,Chocolates,chocolates
,,Chocolates Bouquet,chocolates-bouquet
,Plants,Plants,plants
,Cities,New Delhi,anniversary/gifts-to-delhi
,,Mumbai,anniversary/gifts-to-mumbai
,,Bangalore,anniversary/gifts-to-bangalore
,,Hyderabad,anniversary/gifts-to-hyderabad
,,Chennai,anniversary/gifts-to-chennai
,,Kolkata,anniversary/gifts-to-kolkata
,,Ahmedabad,anniversary/gifts-to-ahmedabad
,,Pune,anniversary/gifts-to-pune
,,Jaipur,anniversary/gifts-to-jaipur
,,Gurgaon,anniversary/gifts-to-gurgaon
,,More Cities,gifts-to-all-cities
Flowers,Flowers by Arrangement,Flower Bouquets,flower-bouquets
,,Flower Arrangements,flower-arrangements
,,Basket Arrangements,basket-arrangements
,,Vase Arrangements,vase-arrangements
,Flower Hampers,Flowers with Cake,flowers-with-cake
,,Flowers with Chocolates,flowers-with-chocolates
,,Flowers with Sweets,flowers-with-sweets
,,Flowers with dry fruits,flowers-with-dry-fruits
,Flowers by Type,Roses,roses
,,Carnations,carnations
,,Lilies,lilies
,,Orchids,orchids
,,Mixed Flowers,mixed-flowers
,Flowers by Occasion,Birthday Flowers,birthday/flowers
,,Anniversary Flowers,anniversary/flowers
,,Wedding Flowers,wedding/flowers
,,Congratulations Flowers,congratulations/flowers
,,Get Well Soon Flowers,get-well-soon/flowers
,,Thank You Flowers,thank-you/flowers
,,Miss You Flowers,missing-you/flowers
,,Sympathy Flowers,sympathy/flowers
,,I m Sorry Flowers,sorry/flowers
,,Good Luck Flowers,good-luck/flowers
,,All Flowers,flowers
,City Special,New Delhi,Flowers-to-delhi
,,Mumbai,flowers-to-mumbai
,,Bangalore,flowers-to-bangalore
,,Hyderabad,flowers-to-hyderabad
,,Chennai,flowers-to-chennai
,,Kolkata,flowers-to-kolkata
,,Ahmedabad,flowers-to-ahmedabad
,,Pune,flowers-to-pune
,,Jaipur,flowers-to-jaipur
,,Gurgaon,flowers-to-gurgaon
,,More Cities,flowers-to-all-cities
Cakes,Cakes,All Cakes,cakes
,,Chocolate Cakes,chocolate-cakes
,,Black Forest Cakes,black-forest-cakes
,,Butterscotch Cakes,butterscotch-cakes
,,Pineapple Cakes,pineapple-cakes
,,Eggless Cakes,eggless-cakes
,Cakes by Type,Heart Shaped Cakes,heart-shaped-cakes
,,Cupcakes,cupcakes
,,Designer Cakes,designer-cakes
,,Cartoon Cakes,cartoon-cakes
,,Photo Cakes,photo-cakes
,,All Cakes,cakes
,Cakes by Occasion,Birthday Cakes,birthday/cakes
,,Anniversary Cakes,anniversary/cakes
,,Wedding Cakes,wedding/cakes
,,All Cakes,cakes
,Cakes by Relation,Kids,birthday/cakes-for-kids
,,Boyfriend,cakes-for-boyfriend
,,Girlfriend,cakes-for-girlfriend
,,Husband,cakes-for-husband
,,Wife,cakes-for-wife
,,Father,cakes-for-father
,,Mother,cakes-for-mother
,Cities,New Delhi,cakes-to-delhi
,,Mumbai,cakes-to-mumbai
,,Bangalore,cakes-to-bangalore
,,Hyderabad,cakes-to-hyderabad
,,Chennai,cakes-to-chennai
,,Kolkata,cakes-to-kolkata
,,Ahmedabad,cakes-to-ahmedabad
,,Pune,cakes-to-pune
,,Jaipur,cakes-to-jaipur
,,Gurgaon,cakes-to-gurgaon
,,More Cities,cakes-to-all-cities
Gifts,Flowers,All Flowers,flowers
,,Roses,roses
,,Carnations,carnations
,,Lilies,lilies
,,Mixed Flowers,mixed-flowers
,,Flower Bouquets,flower-bouquets
,,Flower Arrangements,flower-arrangements
,,Basket Arrangements,basket-arrangements
,,Vase Arrangements,vase-arrangements
,Cakes,All Cakes,cakes
,,Chocolate Cake,chocolate-cakes
,,Eggless cake,eggless-cakes
,Personalized Gifts,All Gifts,gifts
,,All Personalized Gifts,personalized-gifts
,,Mugs & Cups,personalized-mugs
,,Cushions & Pillow,personalized-cushions
,,Photo Frames,personalized-photo-frames
,,Chocolates,personalized-chocolates
,Combos,Flowers With Cake,flowers-with-cake
,,Flowers with Chocolate,flowers-with-chocolates
,,Flowers with Sweets,flowers-with-sweets
,Gifts by Relation,Him,gifts-for-him
,,Her,gifts-for-her
,,Husband,gifts-for-husband
,,Wife,gifts-for-wife
,,Boyfriend,gifts-for-boyfriend
,,Girlfriend,gifts-for-girlfriend
,,Friend,gifts-for-friend
,,Brother,gifts-for-brother
,,Sister,gifts-for-sister
,,Father,gifts-for-father
,,Mother,gifts-for-mother
,Plants,Plants,plants
Occasions,Everyday Occasions,Birthday,birthday/gifts
,,Anniversary,anniversary/gifts
,,Wedding,wedding/gifts
,,Congratulations,congratulations/gifts
,,Romantic,romantic/gifts
,,Get Well Soon,get-well-soon/flowers
,,Thank You,thank-you/gifts
,,Sympathy,sympathy/flowers
,,Baby Shower,baby-shower/gifts
,,I m Sorry,sorry/flowers
,Upcoming Occasions,Diwali Gifts,diwali/gifts
,,Bhai Dooj,bhai-dooj/gifts
,,Karwa Chauth Gifts,karwa-chauth/gifts
International,Top Countries,USA,usa/gifts
,,UK,uk/gifts
,,Canada,canada/gifts
,,Australia,australia/gifts
,,UAE,uae/gifts
,,Singapore,singapore/gifts
,,Germany,germany/gifts
,,New Zealand,new-zealand/gifts
,,Malaysia,malaysia/gifts
