product_id,Category ID
5,209
6,75
7,75
8,75
10,75
14,184
15,65
16,4
17,7
18,170
19,55
20,243
21,219
23,55
24,376
25,75
26,209
27,386
29,377
30,110
31,376
32,9
33,75
34,262
35,55
38,211
39,201
40,201
41,262
42,4
43,126
44,4
45,112
46,376
47,243
48,158
49,219
50,55
51,65
54,9
55,376
56,9
57,9
58,377
59,55
60,385
61,9
62,9
63,126
65,55
66,376
67,65
68,160
69,164
70,75
72,4
74,4
75,4
76,4
77,4
79,4
80,4
81,4
82,75
83,4
84,65
86,4
87,90
88,4
89,65
90,4
93,75
94,4
95,4
96,75
97,4
98,4
99,4
100,4
102,4
103,4
104,4
105,4
106,4
107,75
108,75
110,242
112,4
114,55
115,4
116,112
117,4
118,75
121,4
122,65
123,65
124,4
125,4
126,4
127,75
128,75
129,168
130,168
131,168
132,75
133,55
134,75
136,4
137,4
138,75
139,168
140,4
142,4
143,75
144,4
145,4
147,55
148,4
149,75
150,90
151,65
152,65
153,65
154,65
155,65
156,65
157,437
158,160
159,4
160,437
161,158
162,55
163,170
164,4
165,246
166,75
167,55
168,75
170,4
171,205
172,243
173,75
174,242
175,242
176,242
177,242
178,4
179,55
180,164
181,4
182,4
183,164
184,158
185,164
186,164
187,164
188,164
189,164
190,164
191,164
192,164
193,4
194,158
195,158
196,4
197,242
198,164
199,75
200,91
201,91
202,164
203,4
204,4
205,4
206,4
207,4
208,9
209,9
210,164
211,4
212,75
213,4
215,4
216,4
217,4
218,4
219,4
220,4
221,4
222,4
223,4
224,4
225,4
226,4
227,4
228,4
229,4
230,4
231,4
232,4
233,4
234,4
235,4
236,4
237,4
238,4
239,4
240,4
241,4
242,65
243,4
244,4
245,4
246,342
247,4
248,4
249,4
250,4
251,4
252,4
253,4
254,4
255,4
256,4
257,4
258,4
259,4
260,4
261,75
262,376
264,65
265,4
266,4
267,4
268,4
269,4
270,4
273,4
274,4
275,4
276,4
277,4
278,4
279,4
280,4
281,4
284,4
285,75
286,242
287,4
288,4
289,75
290,4
291,4
292,4
293,4
294,4
295,4
296,112
297,168
298,376
299,376
300,64
301,4
302,4
303,4
304,4
305,168
306,168
307,4
308,65
309,4
310,4
311,4
312,4
313,4
314,4
315,48
316,4
317,4
318,4
319,4
320,243
321,4
322,4
323,4
324,4
325,4
326,4
327,4
328,4
329,4
330,4
331,4
332,4
333,4
334,4
335,4
336,4
337,4
338,75
339,4
340,4
341,4
342,207
343,4
344,4
345,4
346,4
348,207
349,207
351,243
354,4
355,243
356,4
357,112
358,4
359,110
360,9
361,4
362,4
363,65
364,90
365,90
366,90
367,11
368,11
369,11
370,11
371,158
372,11
373,158
374,11
375,90
376,11
377,11
378,11
379,11
380,243
381,11
382,243
383,11
384,11
385,168
386,90
387,168
388,11
389,11
390,11
391,112
392,11
393,11
394,11
395,11
396,11
397,11
398,11
399,11
400,11
401,11
402,243
403,158
404,11
405,168
406,11
407,11
408,90
409,168
410,164
411,243
412,11
413,90
414,90
415,90
417,168
418,4
419,9
420,205
421,90
422,371
423,90
424,55
425,371
426,228
427,90
428,75
429,65
430,90
431,91
432,158
433,91
434,91
435,91
436,91
437,91
438,126
439,126
440,260
441,90
442,260
443,376
444,376
445,354
446,75
447,164
448,158
449,205
450,205
451,90
452,164
453,164
454,164
455,164
456,164
457,164
458,164
459,164
460,164
461,164
462,90
463,164
464,164
465,164
466,164
467,164
468,164
469,164
470,164
471,164
472,164
473,90
474,164
475,91
476,91
477,91
478,55
479,201
480,112
481,55
482,211
483,211
484,90
485,262
486,56
487,56
488,207
489,228
490,376
491,376
492,376
493,91
494,258
495,90
496,112
497,55
498,207
499,258
500,376
501,170
502,203
503,254
504,243
505,211
506,90
508,371
509,164
510,243
511,184
512,184
513,377
514,243
515,376
516,91
517,90
518,199
519,65
520,55
521,199
522,243
523,190
524,184
525,164
526,55
527,246
528,64
529,90
530,243
531,164
532,252
533,126
534,126
535,126
536,126
537,91
538,91
539,252
540,90
541,91
542,252
543,9
544,190
545,168
546,168
547,91
548,213
549,9
550,9
551,90
552,9
553,9
554,376
555,9
556,310
557,9
558,9
560,160
561,9
562,90
563,9
564,209
565,377
566,158
567,158
568,125
569,9
570,207
571,112
572,209
573,90
574,207
575,286
576,228
577,9
578,184
579,209
580,201
581,377
582,126
583,205
584,243
585,371
586,91
587,91
588,91
589,91
590,91
591,91
592,91
593,91
594,91
595,56
597,158
598,209
599,376
600,9
601,9
602,9
603,168
604,9
605,431
606,371
607,431
608,9
609,9
610,9
611,9
612,9
613,122
614,168
615,56
616,122
617,168
618,7
619,7
620,56
621,126
622,56
623,90
624,90
625,122
626,90
627,90
628,75
629,376
630,7
631,4
632,55
633,168
634,168
635,168
636,168
637,168
638,126
639,168
640,168
641,75
642,55
643,55
644,55
645,55
646,75
647,184
648,184
649,168
650,184
651,184
652,158
653,160
654,158
655,184
656,184
657,243
658,168
659,243
660,168
661,168
662,246
663,112
664,112
665,65
666,158
667,158
668,252
669,205
670,168
671,254
672,90
673,90
674,377
675,246
676,243
677,376
678,168
679,246
680,122
681,168
682,190
683,168
684,327
685,125
686,90
687,354
688,65
689,205
690,243
691,209
692,201
693,207
694,243
695,160
696,254
697,219
698,164
699,310
700,264
701,203
702,55
703,243
705,9
706,126
707,126
708,376
709,376
710,286
711,201
712,243
713,91
714,9
715,443
716,194
717,126
718,126
719,126
720,327
721,164
722,164
723,243
724,376
725,243
726,55
727,9
728,201
729,243
730,262
732,91
733,8
734,122
736,243
737,4
738,4
739,4
740,4
741,4
742,4
743,4
744,4
745,4
746,4
747,12
748,12
749,12
750,12
751,12
752,12
753,12
754,12
755,12
756,4
757,4
758,376
759,4
760,186
761,8
762,9
763,8
764,8
765,75
766,8
767,8
768,8
769,8
770,8
771,8
772,8
773,8
774,8
775,8
776,8
777,8
778,8
779,8
780,158
781,8
782,8
783,8
784,8
785,8
786,8
787,125
788,8
789,8
790,4
791,4
793,437
794,75
795,4
796,65
797,9
798,9
799,9
800,9
801,9
802,9
3327,4
3332,4
3337,4
3342,4
3347,65
3352,4
3355,4
3360,4
3365,4
3370,4
3375,4
3380,65
3385,4
3390,4
3395,65
3400,4
3405,4
3410,4
3415,4
3420,65
3425,4
3430,65
3435,4
3440,65
3445,65
3450,4
3455,242
3460,219
3465,172
3470,327
3472,164
3475,243
3480,75
3485,75
3490,377
3491,122
3494,377
3495,168
3506,94
3507,94
3508,94
3509,94
3510,94
3511,94
3512,94
3513,94
3514,94
3515,94
3516,94
3517,94
3518,94
3519,94
3520,94
3521,94
3522,94
3523,94
3524,11
3525,11
3526,280
3527,280
3528,280
3529,280
3530,280
3531,280
3532,280
3533,280
3534,4
3535,65
3536,4
3537,280
3538,280
3539,280
3540,280
3541,280
3542,280
3543,280
3544,280
3545,4
3606,75
3611,4
3617,4
3622,4
3627,4
3632,90
3643,4
3648,4
3653,4
3658,122
3663,75
3664,65
3674,4
3675,90
3680,296
3681,296
3682,296
3683,296
3684,296
3685,296
3686,296
3687,296
3688,296
3693,4
3694,9
3697,243
3702,273
3710,345
3711,170
3716,209
3720,295
3721,295
3722,295
3723,295
3724,295
3725,295
3726,295
3727,295
3728,295
3729,295
3730,295
3731,295
3732,295
3733,295
3734,295
3735,295
3736,295
3737,295
3738,90
3743,75
3748,298
3749,298
3750,298
3751,298
3752,298
3753,298
3761,65
3762,65
3763,65
3764,65
3765,65
3766,65
3767,65
3768,65
3774,298
3775,298
3776,298
3777,298
3778,298
3779,298
3780,298
3781,298
3782,298
3783,298
3784,298
3785,298
3786,298
3787,298
3788,298
3789,298
3790,298
3791,298
3792,298
3793,298
3794,298
3795,298
3796,298
3798,298
3799,298
3800,298
3801,298
3802,298
3803,298
3804,298
3805,298
3807,298
3808,298
3809,298
3810,298
3811,298
3812,298
3813,298
3814,298
3816,75
3821,437
3826,75
3831,75
3836,75
3841,75
3846,4
3851,55
3856,55
3861,298
3862,298
3863,298
3864,298
3865,298
3866,298
3867,298
3868,298
3869,298
3870,298
3871,194
3876,194
3881,194
3886,194
3891,190
3896,190
3901,190
3906,190
3907,190
3912,213
3917,213
3921,213
3926,213
3931,213
3932,213
3933,213
3934,213
3939,213
3943,213
3948,213
3949,213
3954,213
3959,213
3964,112
3969,110
3974,112
3979,112
3984,112
3989,205
3994,205
3999,205
4004,205
4009,205
4014,219
4015,219
4020,219
4029,219
4030,219
4035,219
4036,219
4041,219
4046,172
4051,172
4056,172
4061,172
4066,172
4071,219
4072,219
4077,219
4082,219
4086,219
4091,219
4096,219
4097,219
4102,219
4107,219
4112,219
4113,203
4118,203
4123,203
4128,203
4132,203
4136,203
4137,203
4142,219
4147,219
4152,219
4153,199
4158,199
4163,199
4168,199
4173,199
4178,199
4183,199
4188,199
4193,180
4198,180
4203,180
4208,180
4209,180
4214,192
4219,192
4220,192
4224,192
4229,192
4234,201
4239,201
4244,201
4249,201
4254,201
4259,201
4264,168
4269,168
4274,168
4279,168
4284,168
4289,168
4294,168
4299,168
4300,168
4301,160
4306,160
4312,188
4317,126
4322,126
4327,126
4332,126
4337,126
4341,126
4346,122
4351,122
4356,122
4360,262
4364,125
4365,158
4370,170
4375,170
4380,170
4385,170
4390,170
4395,174
4400,174
4405,174
4410,174
4415,174
4420,174
4425,174
4430,174
4435,174
4436,196
4441,196
4446,217
4451,217
4456,217
4461,217
4466,75
4471,4
4476,215
4480,215
4485,207
4490,207
4495,207
4500,168
4505,168
4506,168
4511,168
4516,201
4521,209
4522,209
4527,201
4532,209
4537,209
4542,112
4547,112
4552,112
4557,112
4562,110
4567,112
4572,112
4577,112
4582,112
4587,112
4592,109
4593,109
4594,109
4595,109
4596,109
4597,109
4598,109
4599,109
4600,112
4605,112
4610,112
4621,356
4631,4
4636,4
4641,4
4687,252
4692,377
4698,376
4704,203
4710,348
4715,65
4721,269
4722,126
4727,207
4733,266
4739,262
4744,275
4750,126
4755,271
4760,207
4766,269
4767,266
4777,4
4783,269
4784,273
4789,65
4801,9
4802,190
4812,269
4813,190
4818,122
4822,122
4825,269
4826,170
4831,122
4835,215
4845,4
4846,271
4850,377
4855,356
4861,207
4867,207
4873,273
4879,356
4885,262
4890,269
4891,278
4895,137
4901,213
4912,275
4918,125
4919,262
4924,207
4930,269
4931,122
4942,65
4948,75
4954,75
4960,75
4961,215
4965,126
4966,75
4977,215
4978,122
4984,207
4990,122
4995,190
5004,65
5005,252
5009,271
5015,264
5020,376
5028,361
5033,262
5038,376
5048,75
5054,75
5055,215
5058,373
5063,158
5067,278
5073,160
5076,160
5082,243
5092,4
5093,122
5097,122
5108,207
5109,158
5112,137
5123,219
5124,190
5134,4
5135,125
5141,8
5147,196
5158,269
5159,137
5165,137
5171,278
5176,75
5182,9
5191,137
5197,137
5198,269
5199,269
5200,269
5201,269
5202,262
5208,190
5218,122
5221,271
5226,127
5236,269
5237,203
5242,122
5248,190
5254,269
5255,190
5259,126
5263,55
5268,190
5272,126
5276,9
5280,271
5284,275
5295,122
5299,215
5310,75
5311,8
5317,126
5326,275
5332,275
5333,122
5345,215
5351,377
5355,376
5361,269
5364,345
5365,345
5366,345
5367,345
5368,345
5369,345
5405,110
5411,110
5417,168
5423,65
5429,110
5434,285
5440,75
5446,55
5452,55
5458,55
5464,55
5470,112
5476,112
5482,55
5488,4
5494,5
5500,217
5512,5
5518,112
5524,110
5530,9
5532,75
5538,65
5544,184
5550,285
5556,65
5562,327
5568,164
5574,386
5579,75
5584,285
5589,125
5593,266
5599,327
5604,158
5609,217
5615,327
5621,327
5627,217
5632,217
5637,285
5642,211
5648,9
5651,75
5657,8
5663,8
5669,8
5675,8
5681,8
5687,8
5693,8
5699,8
5705,8
5711,8
5717,8
5723,8
5729,8
5735,8
5741,294
5742,294
5743,294
5744,294
5745,294
5746,294
5747,294
5748,294
5749,294
5750,294
5751,294
5752,294
5753,294
5754,294
5755,294
5756,294
5757,294
5758,294
5759,294
5760,294
5761,294
5762,294
5768,295
5772,295
5773,295
5775,295
5776,295
5777,295
5778,295
5779,295
5781,295
5782,295
5783,295
5784,295
5825,283
5826,283
5833,90
5840,90
5841,90
5848,90
5855,90
5862,90
5869,90
5876,90
5882,90
5886,90
5894,280
5935,356
5942,65
5949,356
5962,65
5969,65
5976,65
5983,65
5990,65
5997,65
6004,65
6011,376
6025,55
6039,55
6046,75
6053,55
6060,75
6067,55
6081,65
6094,55
6101,55
6108,55
6122,55
6129,11
6130,11
6131,11
6132,11
6133,11
6134,11
6139,296
6147,105
6148,327
6149,105
6150,105
6151,105
6152,65
6153,55
6160,55
6167,110
6174,110
6181,110
6188,110
6195,110
6202,110
6209,309
6216,309
6223,309
6230,286
6237,286
6244,309
6251,310
6258,246
6265,246
6272,246
6279,309
6285,309
6291,55
6297,271
6303,271
6309,246
6315,246
6321,246
6327,286
6334,286
6341,309
6346,310
6351,271
6356,271
6361,246
6366,246
6371,246
6376,9
6380,310
6384,9
6388,9
6391,271
6394,310
6397,9
6400,269
6401,269
6402,269
6403,269
6404,269
6405,269
6406,269
6407,269
6408,269
6409,269
6410,269
6411,269
6412,269
6413,269
6414,269
6415,269
6416,269
6417,269
6418,269
6419,269
6420,269
6421,269
6422,269
6423,269
6424,269
6425,269
6426,269
6427,269
6428,269
6429,269
6430,269
6431,269
6432,269
6433,269
6434,269
6435,269
6436,269
6437,269
6438,269
6439,269
6440,269
6441,269
6442,269
6443,269
6444,269
6445,269
6446,269
6447,269
6448,269
6449,269
6450,269
6451,269
6452,269
6453,269
6454,269
6455,269
6456,269
6457,269
6458,269
6459,269
6460,269
6461,269
6462,269
6463,269
6464,269
6465,269
6467,269
6473,269
6479,333
6485,243
6491,333
6497,333
6503,333
6509,243
6515,269
6521,333
6527,269
6533,269
6539,269
6545,243
6551,243
6557,327
6563,254
6568,55
6574,269
6580,269
6586,269
6592,269
6598,269
6604,269
6610,269
6616,269
6622,269
6628,243
6634,335
6640,335
6646,327
6652,266
6658,266
6664,269
6670,327
6676,327
6682,335
6688,275
6694,275
6700,275
6706,65
6712,254
6718,327
6723,65
6728,64
6733,243
6738,327
6743,327
6748,338
6753,327
6758,327
6763,65
6768,65
6773,217
6778,254
6783,254
6788,254
6793,254
6799,65
6804,65
6809,266
6813,310
6817,379
6821,327
6825,335
6830,65
6836,125
6842,335
6848,65
6854,65
6860,65
6866,65
6872,65
6884,65
6896,65
6902,309
6908,122
6918,337
6920,127
6926,376
6932,376
6938,168
6944,174
6950,174
6956,160
6962,126
6968,126
6974,126
6980,126
6986,122
6992,127
6997,286
7002,309
7007,246
7012,246
7017,338
7022,215
7027,215
7032,215
7037,215
7042,215
7047,122
7052,340
7057,371
7062,371
7067,354
7077,180
7082,338
7087,337
7091,337
7095,122
7099,122
7103,164
7107,174
7111,125
7115,340
7119,184
7123,125
7127,112
7131,215
7135,215
7139,215
7143,340
7147,340
7151,219
7155,125
7158,122
7161,286
7167,122
7169,342
7170,342
7171,342
7172,342
7173,190
7179,190
7185,192
7191,217
7197,122
7203,215
7209,215
7215,356
7221,343
7227,4
7233,196
7239,359
7244,340
7250,201
7256,201
7262,190
7268,174
7274,215
7280,207
7286,343
7292,356
7298,228
7304,275
7310,275
7316,199
7322,199
7328,192
7334,192
7340,352
7346,217
7352,337
7358,337
7364,337
7370,337
7376,215
7382,8
7388,352
7394,278
7400,278
7406,354
7412,199
7418,199
7424,199
7430,359
7434,359
7438,359
7442,359
7448,359
7453,359
7458,359
7463,359
7469,346
7475,346
7476,215
7477,346
7478,346
7479,346
7480,346
7481,346
7482,356
7487,356
7492,356
7497,201
7502,201
7507,207
7512,207
7517,207
7522,203
7527,343
7532,275
7537,352
7542,275
7547,228
7552,207
7557,199
7562,190
7567,207
7572,174
7577,174
7582,174
7587,174
7592,196
7597,278
7602,309
7607,354
7612,354
7617,354
7622,199
7627,359
7631,354
7636,359
7641,351
7646,355
7651,343
7656,348
7661,348
7666,201
7670,174
7674,203
7678,203
7682,190
7686,271
7690,190
7694,345
7698,201
7702,343
7706,359
7710,359
7714,343
7718,190
7722,55
7725,55
7729,346
7730,109
7731,346
7732,109
7733,346
7734,243
7735,55
7736,112
7737,109
7738,346
7739,112
7740,109
7741,55
7742,112
7743,55
7744,55
7745,437
7751,55
7770,346
7771,437
7780,369
7781,369
7784,346
7785,168
7786,217
7787,168
7788,340
7793,371
7800,371
7805,348
7810,348
7816,371
7821,371
7825,340
7831,55
7837,55
7843,8
7849,8
7855,8
7861,8
7867,8
7873,8
7879,8
7885,8
7891,354
7897,55
7903,376
7909,8
7915,8
7921,346
7922,346
7923,346
7924,346
7925,170
7926,346
7927,215
7928,192
7933,192
7938,137
7948,192
7953,192
7957,219
7961,9
7964,9
8019,211
8020,170
8021,346
8022,215
8023,211
8024,211
8025,205
8026,340
8027,346
8028,346
8029,205
8030,310
8033,310
8036,310
8039,385
8042,385
8045,207
8049,207
8053,207
8057,384
8061,384
8065,385
8069,385
8073,385
8077,286
8081,385
8085,385
8089,382
8093,382
8097,382
8101,382
8105,382
8109,382
8113,382
8117,382
8121,382
8125,382
8129,382
8133,382
8137,382
8141,382
8145,384
8150,384
8155,385
8160,385
8165,385
8170,385
8175,385
8180,385
8185,385
8190,385
8195,384
8201,384
8207,384
8213,384
8219,345
8223,345
8227,345
8231,345
8237,390
8238,390
8239,390
8240,90
8320,390
8321,390
8322,390
8325,280
8329,280
8333,280
8337,280
8341,280
8345,280
8349,280
8353,280
8357,280
8363,391
8367,391
8371,391
8375,391
8379,391
8383,391
8387,391
8391,391
8395,391
8399,391
8403,342
8404,271
8410,91
8415,407
8421,112
8425,392
8429,112
8433,112
8437,392
8441,243
8445,392
8449,112
8453,112
8459,112
8465,55
8470,409
8474,409
8479,409
8484,409
8489,262
8493,262
8497,262
8500,262
8503,262
8507,271
8511,243
8515,407
8520,407
8525,407
8531,405
8535,405
8539,405
8544,405
8548,405
8552,405
8556,405
8560,405
8564,407
8569,407
8573,112
8578,393
8579,393
8580,393
8581,393
8582,390
8583,390
8584,390
8585,390
8586,346
8587,346
8588,346
8589,346
8590,346
8591,346
8600,9
8602,377
8606,213
8654,190
8658,254
8662,376
8666,243
8671,207
8675,126
8679,403
8683,207
8687,9
8688,431
8692,391
8696,271
8701,207
8705,376
8709,391
8713,348
8717,180
8718,190
8722,190
8726,207
8730,190
8731,207
8735,190
8740,338
8742,407
8747,327
8752,9
8754,431
8758,309
8763,431
8765,431
8767,310
8769,431
8771,431
8775,431
8777,431
8781,391
8786,392
8791,431
8793,431
8795,431
8798,391
8804,327
8810,55
8815,391
8820,395
8821,395
8822,395
8823,395
8824,395
8825,395
8827,395
8833,207
8839,397
8845,397
8851,397
8857,397
8863,397
8869,397
8875,397
8881,397
8883,397
8889,397
8895,401
8900,401
8904,401
8910,91
8913,399
8919,9
8922,55
8927,219
8930,9
8933,55
8939,327
8944,9
8947,55
8953,377
8956,219
8962,436
8968,55
8974,55
8979,55
8985,397
8991,397
8997,399
9000,399
9004,399
9008,399
9013,397
9019,401
9024,401
9029,401
9033,401
9035,401
9038,184
9039,399
9042,399
9045,399
9050,399
9053,207
9058,377
9061,122
9062,219
9064,127
9068,399
9080,207
9136,403
9141,403
9145,403
9149,403
9155,403
9160,441
9165,441
9172,441
9179,441
9186,441
9194,258
9199,258
9205,258
9208,258
9213,258
9217,258
9223,381
9236,443
9237,443
9238,443
9239,443
9240,443
9241,443
9242,264
9243,264
9244,264
9245,264
9246,264
9247,264
9248,264
9249,264
9250,264
9251,127
9258,445
9259,445
9260,445
9261,445
9262,445
9263,445
9264,379
9265,379
9266,379
9267,379
9268,379
9269,379
9270,186
9271,186
9272,188
9273,188
9274,445
9275,445
9276,190
9277,186
9278,188
9279,188
9280,186
9281,445
9282,445
9283,395
9284,395
9285,395
9286,395
9287,379
9288,286
9289,258
9290,271
9291,271
9292,271
9293,271
9294,271
9295,431
9296,215
9297,271
9298,9
9299,271
9300,9
9301,271
9302,9
9303,9
9304,9
9305,445
9306,445
9307,445
9308,445
9309,445
9310,308
9311,308
9312,308
9313,308
9314,308
9315,308
9316,308
9317,308
9318,308
9319,308
9320,262
9321,262
9322,262
9323,262
9324,262
9325,262
9326,262
9327,286
9329,90
9330,90
9331,431
9334,286
9335,9
9338,286
9343,342
9344,342
9345,342
9346,342
9347,342
9350,55
9351,55
9352,55
9353,55
9354,55
9355,55
9356,55
