Section,Type,Category,URL
Flowers,Flowers By Type,All Flowers,/flowers
Flowers,Flowers By Type,Roses,/roses
Flowers,Flowers By Type,Carnations,/carnations
Flowers,Flowers By Type,Lilies,/lilies
Flowers,Flowers By Type,Orchids,/orchids
Flowers,Flowers By Type,Gerberas,/gerberas
Flowers,Flowers By Type,Mixed Flowers,/mixed-flowers
Flowers,Flower Hampers,Flowers With Cake,/flowers-with-cake
Flowers,Flower Hampers,Flowers With Chocolates,/flowers-with-chocolates
Flowers,Flower Hampers,Flowers With Teddy,/flowers-with-teddy
Flowers,Flower Hampers,Flowers With Sweets,/flowers-with-sweets
Flowers,Flower Hampers,Flowers With Dry Fruits,/flowers-with-dry-fruits
Flowers,Flower Hampers,Flowers With Greeting Card,/flowers-with-greeting-card
Flowers,Flowers by Arrangement,Flower Arrangements,/flower-arrangements
Flowers,Flowers by Arrangement,Flower Bouquets,/flower-bouquets
Flowers,Flowers by Arrangement,Basket Arrangements,/basket-arrangements
Flowers,Flowers by Arrangement,Vase Arrangements,/vase-arrangements
Flowers,Flowers By Relation,Flowers for Her,/flowers-for-her
Flowers,Flowers By Relation,Flowers for Him,/flowers-for-him
Flowers,Flowers By Relation,Flowers for Boyfriend,/flowers-for-boyfriend
Flowers,Flowers By Relation,Flowers for Girlfriend,/flowers-for-girlfriend
Flowers,Flowers By Relation,Flowers for Husband,/flowers-for-husband
Flowers,Flowers By Relation,Flowers for Wife,/flowers-for-wife
Flowers,Flowers By Relation,Flowers for Father,/flowers-for-father
Flowers,Flowers By Relation,Flowers for Mother,/flowers-for-mother
Flowers,Flowers By City,Flowers to Agra,/flowers-to-agra
Flowers,Flowers By City,Flowers to Ahmedabad,/flowers-to-ahmedabad
Flowers,Flowers By City,Flowers to Allahabad,/flowers-to-allahabad
Flowers,Flowers By City,Flowers to Amritsar,/flowers-to-amritsar
Flowers,Flowers By City,Flowers to Bangalore,/flowers-to-bangalore
Flowers,Flowers By City,Flowers to Vadodara,/flowers-to-vadodara
Flowers,Flowers By City,Flowers to Bhopal,/flowers-to-bhopal
Flowers,Flowers By City,Flowers to Chandigarh,/flowers-to-chandigarh
Flowers,Flowers By City,Flowers to Chennai,/flowers-to-chennai
Flowers,Flowers By City,Flowers to Coimbatore,/flowers-to-coimbatore
Flowers,Flowers By City,Flowers to Dehradun,/flowers-to-dehradun
Flowers,Flowers By City,Flowers to Delhi,/flowers-to-delhi
Flowers,Flowers By City,Flowers to Faridabad,/flowers-to-faridabad
Flowers,Flowers By City,Flowers to Ghaziabad,/flowers-to-ghaziabad
Flowers,Flowers By City,Flowers to Gurgaon,/flowers-to-gurgaon
Flowers,Flowers By City,Flowers to Hyderabad,/flowers-to-hyderabad
Flowers,Flowers By City,Flowers to Indore,/flowers-to-indore
Flowers,Flowers By City,Flowers to Jaipur,/flowers-to-jaipur
Flowers,Flowers By City,Flowers to Kanpur,/flowers-to-kanpur
Flowers,Flowers By City,Flowers to Kolkata,/flowers-to-kolkata
Flowers,Flowers By City,Flowers to Lucknow,/flowers-to-lucknow
Flowers,Flowers By City,Flowers to Ludhiana,/flowers-to-ludhiana
Flowers,Flowers By City,Flowers to Mumbai,/flowers-to-mumbai
Flowers,Flowers By City,Flowers to Nagpur,/flowers-to-nagpur
Flowers,Flowers By City,Flowers to Noida,/flowers-to-noida
Flowers,Flowers By City,Flowers to Patna,/flowers-to-patna
Flowers,Flowers By City,Flowers to Pune,/flowers-to-pune
Flowers,Flowers By City,Flowers to Guwahati,/flowers-to-guwahati
Flowers,Flowers By City,Flowers to Kochi,/flowers-to-kochi
Flowers,Flowers By City,Flowers to Surat,/flowers-to-surat
Flowers,Flowers By City,Flowers to Mangalore,/flowers-to-mangalore
Flowers,Flowers By City,Flowers to Meerut,/flowers-to-meerut
Flowers,Flowers By City,Flowers to Kota,/flowers-to-kota
Flowers,Flowers By City,Flowers to Bhubaneshwar,/flowers-to-bhubaneshwar
Flowers,Flowers By City,Flowers to Visakhapatnam,/flowers-to-visakhapatnam
Flowers,Flowers By City,Flowers to Bathinda,/flowers-to-bathinda
Flowers,Flowers By City,Flowers to Jammu,/flowers-to-jammu
Flowers,Flowers By City,Flowers to Mysore,/flowers-to-mysore
Flowers,Flowers By City,Flowers to Ambala,/flowers-to-ambala
Flowers,Flowers By City,Flowers to Madurai,/flowers-to-madurai
Flowers,Flowers By City,Flowers to Dhanbad,/flowers-to-dhanbad
Flowers,Flowers By City,Flowers to Moradabad,/flowers-to-moradabad
Flowers,Flowers By City,Flowers to Thrissur,/flowers-to-thrissur
Flowers,Flowers By City,Flowers to Rajkot,/flowers-to-rajkot
Flowers,Flowers By City,Flowers to Thane,/flowers-to-thane
Flowers,Flowers By City,Flowers to Bikaner,/flowers-to-bikaner
Flowers,Flowers By City,Flowers to Nellore,/flowers-to-nellore
Flowers,Flowers By City,Flowers to Salem,/flowers-to-salem
Flowers,Flowers By City,Flowers to Aurangabad,/flowers-to-aurangabad
Flowers,Flowers By City,Flowers to Nashik,/flowers-to-nashik
Flowers,Flowers By City,Flowers to Vijayawada,/flowers-to-vijayawada
Flowers,Flowers By City,Flowers to Panchkula,/flowers-to-panchkula
Flowers,Flowers By City,Flowers to Mohali,/flowers-to-mohali
Flowers,Flowers By City,Flowers to Agartala,/flowers-to-agartala
Flowers,Flowers By City,Flowers to Rohtak,/flowers-to-rohtak
Flowers,Flowers By City,Flowers to Ranchi,/flowers-to-ranchi
Flowers,Flowers By City,Flowers to Udaipur,/flowers-to-udaipur
Flowers,Flowers By City,Flowers to Palakkad,/flowers-to-palakkad
Flowers,Flowers By City,Flowers to Varanasi,/flowers-to-varanasi
Flowers,Flowers By City,Flowers to Warangal,/flowers-to-warangal
Flowers,Flowers By City,Flowers to kalyan Dombivali,/flowers-to-kalyan-dombivali
Flowers,Flowers By City,Flowers to Bhagalpur,/flowers-to-bhagalpur
Flowers,Flowers By City,Flowers to Gorakhpur,/flowers-to-gorakhpur
Flowers,Flowers By City,Flowers to Gaya,/flowers-to-gaya
Flowers,Flowers By City,Flowers to Tirupati,/flowers-to-tirupati
Flowers,Flowers By City,Flowers to Ujjain,/flowers-to-ujjain
Flowers,Flowers By City,Flowers to Raipur,/flowers-to-raipur
Flowers,Flowers By City,Flowers to Patiala,/flowers-to-patiala
Flowers,Flowers By City,Flowers to Guntur,/flowers-to-guntur
Flowers,Flowers By City,Flowers to Gwalior,/flowers-to-gwalior
Flowers,Flowers By City,Flowers to Bhilai,/flowers-to-bhilai
Flowers,Flowers By City,Flowers to All Cities,/flowers-to-all-cities
Cakes,Cakes By Type,All Cakes,/cakes
Cakes,Cakes By Type,Heart Shaped Cakes,/heart-shaped-cakes
Cakes,Cakes By Type,Cupcakes,/cupcakes
Cakes,Cakes By Type,Designer Cakes,/designer-cakes
Cakes,Cakes By Type,Cartoon Cakes,/cartoon-cakes
Cakes,Cakes By Type,Photo Cakes,/photo-cakes
Cakes,Cakes By Type,2 3 Tier Cakes,/2-3-tier-cakes
Cakes,Cakes By Type,Red Velvet Cakes,/red-velvet-cakes
Cakes,Cakes By Type,Five Star Cakes,/five-star-cakes
Cakes,Cakes By Flavour,Chocolate Cakes,/chocolate-cakes
Cakes,Cakes By Flavour,Black Forest Cakes,/black-forest-cakes
Cakes,Cakes By Flavour,Butterscotch Cakes,/butterscotch-cakes
Cakes,Cakes By Flavour,Pineapple Cakes,/pineapple-cakes
Cakes,Cakes By Flavour,Strawberry Cakes,/strawberry-cakes
Cakes,Cakes By Flavour,Vanilla Cakes,/vanilla-cakes
Cakes,Cakes By Flavour,Mixed Fruit Cakes,/mixed-fruit-cakes
Cakes,Cakes By Flavour,Eggless Cakes,/eggless-cakes
Cakes,Cakes By Relation,Cakes for Her,/cakes-for-her
Cakes,Cakes By Relation,Cakes for Him,/cakes-for-him
Cakes,Cakes By Relation,Cakes for Boyfriend,/cakes-for-boyfriend
Cakes,Cakes By Relation,Cakes for Girlfriend,/cakes-for-girlfriend
Cakes,Cakes By Relation,Cakes for Husband,/cakes-for-husband
Cakes,Cakes By Relation,Cakes for Wife,/cakes-for-wife
Cakes,Cakes By Relation,Cakes for Father,/cakes-for-father
Cakes,Cakes By Relation,Cakes for Mother,/cakes-for-mother
Cakes,Cakes By Relation,Cakes for Brother,/cakes-for-brother
Cakes,Cakes By Relation,Cakes for Sister,/cakes-for-sister
Cakes,Cakes By Relation,Cakes for Kids,/cakes-for-kids
Cakes,Cakes By City,Cakes to Agra,/cakes-to-agra
Cakes,Cakes By City,Cakes to Ahmedabad,/cakes-to-ahmedabad
Cakes,Cakes By City,Cakes to Allahabad,/cakes-to-allahabad
Cakes,Cakes By City,Cakes to Amritsar,/cakes-to-amritsar
Cakes,Cakes By City,Cakes to Bangalore,/cakes-to-bangalore
Cakes,Cakes By City,Cakes to Vadodara,/cakes-to-vadodara
Cakes,Cakes By City,Cakes to Bhopal,/cakes-to-bhopal
Cakes,Cakes By City,Cakes to Chandigarh,/cakes-to-chandigarh
Cakes,Cakes By City,Cakes to Chennai,/cakes-to-chennai
Cakes,Cakes By City,Cakes to Coimbatore,/cakes-to-coimbatore
Cakes,Cakes By City,Cakes to Dehradun,/cakes-to-dehradun
Cakes,Cakes By City,Cakes to Delhi,/cakes-to-delhi
Cakes,Cakes By City,Cakes to Faridabad,/cakes-to-faridabad
Cakes,Cakes By City,Cakes to Ghaziabad,/cakes-to-ghaziabad
Cakes,Cakes By City,Cakes to Gurgaon,/cakes-to-gurgaon
Cakes,Cakes By City,Cakes to Hyderabad,/cakes-to-hyderabad
Cakes,Cakes By City,Cakes to Indore,/cakes-to-indore
Cakes,Cakes By City,Cakes to Jaipur,/cakes-to-jaipur
Cakes,Cakes By City,Cakes to Kanpur,/cakes-to-kanpur
Cakes,Cakes By City,Cakes to Kolkata,/cakes-to-kolkata
Cakes,Cakes By City,Cakes to Lucknow,/cakes-to-lucknow
Cakes,Cakes By City,Cakes to Ludhiana,/cakes-to-ludhiana
Cakes,Cakes By City,Cakes to Mumbai,/cakes-to-mumbai
Cakes,Cakes By City,Cakes to Nagpur,/cakes-to-nagpur
Cakes,Cakes By City,Cakes to Noida,/cakes-to-noida
Cakes,Cakes By City,Cakes to Patna,/cakes-to-patna
Cakes,Cakes By City,Cakes to Pune,/cakes-to-pune
Cakes,Cakes By City,Cakes to agartala,/cakes-to-agartala
Cakes,Cakes By City,Cakes to ajmer,/cakes-to-ajmer
Cakes,Cakes By City,Cakes to ambala,/cakes-to-ambala
Cakes,Cakes By City,Cakes to aurangabad,/cakes-to-aurangabad
Cakes,Cakes By City,Cakes to bareilly,/cakes-to-bareilly
Cakes,Cakes By City,Cakes to bathinda,/cakes-to-bathinda
Cakes,Cakes By City,Cakes to bhagalpur,/cakes-to-bhagalpur
Cakes,Cakes By City,Cakes to bhilai,/cakes-to-bhilai
Cakes,Cakes By City,Cakes to bhubaneshwar,/cakes-to-bhubaneshwar
Cakes,Cakes By City,Cakes to bikaner,/cakes-to-bikaner
Cakes,Cakes By City,Cakes to bilaspur,/cakes-to-bilaspur
Cakes,Cakes By City,Cakes to cuttack,/cakes-to-cuttack
Cakes,Cakes By City,Cakes to dhanbad,/cakes-to-dhanbad
Cakes,Cakes By City,Cakes to gaya,/cakes-to-gaya
Cakes,Cakes By City,Cakes to goa,/cakes-to-goa
Cakes,Cakes By City,Cakes to gorakhpur,/cakes-to-gorakhpur
Cakes,Cakes By City,Cakes to guntur,/cakes-to-guntur
Cakes,Cakes By City,Cakes to guwahati,/cakes-to-guwahati
Cakes,Cakes By City,Cakes to gwalior,/cakes-to-gwalior
Cakes,Cakes By City,Cakes to haldwani,/cakes-to-haldwani
Cakes,Cakes By City,Cakes to haridwar,/cakes-to-haridwar
Cakes,Cakes By City,Cakes to jabalpur,/cakes-to-jabalpur
Cakes,Cakes By City,Cakes to jalandhar,/cakes-to-jalandhar
Cakes,Cakes By City,Cakes to jammu,/cakes-to-jammu
Cakes,Cakes By City,Cakes to jamshedpur,/cakes-to-jamshedpur
Cakes,Cakes By City,Cakes to jodhpur,/cakes-to-jodhpur
Cakes,Cakes By City,Cakes to kalyan dombivali,/cakes-to-kalyan-dombivali
Cakes,Cakes By City,Cakes to kannur,/cakes-to-kannur
Cakes,Cakes By City,Cakes to kerala,/cakes-to-kerala
Cakes,Cakes By City,Cakes to kharagpur,/cakes-to-kharagpur
Cakes,Cakes By City,Cakes to kochi,/cakes-to-kochi
Cakes,Cakes By City,Cakes to kollam,/cakes-to-kollam
Cakes,Cakes By City,Cakes to kota,/cakes-to-kota
Cakes,Cakes By City,Cakes to kottayam,/cakes-to-kottayam
Cakes,Cakes By City,Cakes to kozhikode,/cakes-to-kozhikode
Cakes,Cakes By City,Cakes to madurai,/cakes-to-madurai
Cakes,Cakes By City,Cakes to mangalore,/cakes-to-mangalore
Cakes,Cakes By City,Cakes to meerut,/cakes-to-meerut
Cakes,Cakes By City,Cakes to mohali,/cakes-to-mohali
Cakes,Cakes By City,Cakes to moradabad,/cakes-to-moradabad
Cakes,Cakes By City,Cakes to mysore,/cakes-to-mysore
Cakes,Cakes By City,Cakes to nashik,/cakes-to-nashik
Cakes,Cakes By City,Cakes to nellore,/cakes-to-nellore
Cakes,Cakes By City,Cakes to palakkad,/cakes-to-palakkad
Cakes,Cakes By City,Cakes to panchkula,/cakes-to-panchkula
Cakes,Cakes By City,Cakes to panipat,/cakes-to-panipat
Cakes,Cakes By City,Cakes to patiala,/cakes-to-patiala
Cakes,Cakes By City,Cakes to raipur,/cakes-to-raipur
Cakes,Cakes By City,Cakes to rajkot,/cakes-to-rajkot
Cakes,Cakes By City,Cakes to ranchi,/cakes-to-ranchi
Cakes,Cakes By City,Cakes to rohtak,/cakes-to-rohtak
Cakes,Cakes By City,Cakes to roorkee,/cakes-to-roorkee
Cakes,Cakes By City,Cakes to saharanpur,/cakes-to-saharanpur
Cakes,Cakes By City,Cakes to salem,/cakes-to-salem
Cakes,Cakes By City,Cakes to secunderabad,/cakes-to-secunderabad
Cakes,Cakes By City,Cakes to shillong,/cakes-to-shillong
Cakes,Cakes By City,Cakes to shimla,/cakes-to-shimla
Cakes,Cakes By City,Cakes to siliguri,/cakes-to-siliguri
Cakes,Cakes By City,Cakes to surat,/cakes-to-surat
Cakes,Cakes By City,Cakes to thane,/cakes-to-thane
Cakes,Cakes By City,Cakes to thiruvananthapuram,/cakes-to-thiruvananthapuram
Cakes,Cakes By City,Cakes to thrissur,/cakes-to-thrissur
Cakes,Cakes By City,Cakes to tirupati,/cakes-to-tirupati
Cakes,Cakes By City,Cakes to udaipur,/cakes-to-udaipur
Cakes,Cakes By City,Cakes to ujjain,/cakes-to-ujjain
Cakes,Cakes By City,Cakes to varanasi,/cakes-to-varanasi
Cakes,Cakes By City,Cakes to vijayawada,/cakes-to-vijayawada
Cakes,Cakes By City,Cakes to visakhapatnam,/cakes-to-visakhapatnam
Cakes,Cakes By City,Cakes to warangal,/cakes-to-warangal
Cakes,Cakes By City,Cakes to zirakpur,/cakes-to-zirakpur
Cakes,Cakes By City,Cakes to all cities,/cakes-to-all-cities
Gifts,Gifts By Type,All Gifts,/gifts
Gifts,Gifts By Type,God Idols,/god-idols
Gifts,Gifts By Type,Chocolates,/chocolates
Gifts,Gifts By Type,Soft Toys,/soft-toys
Gifts,Gifts By Type,Home Decor,/home-decor
Gifts,Gifts By Type,Sweets,/sweets
Gifts,Gifts By Type,Jewelry,/jewelry
Gifts,Gifts By Type,Plants,/plants
Gifts,Gifts By Type,Chocolates Bouquet,/chocolates-bouquet
Gifts,Gifts By Type,Candles And Diyas,/candles-and-diyas
Gifts,Gifts By Type,Gift Hampers,/gift-hampers
Gifts,Gifts By Type,Bonsai Plants,/bonsai-plants
Gifts,Gifts By Type,Money Plants,/money-plants
Gifts,Gifts By Type,Lucky Bamboo,/lucky-bamboo
Gifts,Gifts By Type,Indoor Plants,/indoor-plants
Gifts,Gifts By Type,Gifts Under 499,/under-499
Gifts,Gifts By Type,Gifts Under 1000 Rs,/under-1000
Gifts,Gifts By Type,Gifts Under 1500 Rs,/under-1500
Gifts,Gifts By Type,Gifts Under 2000 Rs,/under-2000
Gifts,Gifts By Type,Gifts Under 2500 Rs,/under-2500
Gifts,Gifts By Type,Premium Gifts,/premium-gifts
Gifts,Gifts By Type,Perfumes,/perfumes
Gifts,Gifts By Type,Handbag Gifts,/handbag-gifts
Gifts,Gifts By Type,Watches,/watches
Gifts,Gifts By Type,Toys and Games,/toys-n-games
Gifts,Gifts By Type,Sunglasses,/sunglasses
Gifts,Gifts By Type,Heart Shaped Gifts,/heart-shaped-gifts
Gifts,Gifts By Type,Cosmetics and Spa Hampers,/cosmetics-n-spa-hampers
Gifts,Gifts By Type,Thank You Gifts,/thank-you/gifts
Gifts,Gifts By Type,Photo Frames,/photo-frames
Gifts,Gifts By Type,Personalised Photo frames,/personalized-photo-frames
Gifts,Gifts By Type,Personalised Mugs,/personalized-mugs
Gifts,Gifts By Type,Personalised Cushions,/personalized-cushions
Gifts,Gifts By Type,Leather Gifts for Him,/leather-gifts-for-him
Gifts,Gifts By Type,Leather Gifts for Her,/leather-gifts-for-her
Gifts,Gifts By Type,Leather Gifts,/leather-gifts
Gifts,Gifts By Type,Handicrafts Gifts,/handicrafts
Gifts,Gifts By Type,Congratulations Gifts,/congratulations/gifts
Gifts,Gifts By Type,Hot Selling Products,/hot-sellers
Gifts,Gifts By Type,Personalised Chocolates,/personalized-chocolates
Gifts,Gifts By Type,Chocolates Baskets,/chocolate-baskets
Gifts,Gifts By Type,Floral Jewellery,/floral-jewellery
Gifts,Gifts By Relation,Gifts for Her,/gifts-for-her
Gifts,Gifts By Relation,Gifts for Him,/gifts-for-him
Gifts,Gifts By Relation,Gifts for Boyfriend,/gifts-for-boyfriend
Gifts,Gifts By Relation,Gifts for Girlfriend,/gifts-for-girlfriend
Gifts,Gifts By Relation,Gifts for Husband,/gifts-for-husband
Gifts,Gifts By Relation,Gifts for Wife,/gifts-for-wife
Gifts,Gifts By Relation,Gifts for Father,/gifts-for-father
Gifts,Gifts By Relation,Gifts for Mother,/gifts-for-mother
Gifts,Gifts By Relation,Gifts for Friend,/gifts-for-friend
Gifts,Gifts By Relation,Gifts for Brother,/gifts-for-brother
Gifts,Gifts By Relation,Gifts for Sister,/gifts-for-sister
Gifts,Gifts By Relation,Gifts for Kids,/gifts-for-kids
Gifts,Gifts By Relation,Gifts for Son,/gifts-for-son
Gifts,Gifts By Relation,Gifts for Employees,/gifts-for-employees
Gifts,Gifts By Relation,Gifts for Daughter,/gifts-for-daughter
Gifts,Gifts By Relation,Watches For Womens,/watches-for-womens
Gifts,Gifts By Relation,Watches For Mens,/watches-for-mens
Gifts,Personalized,Personalized Gifts,/personalized-gifts
Gifts,Personalized,Personalized Gifts for Her,/personalized-gifts-for-her
Gifts,Personalized,Personalized Gifts for Him,/personalized-gifts-for-him
Gifts,Personalized,Personalized Gifts for Boyfriend,/personalized-gifts-for-boyfriend
Gifts,Personalized,Personalized Gifts for Girlfriend,/personalized-gifts-for-girlfriend
Gifts,Personalized,Personalized Gifts for Husband,/personalized-gifts-for-husband
Gifts,Personalized,Personalized Gifts for Wife,/personalized-gifts-for-wife
Gifts,Personalized,Personalized Gifts for Father,/personalized-gifts-for-father
Gifts,Personalized,Personalized Gifts for Mother,/personalized-gifts-for-mother
Gifts,Personalized,Personalized Gifts for Brother,/personalized-gifts-for-brother
Gifts,Personalized,Personalized Gifts for Sister,/personalized-gifts-for-sister
Gifts,Gifts By City,Gifts to Agra,/gifts-to-agra
Gifts,Gifts By City,Gifts to Ahmedabad,/gifts-to-ahmedabad
Gifts,Gifts By City,Gifts to Allahabad,/gifts-to-allahabad
Gifts,Gifts By City,Gifts to Amritsar,/gifts-to-amritsar
Gifts,Gifts By City,Gifts to Bangalore,/gifts-to-bangalore
Gifts,Gifts By City,Gifts to Vadodara,/gifts-to-vadodara
Gifts,Gifts By City,Gifts to Bhopal,/gifts-to-bhopal
Gifts,Gifts By City,Gifts to Chandigarh,/gifts-to-chandigarh
Gifts,Gifts By City,Gifts to Chennai,/gifts-to-chennai
Gifts,Gifts By City,Gifts to Coimbatore,/gifts-to-coimbatore
Gifts,Gifts By City,Gifts to Dehradun,/gifts-to-dehradun
Gifts,Gifts By City,Gifts to Delhi,/gifts-to-delhi
Gifts,Gifts By City,Gifts to Faridabad,/gifts-to-faridabad
Gifts,Gifts By City,Gifts to Ghaziabad,/gifts-to-ghaziabad
Gifts,Gifts By City,Gifts to Gurgaon,/gifts-to-gurgaon
Gifts,Gifts By City,Gifts to Hyderabad,/gifts-to-hyderabad
Gifts,Gifts By City,Gifts to Indore,/gifts-to-indore
Gifts,Gifts By City,Gifts to Jaipur,/gifts-to-jaipur
Gifts,Gifts By City,Gifts to Kanpur,/gifts-to-kanpur
Gifts,Gifts By City,Gifts to Kolkata,/gifts-to-kolkata
Gifts,Gifts By City,Gifts to Lucknow,/gifts-to-lucknow
Gifts,Gifts By City,Gifts to Ludhiana,/gifts-to-ludhiana
Gifts,Gifts By City,Gifts to Mumbai,/gifts-to-mumbai
Gifts,Gifts By City,Gifts to Nagpur,/gifts-to-nagpur
Gifts,Gifts By City,Gifts to Noida,/gifts-to-noida
Gifts,Gifts By City,Gifts to Patna,/gifts-to-patna
Gifts,Gifts By City,Gifts to Pune,/gifts-to-pune
Gifts,Gifts By City,Gifts to Zirakpur,/gifts-to-zirakpur
Gifts,Gifts By City,Gifts to Warangal,/gifts-to-warangal
Gifts,Gifts By City,Gifts to Visakhapatnam,/gifts-to-visakhapatnam
Gifts,Gifts By City,Gifts to Vijayawada,/gifts-to-vijayawada
Gifts,Gifts By City,Gifts to Varanasi,/gifts-to-varanasi
Gifts,Gifts By City,Gifts to USA,/gifts-to-usa
Gifts,Gifts By City,Gifts to UK,/gifts-to-uk
Gifts,Gifts By City,Gifts to Ujjain,/gifts-to-ujjain
Gifts,Gifts By City,Gifts to Udaipur,/gifts-to-udaipur
Gifts,Gifts By City,Gifts to Tirupati,/gifts-to-tirupati
Gifts,Gifts By City,Gifts to Thrissur,/gifts-to-thrissur
Gifts,Gifts By City,Gifts to Thiruvananthapuram,/gifts-to-thiruvananthapuram
Gifts,Gifts By City,Gifts to Thane,/gifts-to-thane
Gifts,Gifts By City,Gifts to Surat,/gifts-to-surat
Gifts,Gifts By City,Gifts to Siliguri,/gifts-to-siliguri
Gifts,Gifts By City,Gifts to Shimla,/gifts-to-shimla
Gifts,Gifts By City,Gifts to Shillong,/gifts-to-shillong
Gifts,Gifts By City,Gifts to Secunderabad,/gifts-to-secunderabad
Gifts,Gifts By City,Gifts to Salem,/gifts-to-salem
Gifts,Gifts By City,Gifts to Saharanpur,/gifts-to-saharanpur
Gifts,Gifts By City,Gifts to Roorkee,/gifts-to-roorkee
Gifts,Gifts By City,Gifts to Rohtak,/gifts-to-rohtak
Gifts,Gifts By City,Gifts to Ranchi,/gifts-to-ranchi
Gifts,Gifts By City,Gifts to Rajkot,/gifts-to-rajkot
Gifts,Gifts By City,Gifts to Raipur,/gifts-to-raipur
Gifts,Gifts By City,Gifts to Patiala,/gifts-to-patiala
Gifts,Gifts By City,Gifts to Panipat,/gifts-to-panipat
Gifts,Gifts By City,Gifts to Panchkula,/gifts-to-panchkula
Gifts,Gifts By City,Gifts to Palakkad,/gifts-to-palakkad
Gifts,Gifts By City,Gifts to Nellore,/gifts-to-nellore
Gifts,Gifts By City,Gifts to Nashik,/gifts-to-nashik
Gifts,Gifts By City,Gifts to Mysore,/gifts-to-mysore
Gifts,Gifts By City,Gifts to Moradabad,/gifts-to-moradabad
Gifts,Gifts By City,Gifts to Mohali,/gifts-to-mohali
Gifts,Gifts By City,Gifts to Meerut,/gifts-to-meerut
Gifts,Gifts By City,Gifts to Mangalore,/gifts-to-mangalore
Gifts,Gifts By City,Gifts to Madurai,/gifts-to-madurai
Gifts,Gifts By City,Gifts to Kozhikode,/gifts-to-kozhikode
Gifts,Gifts By City,Gifts to Kottayam,/gifts-to-kottayam
Gifts,Gifts By City,Gifts to Kota,/gifts-to-kota
Gifts,Gifts By City,Gifts to Kollam,/gifts-to-kollam
Gifts,Gifts By City,Gifts to Kochi,/gifts-to-kochi
Gifts,Gifts By City,Gifts to Kharagpur,/gifts-to-kharagpur
Gifts,Gifts By City,Gifts to Kerala,/gifts-to-kerala
Gifts,Gifts By City,Gifts to Kannur,/gifts-to-kannur
Gifts,Gifts By City,Gifts to Kalyan Dombivali,/gifts-to-kalyan-dombivali
Gifts,Gifts By City,Gifts to Jodhpur,/gifts-to-jodhpur
Gifts,Gifts By City,Gifts to Jamshedpur,/gifts-to-jamshedpur
Gifts,Gifts By City,Gifts to Jammu,/gifts-to-jammu
Gifts,Gifts By City,Gifts to Jalandhar,/gifts-to-jalandhar
Gifts,Gifts By City,Gifts to Jabalpur,/gifts-to-jabalpur
Gifts,Gifts By City,Gifts to Haridwar,/gifts-to-haridwar
Gifts,Gifts By City,Gifts to Haldwani,/gifts-to-haldwani
Gifts,Gifts By City,Gifts to Gwalior,/gifts-to-gwalior
Gifts,Gifts By City,Gifts to Guwahati,/gifts-to-guwahati
Gifts,Gifts By City,Gifts to Guntur,/gifts-to-guntur
Gifts,Gifts By City,Gifts to Gorakhpur,/gifts-to-gorakhpur
Gifts,Gifts By City,Gifts to Goa,/gifts-to-goa
Gifts,Gifts By City,Gifts to Gaya,/gifts-to-gaya
Gifts,Gifts By City,Gifts to Dhanbad,/gifts-to-dhanbad
Gifts,Gifts By City,Gifts to Cuttack,/gifts-to-cuttack
Gifts,Gifts By City,Gifts to Canada,/gifts-to-canada
Gifts,Gifts By City,Gifts to Bilaspur,/gifts-to-bilaspur
Gifts,Gifts By City,Gifts to Bikaner,/gifts-to-bikaner
Gifts,Gifts By City,Gifts to Bhubaneshwar,/gifts-to-bhubaneswar
Gifts,Gifts By City,Gifts to Bhilai,/gifts-to-bhilai
Gifts,Gifts By City,Gifts to Bhagalpur,/gifts-to-bhagalpur
Gifts,Gifts By City,Gifts to Bathinda,/gifts-to-bathinda
Gifts,Gifts By City,Gifts to Bareilly,/gifts-to-bareilly
Gifts,Gifts By City,Gifts to Aurangabad,/gifts-to-aurangabad
Gifts,Gifts By City,Gifts to Ambala,/gifts-to-ambala
Gifts,Gifts By City,Gifts to Ajmer,/gifts-to-ajmer
Gifts,Gifts By City,Gifts to Agartala,/gifts-to-agartala
Gifts,Gifts By City,Gifts to Navi Mumbai,/gifts-to-navi-mumbai
Gifts,Gifts By City,Gifts To All Cities,/gifts-to-all-cities
Gifts,Plants by City,Plants to Delhi,/plants-to-delhi
Gifts,Plants by City,Plants to Faridabad,/plants-to-faridabad
Gifts,Plants by City,Plants to Ghaziabad,/plants-to-ghaziabad
Gifts,Plants by City,Plants to Gurgaon,/plants-to-gurgaon
Gifts,Plants by City,Plants to Hyderabad,/plants-to-hyderabad
Gifts,Plants by City,Plants to Indore,/plants-to-indore
Gifts,Plants by City,Plants to Jabalpur,/plants-to-jabalpur
Gifts,Plants by City,Plants to Kolkata,/plants-to-kolkata
Gifts,Plants by City,Plants to Lucknow,/plants-to-lucknow
Gifts,Plants by City,Plants to Mumbai,/plants-to-mumbai
Gifts,Plants by City,Plants to Nagpur,/plants-to-nagpur
Gifts,Plants by City,Plants to Noida,/plants-to-noida
Gifts,Plants by City,Plants to Pune,/plants-to-pune
Gifts,Plants by City,Plants to Bangalore,/plants-to-bangalore
Gifts,Plants by City,Plants to Chennai,/plants-to-chennai
Gifts,Gifts By Occasion,Teachers Day Gifts,/teachers-day/gifts
Gifts,Gifts By Occasion,Daughters Day Gifts,/daughters-day/gifts
Gifts,Gifts By Occasion,Doctors Day Gifts,/doctors-day/gifts
Gifts,Gifts By Occasion,Farewell Gifts,/farewell/gifts
Birthday,Birthday Gifts,Birthday Gifts,/birthday/gifts
Birthday,Birthday Gifts,Birthday Plants,/birthday/plants
Birthday,Birthday Gifts,Birthday Chocolates,/birthday/chocolates
Birthday,Birthday Gifts,Birthday Soft Toys,/birthday/soft-toys
Birthday,Birthday Gifts,Birthday Gift Hampers,/birthday/gift-hampers
Birthday,Birthday Gifts,Birthday Personalized Gifts,/birthday/personalized-gifts
Birthday,Birthday Gifts,Birthday Personalized Cushions,/birthday/personalized-cushions
Birthday,Birthday Gifts,Birthday Personalized Mugs,/birthday/personalized-mugs
Birthday,Birthday Gifts,Birthday Chocolates Bouquet,/birthday/chocolates-bouquet
Birthday,Flowers & Combos, Birthday Flowers,/birthday/flowers
Birthday,Flowers & Combos, Birthday Flower Arrangements,/birthday/flower-arrangements
Birthday,Flowers & Combos, Birthday Flower Bouquets,/birthday/flower-bouquets
Birthday,Flowers & Combos, Birthday Vase Arrangements,/birthday/vase-arrangements
Birthday,Flowers & Combos, Birthday Flowers With Cake,/birthday/flowers-with-cake
Birthday,Flowers & Combos, Birthday Flowers With Chocolates,/birthday/flowers-with-chocolates
Birthday,Flowers & Combos, Birthday Flowers With Teddy,/birthday/flowers-with-teddy
Birthday,Flowers & Combos, Birthday Flowers With Sweets,/birthday/flowers-with-sweets
Birthday,Flowers & Combos, Birthday Flowers With Greeting Card,/birthday/flowers-with-greeting-card
Birthday,Cakes, Birthday Cakes,/birthday/cakes
Birthday,Cakes, Birthday Chocolate Cakes,/birthday/chocolate-cakes
Birthday,Cakes, Birthday Black Forest Cakes,/birthday/black-forest-cakes
Birthday,Cakes, Birthday Butterscotch Cakes,/birthday/butterscotch-cakes
Birthday,Cakes, Birthday Pineapple Cakes,/birthday/pineapple-cakes
Birthday,Cakes, Birthday Strawberry Cakes,/birthday/strawberry-cakes
Birthday,Cakes, Birthday Vanilla Cakes,/birthday/vanilla-cakes
Birthday,Cakes, Birthday Mixed Fruit Cakes,/birthday/mixed-fruit-cakes
Birthday,Cakes, Birthday Eggless Cakes,/birthday/eggless-cakes
Birthday,Cakes, Birthday Heart Shaped Cakes,/birthday/heart-shaped-cakes
Birthday,Cakes, Birthday Designer Cakes,/birthday/designer-cakes
Birthday,Cakes, Birthday Cartoon Cakes,/birthday/cartoon-cakes
Birthday,Cakes, Birthday Photo Cakes,/birthday/photo-cakes
Birthday,Cakes, Birthday Red Velvet Cakes,/birthday/red-velvet-cakes
Birthday,Gift By Relation, Birthday Gifts for Her,/birthday/gifts-for-her
Birthday,Gift By Relation, Birthday Gifts for Him,/birthday/gifts-for-him
Birthday,Gift By Relation, Birthday Gifts for Boyfriend,/birthday/gifts-for-boyfriend
Birthday,Gift By Relation, Birthday Gifts for Girlfriend,/birthday/gifts-for-girlfriend
Birthday,Gift By Relation, Birthday Gifts for Husband,/birthday/gifts-for-husband
Birthday,Gift By Relation, Birthday Gifts for Wife,/birthday/gifts-for-wife
Birthday,Gift By Relation, Birthday Gifts for Father,/birthday/gifts-for-father
Birthday,Gift By Relation, Birthday Gifts for Mother,/birthday/gifts-for-mother
Birthday,Gift By Relation, Birthday Gifts for Brother,/birthday/gifts-for-brother
Birthday,Gift By Relation, Birthday Gifts for Sister,/birthday/gifts-for-sister
Birthday,Gift By Relation,Birthday Gifts for Friend,/birthday/gifts-for-friend
Birthday,Gift By Relation, Birthday Cakes for Kids,/birthday/cakes-for-kids
Birthday,Gift By City, Birthday Gifts to Bangalore,/birthday/gifts-to-bangalore
Birthday,Gift By City, Birthday Gifts to Chennai,/birthday/gifts-to-chennai
Birthday,Gift By City, Birthday Gifts to Delhi,/birthday/gifts-to-delhi
Birthday,Gift By City, Birthday Gifts to Gurgaon,/birthday/gifts-to-gurgaon
Birthday,Gift By City, Birthday Gifts to Hyderabad,/birthday/gifts-to-hyderabad
Birthday,Gift By City, Birthday Gifts to Jaipur,/birthday/gifts-to-jaipur
Birthday,Gift By City, Birthday Gifts to Kolkata,/birthday/gifts-to-kolkata
Birthday,Gift By City, Birthday Gifts to Mumbai,/birthday/gifts-to-mumbai
Birthday,Gift By City, Birthday Gifts to Pune,/birthday/gifts-to-pune
Birthday,Gift By City, Birthday Gifts to Ahmedabad,/birthday/gifts-to-ahmedabad
Birthday,Cakes By City, Birthday Cakes to Bangalore,/birthday/cakes-to-bangalore
Birthday,Cakes By City, Birthday Cakes to Chennai,/birthday/cakes-to-chennai
Birthday,Cakes By City, Birthday Cakes to Delhi,/birthday/cakes-to-delhi
Birthday,Cakes By City, Birthday Cakes to Gurgaon,/birthday/cakes-to-gurgaon
Birthday,Cakes By City, Birthday Cakes to Hyderabad,/birthday/cakes-to-hyderabad
Birthday,Cakes By City, Birthday Cakes to Jaipur,/birthday/cakes-to-jaipur
Birthday,Cakes By City, Birthday Cakes to Kolkata,/birthday/cakes-to-kolkata
Birthday,Cakes By City, Birthday Cakes to Mumbai,/birthday/cakes-to-mumbai
Birthday,Cakes By City, Birthday Cakes to Pune,/birthday/cakes-to-pune
Anniversary,Anniversary Gifts,Anniversary Gifts,/anniversary/gifts
Anniversary,Anniversary Gifts, Anniversary Plants,/anniversary/plants
Anniversary,Anniversary Gifts, Anniversary Chocolates,/anniversary/chocolates
Anniversary,Anniversary Gifts, Anniversary Soft Toys,/anniversary/soft-toys
Anniversary,Anniversary Gifts, Anniversary Gift Hampers,/anniversary/gift-hampers
Anniversary,Anniversary Gifts, Anniversary Personalized Gifts,/anniversary/personalized-gifts
Anniversary,Anniversary Gifts, Anniversary Personalized Cushions,/anniversary/personalized-cushions
Anniversary,Anniversary Gifts, Anniversary Personalized Mugs,/anniversary/personalized-mugs
Anniversary,Anniversary Gifts, Anniversary Chocolates Bouquet,/anniversary/chocolates-bouquet
Anniversary,Anniversary Gifts,Anniversary Romantic Gifts,/anniversary/romantic-gifts
Anniversary,Anniversary Gifts,50th Anniversary Gifts,/50th-anniversary-gifts
Anniversary,Flowers & Combos, Anniversary Flowers,/anniversary/flowers
Anniversary,Flowers & Combos, Anniversary Flower Arrangements,/anniversary/flower-arrangements
Anniversary,Flowers & Combos, Anniversary Flower Bouquets,/anniversary/flower-bouquets
Anniversary,Flowers & Combos, Anniversary Vase Arrangements,/anniversary/vase-arrangements
Anniversary,Flowers & Combos, Anniversary Flowers With Cake,/anniversary/flowers-with-cake
Anniversary,Flowers & Combos, Anniversary Flowers With Chocolates,/anniversary/flowers-with-chocolates
Anniversary,Flowers & Combos, Anniversary Flowers With Teddy,/anniversary/flowers-with-teddy
Anniversary,Flowers & Combos, Anniversary Flowers With Sweets,/anniversary/flowers-with-sweets
Anniversary,Flowers & Combos, Anniversary Flowers With Greeting Card,/anniversary/flowers-with-greeting-card
Anniversary,Flowers & Combos, Anniversary Heart Shaped Arrangments,/anniversary/heart-shaped-arrangements
Anniversary,Cakes, Anniversary Cakes,/anniversary/cakes
Anniversary,Cakes, Anniversary Chocolate Cakes,/anniversary/chocolate-cakes
Anniversary,Cakes, Anniversary Black Forest Cakes,/anniversary/black-forest-cakes
Anniversary,Cakes, Anniversary Butterscotch Cakes,/anniversary/butterscotch-cakes
Anniversary,Cakes, Anniversary Pineapple Cakes,/anniversary/pineapple-cakes
Anniversary,Cakes, Anniversary Strawberry Cakes,/anniversary/strawberry-cakes
Anniversary,Cakes, Anniversary Vanilla Cakes,/anniversary/vanilla-cakes
Anniversary,Cakes, Anniversary Mixed Fruit Cakes,/anniversary/mixed-fruit-cakes
Anniversary,Cakes, Anniversary Eggless Cakes,/anniversary/eggless-cakes
Anniversary,Cakes, Anniversary Heart Shaped Cakes,/anniversary/heart-shaped-cakes
Anniversary,Cakes, Anniversary Designer Cakes,/anniversary/designer-cakes
Anniversary,Cakes, Anniversary Photo Cakes,/anniversary/photo-cakes
Anniversary,Cakes, Anniversary Red Velvet Cakes,/anniversary/red-velvet-cakes
Anniversary,Gift By Relation, Anniversary Gifts for Her,/anniversary/gifts-for-her
Anniversary,Gift By Relation, Anniversary Gifts for Him,/anniversary/gifts-for-him
Anniversary,Gift By Relation, Anniversary Gifts for Husband,/anniversary/gifts-for-husband
Anniversary,Gift By Relation, Anniversary Gifts for Wife,/anniversary/gifts-for-wife
Anniversary,Gift By Relation, Anniversary Gifts for Parents,/anniversary/gifts-for-parents
Anniversary,Gift By Relation, Anniversary Gifts for Couples,/anniversary/gifts-for-couples
Anniversary,Gift By City, Anniversary Gifts to Bangalore,/anniversary/gifts-to-bangalore
Anniversary,Gift By City, Anniversary Gifts to Chennai,/anniversary/gifts-to-chennai
Anniversary,Gift By City, Anniversary Gifts to Delhi,/anniversary/gifts-to-delhi
Anniversary,Gift By City, Anniversary Gifts to Gurgaon,/anniversary/gifts-to-gurgaon
Anniversary,Gift By City, Anniversary Gifts to Hyderabad,/anniversary/gifts-to-hyderabad
Anniversary,Gift By City, Anniversary Gifts to Jaipur,/anniversary/gifts-to-jaipur
Anniversary,Gift By City, Anniversary Gifts to Kolkata,/anniversary/gifts-to-kolkata
Anniversary,Gift By City, Anniversary Gifts to Mumbai,/anniversary/gifts-to-mumbai
Anniversary,Gift By City, Anniversary Gifts to Pune,/anniversary/gifts-to-pune
Anniversary,Gift By City, Anniversary Gifts to Ahmedabad,/anniversary/gifts-to-ahmedabad
Wedding,Wedding Gifts,Wedding Gifts,/wedding/gifts
Wedding,Flowers,Wedding Flowers,/wedding/flowers
Wedding,Cakes,Wedding Cakes,/wedding/cakes
Love & Romance,Romantic Gifts,Romantic Gifts,/romantic/gifts
Love & Romance,Romantic Gifts,Romantic Flowers,/romantic/flowers
Love & Romance,Romantic Gift By Relation, Romantic Gifts for Her,/romantic/gifts-for-her
Love & Romance,Romantic Gift By Relation, Romantic Gifts for Him,/romantic/gifts-for-him
Love & Romance,Romantic Gift By Relation, Romantic Gifts for Boyfriend,/romantic/gifts-for-boyfriend
Love & Romance,Romantic Gift By Relation, Romantic Gifts for Girlfriend,/romantic/gifts-for-girlfriend
Love & Romance,Romantic Gift By Relation, Romantic Gifts for Husband,/romantic/gifts-for-husband
Love & Romance,Romantic Gift By Relation, Romantic Gifts for Wife,/romantic/gifts-for-wife
Diwali,Diwali Gifts,Diwali Gifts,/diwali/gifts
Diwali,Diwali Gifts, Diwali God Idols,/diwali/god-idols
Diwali,Diwali Gifts, Diwali Chocolates,/diwali/chocolates
Diwali,Diwali Gifts, Diwali Home Decor,/diwali/home-decor
Diwali,Diwali Gifts, Diwali Sweets,/diwali/sweets
Diwali,Diwali Gifts, Diwali Gift Hampers,/diwali/gift-hampers
Diwali,Diwali Gifts, Diwali Dryfruits,/diwali/dryfruits
Diwali,Diwali Gifts, Diwali Puja Thali,/diwali/puja-thali
Diwali,Diwali Gifts, Diwali Personalized Gifts,/diwali/personalized-gifts
Diwali,Diwali Gifts, Diwali Candles And Diyas,/diwali/candles-and-diyas
Diwali,Diwali Gifts, Diwali Same Day Delivery,/diwali/same-day-delivery
Diwali,Diwali Gift By Relation, Diwali Gifts for Boyfriend,/diwali/gifts-for-boyfriend
Diwali,Diwali Gift By Relation, Diwali Gifts for Girlfriend,/diwali/gifts-for-girlfriend
Diwali,Diwali Gift By Relation, Diwali Gifts for Husband,/diwali/gifts-for-husband
Diwali,Diwali Gift By Relation, Diwali Gifts for Wife,/diwali/gifts-for-wife
Diwali,Diwali Gift By Relation, Diwali Gifts for Father,/diwali/gifts-for-father
Diwali,Diwali Gift By Relation, Diwali Gifts for Mother,/diwali/gifts-for-mother
Diwali,Diwali Gift By Relation, Diwali Gifts for Friend,/diwali/gifts-for-friend
Diwali,Diwali Gift By Relation, Diwali Gifts for Brother,/diwali/gifts-for-brother
Diwali,Diwali Gift By Relation, Diwali Gifts for Sister,/diwali/gifts-for-sister
Diwali,Diwali Gift By Relation, Diwali Gifts for Parents,/diwali/gifts-for-parents
Diwali,Diwali Gift By Relation,Diwali Gifts for Kids,/diwali/gifts-for-kids
Diwali,Diwali Gift By Relation,Diwali Gifts for Employess,/diwali/gifts-for-employees
Diwali,Diwali Gift By City, Diwali Gifts to Bangalore,/diwali/gifts-to-bangalore
Diwali,Diwali Gift By City, Diwali Gifts to Chennai,/diwali/gifts-to-chennai
Diwali,Diwali Gift By City, Diwali Gifts to Delhi,/diwali/gifts-to-delhi
Diwali,Diwali Gift By City, Diwali Gifts to Gurgaon,/diwali/gifts-to-gurgaon
Diwali,Diwali Gift By City, Diwali Gifts to Hyderabad,/diwali/gifts-to-hyderabad
Diwali,Diwali Gift By City, Diwali Gifts to Jaipur,/diwali/gifts-to-jaipur
Diwali,Diwali Gift By City, Diwali Gifts to Kolkata,/diwali/gifts-to-kolkata
Diwali,Diwali Gift By City, Diwali Gifts to Mumbai,/diwali/gifts-to-mumbai
Diwali,Diwali Gift By City, Diwali Gifts to Pune,/diwali/gifts-to-pune
Bhai Dooj,Bhai Dooj Gifts,Bhai Dooj Gifts,/bhai-dooj/gifts
Bhai Dooj,Bhai Dooj Gifts, Bhai Dooj Chocolates,/bhai-dooj/chocolates
Bhai Dooj,Bhai Dooj Gifts, Bhai Dooj Sweets,/bhai-dooj/sweets
Bhai Dooj,Bhai Dooj Gifts, Bhai Dooj Personalized Gifts,/bhai-dooj/personalized-gifts
Bhai Dooj,Bhai Dooj Gifts, Bhai Dooj Personalized Cushions,/bhai-dooj/personalized-cushions
Bhai Dooj,Bhai Dooj Gifts, Bhai Dooj Personalized Mugs,/bhai-dooj/personalized-mugs
Bhai Dooj,Bhai Dooj Gifts, Bhai Dooj Gift Hampers,/bhai-dooj/gift-hampers
Bhai Dooj,Bhai Dooj Gifts, Bhai Dooj Photo Frames,/bhai-dooj/photo-frames
Bhai Dooj,Bhai Dooj Gifts, Bhai Dooj Dryfruits,/bhai-dooj/dryfruits
Bhai Dooj,Bhai Dooj Gift By Relation, Bhai Dooj Gifts for Brother,/bhai-dooj/gifts-for-brother
Bhai Dooj,Bhai Dooj Gift By Relation, Bhai Dooj Gifts for Sister,/bhai-dooj/gifts-for-sister
Bhai Dooj,Bhai Dooj Gift By Relation, Bhai Dooj Gifts for Kids,/bhai-dooj/gifts-for-kids
Karwa Chauth,Karwa Chauth Gifts,Karwa Chauth Gifts,/karwa-chauth/gifts
Karwa Chauth,Karwa Chauth Gifts, Karwa Chauth Puja Thali,/karwa-chauth/puja-thali
Karwa Chauth,Karwa Chauth Gifts, Karwa Chauth Personalized Gifts,/karwa-chauth/personalized-gifts
Karwa Chauth,Karwa Chauth Gifts, Karwa Chauth Gifts for Wife,/karwa-chauth/gifts-for-wife
Karwa Chauth,Karwa Chauth Flowers, Karwa Chauth Flowers,/karwa-chauth/flowers
Karwa Chauth,Karwa Chauth Gifts,Karwa Chauth Sargi for Bahu,/karwa-chauth/sargi-for-bahu
Rakhi,Rakhi Collection,Online Rakhi,/rakhi
Rakhi,Rakhi Collection,Rakhi Mauli Rakhi,/rakhi/mauli-rakhi
Rakhi,Rakhi Collection, Rakhi Rudraksha Rakhi,/rakhi/rudraksha-rakhi
Rakhi,Rakhi Collection, Rakhi Pearl Rakhi,/rakhi/pearl-rakhi
Rakhi,Rakhi Collection, Rakhi Zardosi Rakhi,/rakhi/zardosi-rakhi
Rakhi,Rakhi Collection, Rakhi Silver Rakhi,/rakhi/silver-rakhi
Rakhi,Rakhi Collection, Rakhi Gold Rakhi,/rakhi/gold-rakhi
Rakhi,Rakhi Collection, Rakhi Ethnic Rakhi,/rakhi/ethnic-rakhi
Rakhi,Rakhi Collection, Rakhi Designer Rakhi,/rakhi/designer-rakhi
Rakhi,Rakhi Collection, Rakhi Kundan Rakhi,/rakhi/kundan-rakhi
Rakhi,Rakhi Collection, Rakhi Lumba Rakhi,/rakhi/lumba-rakhi
Rakhi,Rakhi Collection, Rakhi Cartoon Rakhi,/rakhi/cartoon-rakhi
Rakhi,Rakhi Collection, Rakhi Bracelets Rakhi,/rakhi/bracelets-rakhi
Rakhi,Rakhi Sets, Rakhi 2 Rakhi Sets,/rakhi/2-rakhi-sets
Rakhi,Rakhi Sets, Rakhi 3 Rakhi Sets,/rakhi/3-rakhi-sets
Rakhi,Rakhi Sets, Rakhi 5 Rakhi Sets,/rakhi/5-rakhi-sets
Rakhi,Rakhi Gifts By Relation, Rakhi for Brother,/rakhi-for-brother
Rakhi,Rakhi Gifts By Relation, Rakhi Personalized Gifts,/rakhi/personalized-gifts
Rakhi,Rakhi Gifts By Relation, Rakhi Personalized Cushions,/rakhi/personalized-cushions
Rakhi,Rakhi Gifts By Relation, Rakhi Personalized Mugs,/rakhi/personalized-mugs
Rakhi,Rakhi Gifts By Relation, Rakhi Cakes,/rakhi/cakes
Rakhi,Rakhi Gifts By Relation, Rakhi Flowers,/rakhi/flowers
Rakhi,Rakhi Gifts By Relation, Rakhi Chocolates,/rakhi/chocolates
Rakhi,Rakhi Gifts By Relation, Rakhi Sweets,/rakhi/sweets
Rakhi,Rakhi Gifts By Relation, Rakhi Gift Hampers,/rakhi/gift-hampers
Rakhi,Rakhi Gifts By Relation, Rakhi Dryfruits,/rakhi/dryfruits
Rakhi,Rakhi Gifts By Relation, Rakhi Puja Thali,/rakhi/puja-thali
Rakhi,Rakhi Gifts By Relation, Rakhi Greeting Cards,/rakhi/greeting-cards
Rakhi,Rakhi Gifts By Relation, Rakhi Same Day Delivery,/rakhi/same-day-delivery
Rakhi,Rakhi Gifts By Relation, Rakhi Leather Gifts,/rakhi/leather-gifts
Rakhi,Rakhi Gifts By Relation, Rakhi for Kids,/rakhi-for-kids
Rakhi,Rakhi Gifts By Relation, Rakhi Gifts for Sister,/rakhi/gifts-for-sister
Rakhi,Rakhi Gifts By Relation, Rakhi Jewelry,/rakhi/jewelry
Rakhi,Rakhi Gifts By Relation,Bhiya Bhabhi Rakhi,/rakhi/bhaiya-bhabhi-rakhi
Rakhi,Delivery By City, Rakhi to Agra,/rakhi-to-agra
Rakhi,Delivery By City, Rakhi to Ahmedabad,/rakhi-to-ahmedabad
Rakhi,Delivery By City, Rakhi to Allahabad,/rakhi-to-allahabad
Rakhi,Delivery By City, Rakhi to Amritsar,/rakhi-to-amritsar
Rakhi,Delivery By City, Rakhi to Bangalore,/rakhi-to-bangalore
Rakhi,Delivery By City, Rakhi to Vadodara,/rakhi-to-vadodara
Rakhi,Delivery By City, Rakhi to Bhopal,/rakhi-to-bhopal
Rakhi,Delivery By City, Rakhi to Chandigarh,/rakhi-to-chandigarh
Rakhi,Delivery By City, Rakhi to Chennai,/rakhi-to-chennai
Rakhi,Delivery By City, Rakhi to Coimbatore,/rakhi-to-coimbatore
Rakhi,Delivery By City, Rakhi to Dehradun,/rakhi-to-dehradun
Rakhi,Delivery By City, Rakhi to Delhi,/rakhi-to-delhi
Rakhi,Delivery By City, Rakhi to Faridabad,/rakhi-to-faridabad
Rakhi,Delivery By City, Rakhi to Ghaziabad,/rakhi-to-ghaziabad
Rakhi,Delivery By City, Rakhi to Gurgaon,/rakhi-to-gurgaon
Rakhi,Delivery By City, Rakhi to Hyderabad,/rakhi-to-hyderabad
Rakhi,Delivery By City, Rakhi to Indore,/rakhi-to-indore
Rakhi,Delivery By City, Rakhi to Jaipur,/rakhi-to-jaipur
Rakhi,Delivery By City, Rakhi to Kanpur,/rakhi-to-kanpur
Rakhi,Delivery By City, Rakhi to Kolkata,/rakhi-to-kolkata
Rakhi,Delivery By City, Rakhi to Lucknow,/rakhi-to-lucknow
Rakhi,Delivery By City, Rakhi to Ludhiana,/rakhi-to-ludhiana
Rakhi,Delivery By City, Rakhi to Mumbai,/rakhi-to-mumbai
Rakhi,Delivery By City, Rakhi to Nagpur,/rakhi-to-nagpur
Rakhi,Delivery By City, Rakhi to Noida,/rakhi-to-noida
Rakhi,Delivery By City, Rakhi to Patna,/rakhi-to-patna
Rakhi,Delivery By City, Rakhi to Pune,/rakhi-to-pune
Rakhi,Rakhi Delivery, Rakhi to Usa,/rakhi-to-usa
Rakhi,Rakhi Delivery, Rakhi to Canada,/rakhi-to-canada
Rakhi,Rakhi Delivery, Rakhi to Australia,/rakhi-to-australia
Rakhi,Rakhi Delivery, Rakhi to Uk,/rakhi-to-uk
Rakhi,Rakhi Delivery, Rakhi to Germany,/rakhi-to-germany
Rakhi,Rakhi Delivery, Rakhi to Uae,/rakhi-to-uae
Rakhi,Rakhi Delivery, Rakhi to Singapore,/rakhi-to-singapore
Rakhi,Rakhi Delivery, Rakhi to Malaysia,/rakhi-to-malaysia
Valentines Day,Valentines Day Gifts,Valentines Day Gifts,/valentines-day/gifts
Valentines Day,Valentines Day Gifts,Valentines Day Personalized Gifts,/valentines-day/personalized-gifts
Valentines Day,Valentines Day Gifts,Valentines Day Personalized Cushions,/valentines-day/personalized-cushions
Valentines Day,Valentines Day Gifts,Valentines Day Personalized Mugs,/valentines-day/personalized-mugs
Valentines Day,Valentines Day Gifts,Valentines Day Photo Frames,/valentines-day/photo-frames
Valentines Day,Valentines Day Gifts,Valentines Day Same Day Delivery,/valentines-day/same-day-delivery
Valentines Day,Flowers & Combos,Valentines Day Flowers,/valentines-day/flowers
Valentines Day,Flowers & Combos,Valentines Day Flower Bouquets,/valentines-day/flower-bouquets
Valentines Day,Flowers & Combos,Valentines Day Flowers With Teddy,/valentines-day/flowers-with-teddy
Valentines Day,Flowers & Combos,Valentines Day Flowers with Sweets,/valentines-day/flowers-with-sweets
Valentines Day,Flowers & Combos,Valentines Day Flowers with Greeting Card,/valentines-day/flowers-with-greeting-card
Valentines Day,Flowers & Combos,Valentines Day Flowers with Cake,/valentines-day/flowers-with-cake
Valentines Day,Flowers & Combos,Valentines Day Flowers with Chocolates,/valentines-day/flowers-with-chocolates
Valentines Day,Flowers & Combos,Valentines Day Flower Arrangments,/valentines-day/flower-arrangements
Valentines Day,Flowers & Combos,Valentines Day Vase Arrangments,/valentines-day/vase-arrangements
Valentines Day,Cakes,Valentines Day Cakes,/valentines-day/cakes
Valentines Day,Cakes,Valentines Day Eggless Cakes,/valentines-day/eggless-cakes
Valentines Day,Cakes,Valentines Day Heart Shaped Cakes,/valentines-day/heart-shaped-cakes
Valentines Day,Cakes,Valentines Day Red Velvet Cakes,/valentines-day/red-velvet-cakes
Valentines Day,Valentines Day Gifts By Relation,Valentines Day Gifts for Him,/valentines-day/gifts-for-him
Valentines Day,Valentines Day Gifts By Relation,Valentines Day Gifts for Her,/valentines-day/gifts-for-her
Valentines Day,Valentines Day Gifts By Relation, Valentines Day Gifts for Girlfriend,/valentines-day/gifts-for-girlfriend
Valentines Day,Valentines Day Gifts By Relation, Valentines Day Gifts for Wife,/valentines-day/gifts-for-wife
Valentines Day,Valentines Day Gifts By Relation, Valentines Day Gifts for Boyfriend,/valentines-day/gifts-for-boyfriend
Valentines Day,Valentines Day Gifts By Relation, Valentines Day Gifts for Husband,/valentines-day/gifts-for-husband
Valentines Day,Valentine Week Day Gifts, Rose Day Flowers,/rose-day/flowers
Valentines Day,Valentine Week Day Gifts, Propose Day Gifts,/propose-day/gifts
Valentines Day,Valentine Week Day Gifts, Chocolate Day Gifts,/chocolate-day/gifts
Valentines Day,Valentine Week Day Gifts, Teddy Day Gifts,/teddy-day/gifts
Valentines Day,Valentine Week Day Gifts, Promise Day Gifts,/promise-day/gifts
Valentines Day,Valentine Week Day Gifts, Hug Day Gifts,/hug-day/gifts
Valentines Day,Valentine Week Day Gifts, Kiss Day Gifts,/kiss-day/gifts
Valentines Day,Valentine Week Day Gifts,Rose Day Gifts,/rose-day/gifts
Valentines Day,Gifts By City, Valentines Day Gifts to Agra,/valentines-day/gifts-to-agra
Valentines Day,Gifts By City, Valentines Day Gifts to Ahmedabad,/valentines-day/gifts-to-ahmedabad
Valentines Day,Gifts By City, Valentines Day Gifts to Allahabad,/valentines-day/gifts-to-allahabad
Valentines Day,Gifts By City, Valentines Day Gifts to Amritsar,/valentines-day/gifts-to-amritsar
Valentines Day,Gifts By City, Valentines Day Gifts to Bangalore,/valentines-day/gifts-to-bangalore
Valentines Day,Gifts By City, Valentines Day Gifts to Vadodara,/valentines-day/gifts-to-vadodara
Valentines Day,Gifts By City, Valentines Day Gifts to Bhopal,/valentines-day/gifts-to-bhopal
Valentines Day,Gifts By City, Valentines Day Gifts to Chandigarh,/valentines-day/gifts-to-chandigarh
Valentines Day,Gifts By City, Valentines Day Gifts to Chennai,/valentines-day/gifts-to-chennai
Valentines Day,Gifts By City, Valentines Day Gifts to Coimbatore,/valentines-day/gifts-to-coimbatore
Valentines Day,Gifts By City, Valentines Day Gifts to Dehradun,/valentines-day/gifts-to-dehradun
Valentines Day,Gifts By City, Valentines Day Gifts to Delhi,/valentines-day/gifts-to-delhi
Valentines Day,Gifts By City, Valentines Day Gifts to Faridabad,/valentines-day/gifts-to-faridabad
Valentines Day,Gifts By City, Valentines Day Gifts to Ghaziabad,/valentines-day/gifts-to-ghaziabad
Valentines Day,Gifts By City, Valentines Day Gifts to Gurgaon,/valentines-day/gifts-to-gurgaon
Valentines Day,Gifts By City, Valentines Day Gifts to Hyderabad,/valentines-day/gifts-to-hyderabad
Valentines Day,Gifts By City, Valentines Day Gifts to Indore,/valentines-day/gifts-to-indore
Valentines Day,Gifts By City, Valentines Day Gifts to Jaipur,/valentines-day/gifts-to-jaipur
Valentines Day,Gifts By City, Valentines Day Gifts to Kanpur,/valentines-day/gifts-to-kanpur
Valentines Day,Gifts By City, Valentines Day Gifts to Kolkata,/valentines-day/gifts-to-kolkata
Valentines Day,Gifts By City, Valentines Day Gifts to Lucknow,/valentines-day/gifts-to-lucknow
Valentines Day,Gifts By City, Valentines Day Gifts to Ludhiana,/valentines-day/gifts-to-ludhiana
Valentines Day,Gifts By City, Valentines Day Gifts to Mumbai,/valentines-day/gifts-to-mumbai
Valentines Day,Gifts By City, Valentines Day Gifts to Nagpur,/valentines-day/gifts-to-nagpur
Valentines Day,Gifts By City, Valentines Day Gifts to Noida,/valentines-day/gifts-to-noida
Valentines Day,Gifts By City, Valentines Day Gifts to Patna,/valentines-day/gifts-to-patna
Valentines Day,Gifts By City, Valentines Day Gifts to Pune,/valentines-day/gifts-to-pune
Mothers Day,Mothers Day Gifts,Mothers Day Gifts,/mothers-day/gifts
Mothers Day,Mothers Day Gifts, Mothers Day Plants,/mothers-day/plants
Mothers Day,Mothers Day Gifts, Mothers Day Personalized Gifts,/mothers-day/personalized-gifts
Mothers Day,Mothers Day Gifts, Mothers Day Personalized Cushions,/mothers-day/personalized-cushions
Mothers Day,Mothers Day Gifts, Mothers Day Personalized Mugs,/mothers-day/personalized-mugs
Mothers Day,Mothers Day Gifts, Mothers Day Jewelry,/mothers-day/jewelry
Mothers Day,Mothers Day Gifts, Mothers Day Gift Hampers,/mothers-day/gift-hampers
Mothers Day,Mothers Day Gifts, Mothers Day Photo Frames,/mothers-day/photo-frames
Mothers Day,Mothers Day Flowers, Mothers Day Flowers,/mothers-day/flowers
Mothers Day,Mothers Day Cakes,Mothers Day Cakes,/mothers-day/cakes
Mothers Day,Mothers Day Cakes, Mothers Day Flowers With Cake,/mothers-day/flowers-with-cake
Mothers Day,Mothers Day Gift By City, Mothers Day Gifts to Ahmedabad,/mothers-day/gifts-to-ahmedabad
Mothers Day,Mothers Day Gift By City, Mothers Day Gifts to Bangalore,/mothers-day/gifts-to-bangalore
Mothers Day,Mothers Day Gift By City, Mothers Day Gifts to Chennai,/mothers-day/gifts-to-chennai
Mothers Day,Mothers Day Gift By City, Mothers Day Gifts to Delhi,/mothers-day/gifts-to-delhi
Mothers Day,Mothers Day Gift By City, Mothers Day Gifts to Gurgaon,/mothers-day/gifts-to-gurgaon
Mothers Day,Mothers Day Gift By City, Mothers Day Gifts to Hyderabad,/mothers-day/gifts-to-hyderabad
Mothers Day,Mothers Day Gift By City, Mothers Day Gifts to Mumbai,/mothers-day/gifts-to-mumbai
Mothers Day,Mothers Day Gift By City, Mothers Day Gifts to Noida,/mothers-day/gifts-to-noida
Mothers Day,Mothers Day Gift By City, Mothers Day Gifts to Pune,/mothers-day/gifts-to-pune
Fathers Day,Fathers Day Gifts,Fathers Day Gifts,/fathers-day/gifts
Fathers Day,Fathers Day Gifts, Fathers Day Plants,/fathers-day/plants
Fathers Day,Fathers Day Gifts, Fathers Day Personalized Gifts,/fathers-day/personalized-gifts
Fathers Day,Fathers Day Gifts, Fathers Day Personalized Mugs,/fathers-day/personalized-mugs
Fathers Day,Fathers Day Gifts, Fathers Day Gift Hampers,/fathers-day/gift-hampers
Fathers Day,Fathers Day Gifts, Fathers Day Leather Gifts,/fathers-day/leather-gifts
Fathers Day,Fathers Day Flowers, Fathers Day Flowers,/fathers-day/flowers
Fathers Day,Fathers Day Flowers, Fathers Day Flowers With Cake,/fathers-day/flowers-with-cake
Fathers Day,Fathers Day Flowers, Fathers Day Flower Bouquets,/fathers-day/flower-bouquets
Fathers Day,Fathers Day Cakes, Fathers Day Cakes,/fathers-day/cakes
Friendship Day,Friendship Day Gifts,Friendship Day Gifts,/friendship-day/gifts
Friendship Day,Friendship Day Gifts, Friendship Band,/friendship-band
Friendship Day,Friendship Day Flowers, Friendship Day Flowers,/friendship-day/flowers
Womens Day,Womens Day Gifts,Womens Day Gifts Online,/womens-day/gifts
Womens Day,Womens Day Gifts By City,Womens Day Gifts to Pune,/womens-day/gifts-to-pune
Womens Day,Womens Day Gifts By City,Womens Day Gifts to Mumbai,/womens-day/gifts-to-mumbai
Womens Day,Womens Day Gifts By City,Womens Day Gifts to Kolkata,/womens-day/gifts-to-kolkata
Womens Day,Womens Day Gifts By City,Womens Day Gifts to Hyderabad,/womens-day/gifts-to-hyderabad
Womens Day,Womens Day Gifts By City,Womens Day Gifts to Delhi,/womens-day/gifts-to-delhi
Womens Day,Womens Day Gifts By City,Womens Day Gifts to Chennai,/womens-day/gifts-to-chennai
Womens Day,Womens Day Gifts By City,Womens Day Gifts to Bangalore,/womens-day/gifts-to-bangalore
Womens Day,Womens Day Gifts By City,Womens Day Gifts to Ahmedabad,/womens-day/gifts-to-ahmedabad
Womens Day,Womens Day Flowers,Womens Day Flowers,/womens-day/flowers
Womens Day,Womens Day Flowers By City,Womens Day Flowers to Pune,/womens-day/flowers-to-pune
Womens Day,Womens Day Flowers By City,Womens Day Flowers to Mumbai,/womens-day/flowers-to-mumbai
Womens Day,Womens Day Flowers By City,Womens Day Flowers to Kolkata,/womens-day/flowers-to-kolkata
Womens Day,Womens Day Flowers By City,Womens Day Flowers to Hyderabad,/womens-day/flowers-to-hyderabad
Womens Day,Womens Day Flowers By City,Womens Day Flowers to Delhi,/womens-day/flowers-to-delhi
Womens Day,Womens Day Flowers By City,Womens Day Flowers to Chennai,/womens-day/flowers-to-chennai
Womens Day,Womens Day Flowers By City,Womens Day Flowers to Bangalore,/womens-day/flowers-to-bangalore
Womens Day,Womens Day Flowers By City,Womens Day Flowers to Ahmedabad,/womens-day/flowers-to-ahmedabad
Womens Day,Womens Day Cake,Womens Day Cake,/womens-day/cakes
Christmas,Christmas Gifts,Christmas Gifts,/christmas/gifts
Christmas,Christmas Gifts,Christmas Home Decor,/christmas/home-decor
Christmas,Christmas Gifts,Christmas Gift Hampers,/christmas/gift-hampers
Christmas,Christmas Gifts,Christmas Personalized Gifts,/christmas/personalized-gifts
Christmas,Christmas Gifts,Christmas Tree,/christmas-tree
Christmas,Christmas Cakes,Christmas Cakes,/christmas/cakes
Christmas,Christmas Cakes,Christmas Plum Cakes,/christmas/plum-cakes
Christmas,Christmas Gift by Relation,Christmas Gifts for Boyfriend,/christmas/gifts-for-boyfriend
Christmas,Christmas Gift by Relation,Christmas Gifts for Girlfriend,/christmas/gifts-for-girlfriend
Christmas,Christmas Gift by Relation,Christmas Gifts for Husband,/christmas/gifts-for-husband
Christmas,Christmas Gift by Relation,Christmas Gifts for Wife,/christmas/gifts-for-wife
New Year,New Year Gifts,New Year Gifts Online,/new-year/gifts
New Year,New Year Gifts,New Year Personalized Gifts,/new-year/personalized-gifts
New Year,Flowers & Combos,New Year Flowers,/new-year/flowers
New Year,Flowers & Combos,New Year Flower Bouquets,/new-year/flower-bouquets
New Year,Flowers & Combos,New Year Flowers with Cake,/new-year/flowers-with-cake
New Year,Flowers & Combos,New Year Flowers with Chocolates,/new-year/flowers-with-chocolates
New Year,Flowers & Combos,New Year Flowers with Sweet,/new-year/flowers-with-sweets
New Year,Flowers & Combos,New Year Flowers with Greeting Card,/new-year/flowers-with-greeting-card
New Year,Cakes,New Year Cakes,/new-year/cakes
Holi,Holi Gifts,Holi Gifts,/holi/gifts
Delivery Service,Gifts Deivery Service,Midnight Delivery,/mid-night-delivery
Delivery Service,Gifts Deivery Service,Same Day Delivery,/same-day-delivery
International,Gifts By Country,Gifts to USA,/usa/gifts
International,Gifts By Country,Gifts to UK,/uk/gifts
International,Gifts By Country,Gifts to Canada,/canada/gifts
International,Gifts By Country,Gifts to Australia,/australia/gifts
International,Gifts By Country,Gifts to UAE,/uae/gifts
International,Gifts By Country,Gifts to Singapore,/singapore/gifts
International,Gifts By Country,Gifts to Germany,/germany/gifts
International,Gifts By Country,Gifts to New Zealand,/new-zealand/gifts
International,Gifts By Country,Gifts to Malaysai,/malaysia/gifts
International,Gifts By Occasion,Diwali Gifts to USA,/diwali/gifts-to-usa
International,Gifts By Occasion,Diwali Gifts to UK,/diwali/gifts-to-uk
International,Gifts By Occasion,Diwali Gifts to Australia,/diwali/gifts-to-australia
International,Gifts By Occasion,Diwali Gifts to Canada,/diwali/gifts-to-canada
International,Gifts By Occasion,Diwali Gifts to Singapore,/diwali/gifts-to-singapore
International,Gifts By Occasion,Diwali Gifts to UAE,/diwali/gifts-to-uae
International,Gifts By Occasion,Bhai Dooj Gifts to USA,/bhai-dooj/gifts-to-usa
International,Gifts By Occasion,Bhai Dooj Gifts to UK,/bhai-dooj/gifts-to-uk
International,Gifts By Occasion,Bhai Dooj Gifts to Canada,/bhai-dooj/gifts-to-canada
International,Gifts By Occasion,Bhai Dooj Gifts to Australia,/bhai-dooj/gifts-to-australia
International,Gifts By Occasion,Bhai Dooj Gifts to UAE,/bhai-dooj/gifts-to-uae
International,Gifts By Occasion,Bhai Dooj Gifts to Singapore,/bhai-dooj/gifts-to-singapore
International,Gifts By Occasion,Valentines Day Gifts to USA,/valentines-day/gifts-to-usa
International,Gifts By Occasion,Valentines Day Gifts to Canada,/valentines-day/gifts-to-canada
International,Gifts By Occasion,Valentines Day Gifts to Australia,/valentines-day/gifts-to-australia
International,Gifts By Occasion,Valentines Day Gifts to UK,/valentines-day/gifts-to-uk
International,Gifts By Occasion,Valentines Day Gifts to UAE,/valentines-day/gifts-to-uae
International,Gifts By Occasion,Valentines Day Gifts to Singapore,/valentines-day/gifts-to-singapore
International,Gifts By Occasion,Valentines Day Gifts to Germany,/valentines-day/gifts-to-germany
International,Gifts By Occasion,Valentines Day Gifts to Malaysia,/valentines-day/gifts-to-malaysia
Others Links, Other Links, Congratulations Flowers,/congratulations/flowers
Others Links, Other Links, Get Well Soon Flowers,/get-well-soon/flowers
Others Links, Other Links, Thank You Flowers,/thank-you/flowers
Others Links, Other Links, Sympathy Flowers,/sympathy/flowers
Others Links, Other Links, Sorry Flowers,/sorry/flowers
Others Links, Other Links, Missing You Flowers,/missing-you/flowers
Others Links, Other Links, Good Luck Flowers,/good-luck/flowers
Others Links, Other Links,Baby Shower Gifts,/baby-shower/gifts
Others Links, Other Links,Best Offer,/best-offers
Others Links, Other Links,Corporate Gifting ,/corporate
